experiment,position,group,depth,variant,wall_ms,cpu_ms,wall_ratio,added_ms,nodes,node_ratio,extra_nodes,entries,hits,hit_per_node,cutoffs,leaves,capacity,evictions,replacements,reachable_tt_bytes,traced_current_bytes,traced_peak_bytes,rss_before_bytes,rss_retained_bytes,rss_high_water_bytes
A,empty,phase3a,4,baseline,0.8004999253898859,0.8009999999999406,1.0,0.0,594,1.0,0,143,15,0.025252525252525252,71,436,,0,,31256,33256,36312,44367872,44367872,44367872
A,empty,phase3a,4,packed-key,0.8158751297742128,0.8160000000000389,1.0192070028948952,0.015375204384326935,594,1.0,0,143,15,0.025252525252525252,71,436,,0,,20956,22504,25520,44531712,44531712,44531712
A,empty,phase3a,4,packed-entry,0.83754095248878,0.8390000000000342,1.0462723679591266,0.03704102709889412,594,1.0,0,143,15,0.025252525252525252,71,436,,0,,14302,16648,19704,44072960,44072960,44072960
A,empty,phase3a,6,baseline,7.2469578590244055,7.246000000000086,1.0,0.0,5052,1.0,0,1447,396,0.07838479809976247,914,3209,,0,,340624,347844,372792,44253184,44384256,44384256
A,empty,phase3a,6,packed-key,7.424625102430582,7.403999999999966,1.024516113776615,0.17766724340617657,5052,1.0,0,1447,396,0.07838479809976247,914,3209,,0,,228184,229860,260992,44285952,44285952,44285952
A,empty,phase3a,6,packed-entry,7.708166027441621,7.701999999999987,1.0636416241668754,0.46120816841721535,5052,1.0,0,1447,396,0.07838479809976247,914,3209,,0,,164226,170308,204832,44220416,44220416,44220416
A,empty,phase3a,8,baseline,46.04625003412366,45.995000000000005,1.0,0.0,29425,1.0,0,8400,2725,0.09260832625318606,5639,17534,,0,,1880616,1918508,1921408,44302336,46104576,46104576
A,empty,phase3a,8,packed-key,46.4600829873234,46.42800000000014,1.0089873323645913,0.4138329531997442,29425,1.0,0,8400,2725,0.09260832625318606,5639,17534,,0,,1217196,1225260,1228224,44580864,45694976,45694976
A,empty,phase3a,8,packed-entry,48.148333095014095,48.07499999999987,1.0456515581471377,2.102083060890436,29425,1.0,0,8400,2725,0.09260832625318606,5639,17534,,0,,834050,863980,867328,44351488,44957696,44957696
A,empty,phase3a,10,baseline,209.61929112672806,209.46700000000007,1.0,0.0,128308,1.0,0,38395,15828,0.12335941640427721,27477,68511,,0,,8659808,8821316,8824440,44384256,54149120,54149120
A,empty,phase3a,10,packed-key,209.7110419999808,209.62700000000024,1.0004377024307236,0.09175087325274944,128308,1.0,0,38395,15828,0.12335941640427721,27477,68511,,0,,5583652,5624708,5627864,44351488,51003392,51003392
A,empty,phase3a,10,packed-entry,218.66254205815494,218.5600000000001,1.0431413105292855,9.043250931426883,128308,1.0,0,38395,15828,0.12335941640427721,27477,68511,,0,,3800282,3937252,3940824,44335104,49299456,49299456
A,near-opening,phase3a,4,baseline,0.8870000019669533,0.8870000000023026,1.0,0.0,569,1.0,0,155,19,0.033391915641476276,91,383,,0,,36492,38600,41140,44498944,44498944,44498944
A,near-opening,phase3a,4,packed-key,0.9051249362528324,0.9049999999994895,1.0204339732194887,0.018124934285879135,569,1.0,0,155,19,0.033391915641476276,91,383,,0,,23660,25064,27668,44187648,44187648,44433408
A,near-opening,phase3a,4,packed-entry,0.9262498933821917,0.9270000000007883,1.0442501593328077,0.03924989141523838,569,1.0,0,155,19,0.033391915641476276,91,383,,0,,15846,18632,21448,44302336,44302336,44302336
A,near-opening,phase3a,6,baseline,6.88216695562005,6.882000000000943,1.0,0.0,4258,1.0,0,1186,394,0.09253170502583373,806,2516,,0,,269308,276612,279144,44269568,44367872,44367872
A,near-opening,phase3a,6,packed-key,6.949041970074177,6.93899999999914,1.0097171450337332,0.06687501445412636,4258,1.0,0,1186,394,0.09253170502583373,806,2516,,0,,172976,175684,178472,44531712,44531712,44531712
A,near-opening,phase3a,6,packed-entry,7.249332964420319,7.248000000000587,1.0533503489769942,0.3671660088002682,4258,1.0,0,1186,394,0.09253170502583373,806,2516,,0,,117042,123716,126920,44335104,44335104,44335104
A,near-opening,phase3a,8,baseline,39.54949998296797,39.545000000000385,1.0,0.0,24054,1.0,0,6699,2903,0.12068678806019789,4939,13224,,0,,1612028,1643012,1645896,44498944,45891584,45891584
A,near-opening,phase3a,8,packed-key,39.74916599690914,39.73400000000282,1.0050485091853791,0.19966601394116879,24054,1.0,0,6699,2903,0.12068678806019789,4939,13224,,0,,1065352,1076612,1082368,44335104,45236224,45236224
A,near-opening,phase3a,8,packed-entry,41.435749968513846,41.422000000000736,1.0476933965374577,1.8862499855458736,24054,1.0,0,6699,2903,0.12068678806019789,4939,13224,,0,,741678,768484,833216,44154880,44679168,44679168
A,near-opening,phase3a,10,baseline,168.58095885254443,168.4739999999998,1.0,0.0,99441,1.0,0,28999,14340,0.1442061121670136,22095,49039,,0,,7073368,7199972,7203144,44056576,52117504,52117504
A,near-opening,phase3a,10,packed-key,169.58566708490252,169.48000000000008,1.0059597966413094,1.004708232358098,99441,1.0,0,28999,14340,0.1442061121670136,22095,49039,,0,,4687584,4739716,4743144,44367872,49938432,49938432
A,near-opening,phase3a,10,packed-entry,176.4316251501441,176.35199999999784,1.0465691164116973,7.850666297599673,99441,1.0,0,28999,14340,0.1442061121670136,22095,49039,,0,,3244654,3356100,3444776,44564480,48775168,48775168
A,midgame,phase3a,4,baseline,0.5308329127728939,0.5300000000048044,1.0,0.0,339,1.0,0,81,0,0.0,37,184,,0,,20272,22560,25264,44580864,44580864,44580864
A,midgame,phase3a,4,packed-key,0.5305421072989702,0.5300000000048044,0.9994521713576413,-0.00029080547392368317,339,1.0,0,81,0,0.0,37,184,,0,,13876,16192,18928,44367872,44367872,44367872
A,midgame,phase3a,4,packed-entry,0.549249816685915,0.549000000006572,1.034694351970034,0.018416903913021088,339,1.0,0,81,0,0.0,37,184,,0,,8446,11008,14000,44531712,44531712,44843008
A,midgame,phase3a,6,baseline,1.9088329281657934,1.908999999997718,1.0,0.0,1166,1.0,0,333,61,0.05231560891938251,167,492,,0,,79764,83188,86120,44367872,44384256,44384256
A,midgame,phase3a,6,packed-key,1.9260840490460396,1.9259999999974298,1.0090375226797994,0.017251120880246162,1166,1.0,0,333,61,0.05231560891938251,167,492,,0,,54292,57716,60680,44302336,44302336,44302336
A,midgame,phase3a,6,packed-entry,1.9997910130769014,2.0009999999999195,1.0476511503804107,0.09095808491110802,1166,1.0,0,333,61,0.05231560891938251,167,492,,0,,32622,36404,39752,44384256,44384256,44384256
A,midgame,phase3a,8,baseline,4.685875028371811,4.685999999999524,1.0,0.0,2784,1.0,0,880,284,0.10201149425287356,452,948,,0,,219488,224964,228120,44187648,44204032,44204032
A,midgame,phase3a,8,packed-key,4.769499879330397,4.768999999996026,1.0178461547634663,0.08362485095858574,2784,1.0,0,880,284,0.10201149425287356,452,948,,0,,153668,159172,162360,44531712,44531712,44531712
A,midgame,phase3a,8,packed-entry,4.9734588246792555,4.972000000002197,1.06137248530236,0.2875837963074446,2784,1.0,0,880,284,0.10201149425287356,452,948,,0,,97410,103428,110912,44318720,44318720,44630016
A,midgame,phase3a,10,baseline,9.474833030253649,9.461999999999193,1.0,0.0,5389,1.0,0,1881,700,0.12989422898496938,993,1543,,0,,458776,467676,470984,44417024,44679168,44679168
A,midgame,phase3a,10,packed-key,9.67129203490913,9.647999999998547,1.0207348249861687,0.19645900465548038,5389,1.0,0,1881,700,0.12989422898496938,993,1543,,0,,319576,328404,331848,44318720,44417024,44417024
A,midgame,phase3a,10,packed-entry,10.080042062327266,10.069000000001438,1.0638754297981983,0.605209032073617,5389,1.0,0,1881,700,0.12989422898496938,993,1543,,0,,201914,211828,215912,44302336,44335104,44335104
A,midgame-wide,phase3a,4,baseline,1.182790845632553,1.183000000004597,1.0,0.0,726,1.0,0,169,25,0.03443526170798898,100,494,,0,,40636,41880,44424,44236800,44236800,44236800
A,midgame-wide,phase3a,4,packed-key,1.1749591212719679,1.1749999999963734,0.9933786058714406,-0.007831724360585213,726,1.0,0,169,25,0.03443526170798898,100,494,,0,,26012,27256,29864,44498944,44498944,44498944
A,midgame-wide,phase3a,4,packed-entry,1.2199168559163809,1.218999999998971,1.0313884829434683,0.03712601028382778,726,1.0,0,169,25,0.03443526170798898,100,494,,0,,16742,19320,22120,44253184,44253184,44253184
A,midgame-wide,phase3a,6,baseline,5.23991696536541,5.2400000000005775,1.0,0.0,3036,1.0,0,830,242,0.07971014492753623,582,1577,,0,,212004,215724,218304,44548096,44580864,44580864
A,midgame-wide,phase3a,6,packed-key,5.267750006169081,5.268000000000939,1.0053117331796746,0.027833040803670883,3036,1.0,0,830,242,0.07971014492753623,582,1577,,0,,142308,145956,148664,44367872,44367872,44367872
A,midgame-wide,phase3a,6,packed-entry,5.5217500776052475,5.519999999997083,1.0537857973900515,0.28183311223983765,3036,1.0,0,830,242,0.07971014492753623,582,1577,,0,,93646,98724,109840,44335104,44335104,44335104
A,midgame-wide,phase3a,8,baseline,14.865541830658913,14.853000000002226,1.0,0.0,8069,1.0,0,2682,796,0.09864915107200396,1950,3203,,0,,637768,647108,649864,44613632,45056000,45056000
A,midgame-wide,phase3a,8,packed-key,14.938791049644351,14.928000000004715,1.0049274503290804,0.07324921898543835,8069,1.0,0,2682,796,0.09864915107200396,1950,3203,,0,,410440,419708,422600,44449792,44630016,44630016
A,midgame-wide,phase3a,8,packed-entry,15.565542038530111,15.554999999999097,1.0470887785891199,0.7000002078711987,8069,1.0,0,2682,796,0.09864915107200396,1950,3203,,0,,254562,266524,269864,44253184,44318720,44318720
A,midgame-wide,phase3a,10,baseline,36.246208008378744,36.23400000000032,1.0,0.0,19097,1.0,0,6730,2759,0.14447295386709955,5110,5850,,0,,1711592,1733892,1736648,44580864,46186496,46186496
A,midgame-wide,phase3a,10,packed-key,36.44683305174112,36.41299999999603,1.0055350629593032,0.20062504336237907,19097,1.0,0,6730,2759,0.14447295386709955,5110,5850,,0,,1143336,1165564,1168456,44285952,45285376,45285376
A,midgame-wide,phase3a,10,packed-entry,38.37845800444484,38.32299999999833,1.0588268432265575,2.1322499960660934,19097,1.0,0,6730,2759,0.14447295386709955,5110,5850,,0,,748602,776348,836400,44285952,44924928,44924928
A,late,phase3a,4,baseline,0.0838330015540123,0.08400000000108321,1.0,0.0,41,1.0,0,20,3,0.07317073170731707,4,18,,0,,5516,6904,9512,44433408,44433408,44433408
A,late,phase3a,4,packed-key,0.08433312177658081,0.08400000000108321,1.0059656723879353,0.000500120222568512,41,1.0,0,20,3,0.07317073170731707,4,18,,0,,3856,5272,7944,44367872,44367872,44367872
A,late,phase3a,4,packed-entry,0.08741696365177631,0.0879999999980896,1.042751208131978,0.003583962097764015,41,1.0,0,20,3,0.07317073170731707,4,18,,0,,2610,4344,7176,44351488,44351488,44351488
A,late,phase3a,6,baseline,0.22612488828599453,0.22599999999783904,1.0,0.0,119,1.0,0,63,6,0.05042016806722689,18,47,,0,,15424,16816,19552,44351488,44351488,44351488
A,late,phase3a,6,packed-key,0.2278340980410576,0.2270000000024197,1.0075586980629099,0.001709209755063057,119,1.0,0,63,6,0.05042016806722689,18,47,,0,,10464,11856,14656,44630016,44630016,44630016
A,late,phase3a,6,packed-entry,0.238833948969841,0.23900000000054433,1.0562037234387598,0.012709060683846474,119,1.0,0,63,6,0.05042016806722689,18,47,,0,,6970,8880,12032,44285952,44285952,44285952
A,late,phase3a,8,baseline,0.5715829320251942,0.5719999999982406,1.0,0.0,276,1.0,0,166,11,0.03985507246376811,72,70,,0,,37568,39296,42128,44285952,44285952,44285952
A,late,phase3a,8,packed-key,0.5567499902099371,0.5570000000005848,0.9740493618962659,-0.014832941815257072,276,1.0,0,166,11,0.03985507246376811,72,70,,0,,24524,26336,29232,44171264,44171264,44171264
A,late,phase3a,8,packed-entry,0.5978750996291637,0.5979999999965457,1.045998867584819,0.026292167603969574,276,1.0,0,166,11,0.03985507246376811,72,70,,0,,15222,17536,20944,44482560,44482560,44482560
A,late,phase3a,10,baseline,1.0835418943315744,1.0830000000012774,1.0,0.0,506,1.0,0,328,22,0.043478260869565216,166,78,,0,,73656,76308,79268,44318720,44318720,44318720
A,late,phase3a,10,packed-key,1.082083908841014,1.0809999999992215,0.9986544262864335,-0.0014579854905605316,506,1.0,0,328,22,0.043478260869565216,166,78,,0,,48648,51412,54436,44318720,44318720,44318720
A,late,phase3a,10,packed-entry,1.144916983321309,1.145999999998537,1.0566430235054236,0.06137508898973465,506,1.0,0,328,22,0.043478260869565216,166,78,,0,,28978,32180,35780,44384256,44400640,45268992
A,immediate-win,phase3a,4,baseline,0.5282498896121979,0.5290000000002237,1.0,0.0,316,1.0,0,101,25,0.07911392405063292,81,153,,0,,26386,28496,30968,44597248,44597248,44597248
A,immediate-win,phase3a,4,packed-key,0.5313751753419638,0.5310000000022796,1.0059163017186057,0.003125285729765892,316,1.0,0,101,25,0.07911392405063292,81,153,,0,,17682,19248,22128,44154880,44154880,44154880
A,immediate-win,phase3a,4,packed-entry,0.561125110834837,0.5609999999975912,1.062234222607739,0.032875221222639084,316,1.0,0,101,25,0.07911392405063292,81,153,,0,,12146,14512,18192,44335104,44335104,44335104
A,immediate-win,phase3a,6,baseline,3.240792080760002,3.233999999999071,1.0,0.0,2015,1.0,0,569,212,0.10521091811414392,412,1155,,0,,130040,134724,137488,44269568,44269568,44269568
A,immediate-win,phase3a,6,packed-key,3.2480419613420963,3.2470000000017762,1.002237070568376,0.0072498805820941925,2015,1.0,0,569,212,0.10521091811414392,412,1155,,0,,83732,85668,88592,44269568,44269568,44269568
A,immediate-win,phase3a,6,packed-entry,3.393166931346059,3.3870000000035816,1.0470177804650531,0.1523748505860567,2015,1.0,0,569,212,0.10521091811414392,412,1155,,0,,57346,61060,64336,44367872,44384256,44384256
A,immediate-win,phase3a,8,baseline,20.40266594849527,20.39800000000014,1.0,0.0,12470,1.0,0,3636,1470,0.11788291900561347,2697,6857,,0,,850896,870708,873476,44302336,44892160,44892160
A,immediate-win,phase3a,8,packed-key,20.660625072196126,20.6450000000018,1.0126434027960882,0.25795912370085716,12470,1.0,0,3636,1470,0.11788291900561347,2697,6857,,0,,557380,562836,565764,44302336,44564480,44564480
A,immediate-win,phase3a,8,packed-entry,21.517999935895205,21.50400000000019,1.0546660907067487,1.1153339873999357,12470,1.0,0,3636,1470,0.11788291900561347,2697,6857,,0,,387822,402420,416200,44072960,44367872,44367872
A,immediate-win,phase3a,10,baseline,101.18600004352629,101.15799999999808,1.0,0.0,59934,1.0,0,18565,8028,0.13394734207628392,14178,30391,,0,,4192216,4279908,4283640,44253184,48709632,48709632
A,immediate-win,phase3a,10,packed-key,101.86295886524022,101.76400000000285,1.0066902419447623,0.6769588217139244,59934,1.0,0,18565,8028,0.13394734207628392,14178,30391,,0,,2687744,2712364,2716184,44285952,47251456,47251456
A,immediate-win,phase3a,10,packed-entry,106.21791705489159,106.1639999999997,1.049729379649366,5.0319170113652945,59934,1.0,0,18565,8028,0.13394734207628392,14178,30391,,0,,1816354,1886316,1890488,44285952,46333952,46333952
A,forced-reply,phase3a,4,baseline,0.5369579885154963,0.537000000001342,1.0,0.0,345,1.0,0,92,0,0.0,52,211,,0,,24308,26768,30424,44564480,44564480,44564480
A,forced-reply,phase3a,4,packed-key,0.5417091306298971,0.542000000002929,1.0088482566905022,0.004751142114400864,345,1.0,0,92,0,0.0,52,211,,0,,17192,19312,23320,44253184,44253184,44253184
A,forced-reply,phase3a,4,packed-entry,0.5588748026639223,0.5590000000026407,1.0408166274032322,0.021916814148426056,345,1.0,0,92,0,0.0,52,211,,0,,11590,14064,18552,44564480,44564480,44564480
A,forced-reply,phase3a,6,baseline,2.540375106036663,2.540999999993687,1.0,0.0,1540,1.0,0,479,85,0.05519480519480519,315,815,,0,,114648,119428,122124,44335104,44335104,44335104
A,forced-reply,phase3a,6,packed-key,2.5814578402787447,2.5809999999992783,1.0161719165584866,0.04108273424208164,1540,1.0,0,479,85,0.05519480519480519,315,815,,0,,76752,79460,82220,44089344,44089344,44089344
A,forced-reply,phase3a,6,packed-entry,2.662917133420706,2.6620000000008304,1.0482377689392592,0.12254202738404274,1540,1.0,0,479,85,0.05519480519480519,315,815,,0,,51394,55108,58188,44597248,44597248,44597248
A,forced-reply,phase3a,8,baseline,14.06329101882875,14.036999999994748,1.0,0.0,8293,1.0,0,2663,632,0.07620885083805619,1865,4384,,0,,593424,610788,613484,44171264,44580864,44580864
A,forced-reply,phase3a,8,packed-key,14.015000080689788,14.009999999998968,0.9965661708860104,-0.04829093813896179,8293,1.0,0,2663,632,0.07620885083805619,1865,4384,,0,,381724,387396,390156,44367872,44531712,44531712
A,forced-reply,phase3a,8,packed-entry,14.658416854217649,14.635000000005505,1.0423176790263466,0.5951258353888988,8293,1.0,0,2663,632,0.07620885083805619,1865,4384,,0,,248622,259556,262636,44105728,44154880,44154880
A,forced-reply,phase3a,10,baseline,52.70812497474253,52.66100000000051,1.0,0.0,30407,1.0,0,10297,3522,0.11582859210050317,7563,13904,,0,,2307076,2368116,2370812,44220416,46383104,46383104
A,forced-reply,phase3a,10,packed-key,53.14637487754226,53.06699999999864,1.0083146555300484,0.43824990279972553,30407,1.0,0,10297,3522,0.11582859210050317,7563,13904,,0,,1487648,1506356,1509116,44384256,45678592,45678592
A,forced-reply,phase3a,10,packed-entry,55.50400004722178,55.43999999999727,1.053044479837198,2.795875072479248,30407,1.0,0,10297,3522,0.11582859210050317,7563,13904,,0,,967722,1006132,1009212,44269568,45039616,45039616
A,double-threat-loss,phase3a,4,baseline,0.18762494437396526,0.18800000000140926,1.0,0.0,81,1.0,0,38,0,0.0,32,0,,0,,10470,12568,15100,44318720,44318720,44318720
A,double-threat-loss,phase3a,4,packed-key,0.1890838611871004,0.1889999999988845,1.007775708171443,0.001458916813135147,81,1.0,0,38,0,0.0,32,0,,0,,7022,9112,11708,44154880,44154880,44154880
A,double-threat-loss,phase3a,4,packed-entry,0.1959581859409809,0.19599999999542206,1.0444143586281696,0.008333241567015648,81,1.0,0,38,0,0.0,32,0,,0,,4426,6680,9468,44253184,44253184,44335104
A,double-threat-loss,phase3a,6,baseline,0.19254186190664768,0.1920000000055211,1.0,0.0,81,1.0,0,38,0,0.0,32,0,,0,,10498,12568,15100,44384256,44384256,44384256
A,double-threat-loss,phase3a,6,packed-key,0.19020820036530495,0.19100000000094042,0.9878797186324385,-0.0023336615413427353,81,1.0,0,38,0,0.0,32,0,,0,,7022,9112,11708,44335104,44335104,44335104
A,double-threat-loss,phase3a,6,packed-entry,0.201165908947587,0.20099999999700913,1.0447905040261876,0.008624047040939331,81,1.0,0,38,0,0.0,32,0,,0,,4426,6680,9468,44138496,44138496,44138496
A,double-threat-loss,phase3a,8,baseline,0.1949579454958439,0.19499999999794682,1.0,0.0,81,1.0,0,38,0,0.0,32,0,,0,,10470,12568,15100,44318720,44318720,44318720
A,double-threat-loss,phase3a,8,packed-key,0.1962499227374792,0.19600000000252749,1.0066269535122017,0.0012919772416353226,81,1.0,0,38,0,0.0,32,0,,0,,7022,9112,11708,44236800,44236800,44236800
A,double-threat-loss,phase3a,8,packed-entry,0.1998329535126686,0.19999999999953388,1.025005433886913,0.004875008016824722,81,1.0,0,38,0,0.0,32,0,,0,,4426,6680,9468,44515328,44515328,44515328
A,double-threat-loss,phase3a,10,baseline,0.18991692923009396,0.1889999999988845,1.0,0.0,81,1.0,0,38,0,0.0,32,0,,0,,10498,12568,15100,44318720,44318720,44318720
A,double-threat-loss,phase3a,10,packed-key,0.19162497483193874,0.19100000000094042,1.0089936458469977,0.0017080456018447876,81,1.0,0,38,0,0.0,32,0,,0,,7022,9112,11708,44482560,44482560,44482560
A,double-threat-loss,phase3a,10,packed-entry,0.19533303566277027,0.19600000000252749,1.0285182919428653,0.005416106432676315,81,1.0,0,38,0,0.0,32,0,,0,,4426,6680,9468,44597248,44597248,44597248
A,dense-endgame,phase3a,4,baseline,0.02054101787507534,0.019999999999242846,1.0,0.0,4,1.0,0,3,0,0.0,0,0,,0,,1572,2992,5592,44580864,44580864,44580864
A,dense-endgame,phase3a,4,packed-key,0.02037500962615013,0.019999999999242846,0.991918207270213,-0.00016600824892520905,4,1.0,0,3,0,0.0,0,0,,0,,1264,2768,5368,44318720,44318720,44318720
A,dense-endgame,phase3a,4,packed-entry,0.020832987502217293,0.021000000003823516,1.0142139804812804,0.0002919696271419525,4,1.0,0,3,0,0.0,0,0,,0,,1018,2576,5336,44105728,44105728,44105728
A,dense-endgame,phase3a,6,baseline,0.021792016923427582,0.02199999999419333,1.0,0.0,4,1.0,0,3,0,0.0,0,0,,0,,1572,2992,5592,44285952,44285952,44285952
A,dense-endgame,phase3a,6,packed-key,0.02208305522799492,0.02200000000129876,1.0133552715928031,0.00029103830456733704,4,1.0,0,3,0,0.0,0,0,,0,,1264,2768,5368,44138496,44138496,44138496
A,dense-endgame,phase3a,6,packed-entry,0.02233288250863552,0.022999999998774,1.0248194367280652,0.0005408655852079391,4,1.0,0,3,0,0.0,0,0,,0,,1018,2576,5336,44318720,44318720,44318720
A,dense-endgame,phase3a,8,baseline,0.02191588282585144,0.02200000000129876,1.0,0.0,4,1.0,0,3,0,0.0,0,0,,0,,1572,2992,5592,44498944,44498944,44498944
A,dense-endgame,phase3a,8,packed-key,0.02166605554521084,0.02200000000129876,0.9886006289308176,-0.0002498272806406021,4,1.0,0,3,0,0.0,0,0,,0,,1264,2768,5368,44351488,44351488,44351488
A,dense-endgame,phase3a,8,packed-entry,0.02229190431535244,0.02200000000129876,1.0171574876763556,0.00037602148950099945,4,1.0,0,3,0,0.0,0,0,,0,,1018,2576,5336,44220416,44220416,44220416
A,dense-endgame,phase3a,10,baseline,0.02195802517235279,0.02200000000129876,1.0,0.0,4,1.0,0,3,0,0.0,0,0,,0,,1600,2992,5592,44384256,44384256,44384256
A,dense-endgame,phase3a,10,packed-key,0.022209016606211662,0.022999999998774,1.0114305103436576,0.00025099143385887146,4,1.0,0,3,0,0.0,0,0,,0,,1264,2768,5368,44400640,44400640,44400640
A,dense-endgame,phase3a,10,packed-entry,0.02229120582342148,0.02200000000129876,1.015173525326321,0.00033318065106868744,4,1.0,0,3,0,0.0,0,0,,0,,1018,2576,5336,44056576,44056576,44056576
A,quiet-5,phase3a,4,baseline,0.6304169073700905,0.6300000000010186,1.0,0.0,399,1.0,0,103,13,0.03258145363408521,64,250,,0,,27492,29056,31608,44335104,44335104,44335104
A,quiet-5,phase3a,4,packed-key,0.6335829384624958,0.633999999998025,1.0050221227498688,0.003166031092405319,399,1.0,0,103,13,0.03258145363408521,64,250,,0,,18504,20096,22712,44580864,44580864,44580864
A,quiet-5,phase3a,4,packed-entry,0.6617079488933086,0.6619999999983861,1.0496354732200235,0.031291041523218155,399,1.0,0,103,13,0.03258145363408521,64,250,,0,,12366,15008,18456,44318720,44318720,44318720
A,quiet-5,phase3a,6,baseline,3.737417049705982,3.7370000000009895,1.0,0.0,2255,1.0,0,678,201,0.08913525498891353,490,1065,,0,,163372,166332,169048,44302336,44335104,44335104
A,quiet-5,phase3a,6,packed-key,3.7974168080836535,3.7880000000001246,1.0160538033566233,0.05999975837767124,2255,1.0,0,678,201,0.08913525498891353,490,1065,,0,,104588,107548,110328,44433408,44433408,44433408
A,quiet-5,phase3a,6,packed-entry,3.9528750348836184,3.95300000000276,1.0576489009152954,0.21545798517763615,2255,1.0,0,678,201,0.08913525498891353,490,1065,,0,,65290,70524,73592,44580864,44580864,44580864
A,quiet-5,phase3a,8,baseline,11.578500038012862,11.556999999996265,1.0,0.0,6563,1.0,0,2261,824,0.12555233886941947,1688,2274,,0,,554928,563172,565952,44285952,44646400,44646400
A,quiet-5,phase3a,8,packed-key,11.76024996675551,11.74800000000431,1.0156971911859007,0.18174992874264717,6563,1.0,0,2261,824,0.12555233886941947,1688,2274,,0,,360720,368964,371808,44335104,44482560,44482560
A,quiet-5,phase3a,8,packed-entry,12.34079198911786,12.333000000005256,1.0658368483484348,0.7622919511049986,6563,1.0,0,2261,824,0.12555233886941947,1688,2274,,0,,228230,239748,242976,44318720,44335104,44335104
A,quiet-5,phase3a,10,baseline,20.184624940156937,20.142999999997357,1.0,0.0,10140,1.0,0,4174,1539,0.15177514792899408,3124,2152,,0,,1032336,1047756,1050864,44433408,45268992,45268992
A,quiet-5,phase3a,10,packed-key,20.19075001589954,20.169000000002768,1.000303452541762,0.006125075742602348,10140,1.0,0,4174,1539,0.15177514792899408,3124,2152,,0,,681904,697252,700472,44220416,44630016,44630016
A,quiet-5,phase3a,10,packed-entry,21.305999951437116,21.283000000003938,1.0555559003253623,1.121375011280179,10140,1.0,0,4174,1539,0.15177514792899408,3124,2152,,0,,431462,450372,454104,44613632,44761088,44892160
A,supplement-main-003,phase3a,4,baseline,1.1471251491457224,1.1439999999964812,1.0,0.0,746,1.0,0,158,46,0.06166219839142091,89,540,,0,,37036,38528,41104,44204032,44204032,44204032
A,supplement-main-003,phase3a,4,packed-key,1.1443749535828829,1.1450000000010618,0.9976025322390607,-0.002750195562839508,746,1.0,0,158,46,0.06166219839142091,89,540,,0,,23160,24416,27056,44253184,44253184,44253184
A,supplement-main-003,phase3a,4,packed-entry,1.2084171175956726,1.1980000000022528,1.0534309342756498,0.06129196844995022,746,1.0,0,158,46,0.06166219839142091,89,540,,0,,15462,17504,20368,44236800,44236800,44236800
A,supplement-main-003,phase3a,6,baseline,9.13300015963614,9.128000000004022,1.0,0.0,5647,1.0,0,1422,711,0.12590756153709934,1027,3399,,0,,356068,359732,388744,44302336,44449792,44564480
A,supplement-main-003,phase3a,6,packed-key,9.360875003039837,9.357999999998867,1.0249507105464428,0.227874843403697,5647,1.0,0,1422,711,0.12590756153709934,1027,3399,,0,,232892,235444,269096,44269568,44269568,44269568
A,supplement-main-003,phase3a,6,packed-entry,9.77504183538258,9.763999999996997,1.0702990982726557,0.6420416757464409,5647,1.0,0,1422,711,0.12590756153709934,1027,3399,,0,,165634,171316,207432,44154880,44154880,44154880
A,supplement-main-003,phase3a,8,baseline,42.169874999672174,42.15000000000657,1.0,0.0,24897,1.0,0,7303,4032,0.16194722255693458,5624,12416,,0,,1748580,1762748,1765424,44548096,46071808,46071808
A,supplement-main-003,phase3a,8,packed-key,42.626707814633846,42.59799999999814,1.0108331555397123,0.45683281496167183,24897,1.0,0,7303,4032,0.16194722255693458,5624,12416,,0,,1124108,1134828,1137648,43646976,43663360,43859968
A,supplement-main-003,phase3a,8,packed-entry,44.61345891468227,44.57299999999975,1.0579461977307045,2.4435839150100946,24897,1.0,0,7303,4032,0.16194722255693458,5624,12416,,0,,769198,795244,822048,44056576,44597248,44597248
A,supplement-main-003,phase3a,10,baseline,157.31820813380182,157.1260000000052,1.0,0.0,87810,1.0,0,28395,16340,0.18608358956838628,22427,36833,,0,,7005732,7061724,7064784,44367872,52281344,52281344
A,supplement-main-003,phase3a,10,packed-key,160.2157501038164,159.67700000000207,1.0184183509613214,2.897541970014572,87810,1.0,0,28395,16340,0.18608358956838628,22427,36833,,0,,4600212,4649052,4652176,44318720,49790976,49790976
A,supplement-main-003,phase3a,10,packed-entry,165.34454189240932,165.2209999999883,1.0510197379808761,8.026333758607507,87810,1.0,0,28395,16340,0.18608358956838628,22427,36833,,0,,3170822,3274268,3421792,44367872,48496640,48496640
A,seeded-00,seeded,4,baseline,1.3249160256236792,1.3249999999942474,1.0,0.0,883,1.0,0,173,36,0.04077010192525481,102,648,,0,,45792,47488,54400,44351488,44351488,44351488
A,seeded-00,seeded,4,packed-key,1.3443338684737682,1.3450000000005957,1.0146559045815364,0.019417842850089073,883,1.0,0,173,36,0.04077010192525481,102,648,,0,,31044,32352,39296,44285952,44285952,44285952
A,seeded-00,seeded,4,packed-entry,1.3839169405400753,1.3840000000016062,1.0445318146775548,0.05900091491639614,883,1.0,0,173,36,0.04077010192525481,102,648,,0,,21742,24672,31776,44072960,44072960,44072960
A,seeded-00,seeded,6,baseline,11.262749787420034,11.262999999999579,1.0,0.0,7103,1.0,0,1548,620,0.08728706180487118,1073,4524,,0,,388584,395756,398464,44318720,44498944,44498944
A,seeded-00,seeded,6,packed-key,11.355791939422488,11.346000000003187,1.0082610511428016,0.0930421520024538,7103,1.0,0,1548,620,0.08728706180487118,1073,4524,,0,,258456,262508,279888,44367872,44384256,44384256
A,seeded-00,seeded,6,packed-entry,11.828209040686488,11.82500000000175,1.0502061453853877,0.5654592532664537,7103,1.0,0,1548,620,0.08728706180487118,1073,4524,,0,,178822,187052,214000,44187648,44187648,44662784
A,seeded-00,seeded,8,baseline,56.8142079282552,56.79600000000562,1.0,0.0,35049,1.0,0,8279,3622,0.10334103683414649,6073,20457,,0,,1980012,2014020,2016824,44335104,46120960,46120960
A,seeded-00,seeded,8,packed-key,57.14729195460677,57.11800000000267,1.0058626889029623,0.3330840263515711,35049,1.0,0,8279,3622,0.10334103683414649,6073,20457,,0,,1285364,1304388,1307256,44351488,45498368,45498368
A,seeded-00,seeded,8,packed-entry,59.263709001243114,59.21700000000385,1.0431142343140845,2.449501072987914,35049,1.0,0,8279,3622,0.10334103683414649,6073,20457,,0,,852366,886244,889496,44269568,44892160,44892160
A,seeded-00,seeded,10,baseline,226.28724994137883,226.09100000001092,1.0,0.0,134238,1.0,0,34557,17305,0.12891282647238486,26855,70300,,0,,8359048,8488380,8491304,44040192,53444608,53444608
A,seeded-00,seeded,10,packed-key,229.07545906491578,228.55599999999754,1.0123215476093295,2.7882091235369444,134238,1.0,0,34557,17305,0.12891282647238486,26855,70300,,0,,5447980,5525972,5529032,44466176,50905088,50905088
A,seeded-00,seeded,10,packed-entry,234.51370792463422,234.33199999999488,1.036354049931609,8.226457983255386,134238,1.0,0,34557,17305,0.12891282647238486,26855,70300,,0,,3635898,3771636,3775176,44138496,48824320,48824320
A,seeded-01,seeded,4,baseline,0.26387511752545834,0.26400000000137425,1.0,0.0,126,1.0,0,53,0,0.0,42,31,,0,,14976,16960,19492,44187648,44187648,44187648
A,seeded-01,seeded,4,packed-key,0.2658329904079437,0.2660000000105356,1.0074196949710368,0.0019578728824853897,126,1.0,0,53,0,0.0,42,31,,0,,10208,12192,14788,44466176,44466176,44466176
A,seeded-01,seeded,4,packed-entry,0.2733750734478235,0.27399999999033753,1.0360017117621887,0.009499955922365189,126,1.0,0,53,0,0.0,42,31,,0,,6542,9024,11812,44138496,44138496,44138496
A,seeded-01,seeded,6,baseline,0.8345420937985182,0.8339999999975589,1.0,0.0,443,1.0,0,158,15,0.033860045146726865,113,187,,0,,39376,41536,44068,44548096,44548096,44548096
A,seeded-01,seeded,6,packed-key,0.8542498107999563,0.8540000000039072,1.0236150065381797,0.01970771700143814,443,1.0,0,158,15,0.033860045146726865,113,187,,0,,25876,28064,30660,44400640,44400640,44400640
A,seeded-01,seeded,6,packed-entry,0.8800409268587828,0.8799999999951069,1.0545195184261722,0.04549883306026459,443,1.0,0,158,15,0.033860045146726865,113,187,,0,,16050,19104,21928,44204032,44204032,44204032
A,seeded-01,seeded,8,baseline,3.087082877755165,3.084000000001197,1.0,0.0,1835,1.0,0,568,123,0.0670299727520436,384,910,,0,,137224,140556,143060,44056576,44056576,44056576
A,seeded-01,seeded,8,packed-key,3.0905420426279306,3.090000000000259,1.00112052867051,0.003459164872765541,1835,1.0,0,568,123,0.0670299727520436,384,910,,0,,90376,93708,96276,44351488,44351488,44351488
A,seeded-01,seeded,8,packed-entry,3.2167909666895866,3.21800000000394,1.0420163934920792,0.12970808893442154,1835,1.0,0,568,123,0.0670299727520436,384,910,,0,,56998,61484,64568,44056576,44056576,44056576
A,seeded-01,seeded,10,baseline,9.36941709369421,9.365999999999985,1.0,0.0,5221,1.0,0,1796,691,0.13235012449722275,1291,2033,,0,,440104,446220,448724,44302336,44564480,44564480
A,seeded-01,seeded,10,packed-key,9.471957804635167,9.45399999999097,1.0109441932102659,0.10254071094095707,5221,1.0,0,1796,691,0.13235012449722275,1291,2033,,0,,291976,298092,300660,44269568,44335104,44335104
A,seeded-01,seeded,10,packed-entry,9.917458053678274,9.916000000004033,1.0584925352883379,0.5480409599840641,5221,1.0,0,1796,691,0.13235012449722275,1291,2033,,0,,193614,202412,211520,44187648,44187648,44187648
A,seeded-02,seeded,4,baseline,0.43570902198553085,0.4349999999959664,1.0,0.0,232,1.0,0,93,20,0.08620689655172414,71,42,,0,,26240,28432,31416,44548096,44548096,44548096
A,seeded-02,seeded,4,packed-key,0.4440408665686846,0.4449999999991405,1.0191224972693598,0.008331844583153725,232,1.0,0,93,20,0.08620689655172414,71,42,,0,,17800,20048,23608,44515328,44515328,44515328
A,seeded-02,seeded,4,packed-entry,0.4585408605635166,0.4590000000064265,1.0524015740457722,0.022831838577985764,232,1.0,0,93,20,0.08620689655172414,71,42,,0,,11686,14256,18360,44302336,44302336,44302336
A,seeded-02,seeded,6,baseline,0.9905830956995487,0.9900000000016007,1.0,0.0,527,1.0,0,167,20,0.03795066413662239,108,251,,0,,41484,43576,46224,44007424,44007424,44007424
A,seeded-02,seeded,6,packed-key,1.0132079478353262,1.0130000000003747,1.0228399336047622,0.022624852135777473,527,1.0,0,167,20,0.03795066413662239,108,251,,0,,27344,29464,32176,43991040,43991040,43991040
A,seeded-02,seeded,6,packed-entry,1.046250108629465,1.0460000000023228,1.0561962072355013,0.05566701292991638,527,1.0,0,167,20,0.03795066413662239,108,251,,0,,16718,19768,22744,44056576,44056576,44056576
A,seeded-02,seeded,8,baseline,2.538708969950676,2.529999999993038,1.0,0.0,1328,1.0,0,421,110,0.08283132530120482,269,573,,0,,108696,111804,114424,44040192,44040192,44040192
A,seeded-02,seeded,8,packed-key,2.5194999761879444,2.5189999999923884,0.9924335581627914,-0.019208993762731552,1328,1.0,0,421,110,0.08283132530120482,269,573,,0,,74332,77468,80152,44531712,44548096,44548096
A,seeded-02,seeded,8,packed-entry,2.6855829637497663,2.6730000000014797,1.0578538129173365,0.14687399379909039,1328,1.0,0,421,110,0.08283132530120482,269,573,,0,,47730,51836,58048,44269568,44269568,44269568
A,seeded-02,seeded,10,baseline,4.563333000987768,4.562999999990325,1.0,0.0,2290,1.0,0,835,367,0.16026200873362445,585,516,,0,,215612,221036,223656,44302336,44335104,44335104
A,seeded-02,seeded,10,packed-key,4.654041025787592,4.649999999998045,1.0198775817544303,0.09070802479982376,2290,1.0,0,835,367,0.16026200873362445,585,516,,0,,147588,153068,155920,44285952,44285952,44285952
A,seeded-02,seeded,10,packed-entry,4.805915988981724,4.8019999999979746,1.0531591685159611,0.2425829879939556,2290,1.0,0,835,367,0.16026200873362445,585,516,,0,,94406,100652,111560,44105728,44105728,44105728
A,seeded-03,seeded,4,baseline,0.29324996285140514,0.29299999999921056,1.0,0.0,148,1.0,0,60,0,0.0,46,47,,0,,16392,18416,20956,44417024,44417024,44417024
A,seeded-03,seeded,4,packed-key,0.2960409037768841,0.29600000000584714,1.0095172763138358,0.0027909409254789352,148,1.0,0,60,0,0.0,46,47,,0,,11020,13072,15676,44335104,44335104,44335104
A,seeded-03,seeded,4,packed-entry,0.3090829122811556,0.309000000001447,1.0539913092428022,0.015832949429750443,148,1.0,0,60,0,0.0,46,47,,0,,7018,9424,12220,44400640,44400640,44400640
A,seeded-03,seeded,6,baseline,0.8857909124344587,0.8850000000109048,1.0,0.0,478,1.0,0,185,30,0.06276150627615062,133,188,,0,,48808,50992,55696,44285952,44285952,44285952
A,seeded-03,seeded,6,packed-key,0.8815000765025616,0.881000000006793,0.9951559268991544,-0.004290835931897163,478,1.0,0,185,30,0.06276150627615062,133,188,,0,,33160,35344,40904,44367872,44367872,44367872
A,seeded-03,seeded,6,packed-entry,0.9394579101353884,0.9399999999999409,1.060586530012409,0.05366699770092964,478,1.0,0,185,30,0.06276150627615062,133,188,,0,,22082,24880,31400,44433408,44433408,44433408
A,seeded-03,seeded,8,baseline,3.2132079359143972,3.213000000002353,1.0,0.0,1801,1.0,0,618,250,0.138811771238201,440,743,,0,,146660,149660,152172,44318720,44318720,44318720
A,seeded-03,seeded,8,packed-key,3.277125069871545,3.2770000000112987,1.0198920005278023,0.0639171339571476,1801,1.0,0,618,250,0.138811771238201,440,743,,0,,95268,98268,100960,44105728,44105728,44105728
A,seeded-03,seeded,8,packed-entry,3.4240831155329943,3.4229999999979555,1.0656276169561332,0.21087517961859703,1801,1.0,0,618,250,0.138811771238201,440,743,,0,,60594,65340,68640,44204032,44204032,44204032
A,seeded-03,seeded,10,baseline,10.904334019869566,10.889000000005922,1.0,0.0,5772,1.0,0,2112,1192,0.20651420651420652,1641,1876,,0,,512580,519644,522304,44531712,44843008,44843008
A,seeded-03,seeded,10,packed-key,11.046125087887049,11.020000000002028,1.013003184583223,0.14179106801748276,5772,1.0,0,2112,1192,0.20651420651420652,1641,1876,,0,,334948,342012,344928,44269568,44384256,44384256
A,seeded-03,seeded,10,packed-entry,11.637458112090826,11.622000000002686,1.067232358334345,0.7331240922212601,5772,1.0,0,2112,1192,0.20651420651420652,1641,1876,,0,,215466,225660,229280,44236800,44236800,44236800
A,seeded-04,seeded,4,baseline,1.4927498996257782,1.4859999999998763,1.0,0.0,992,1.0,0,215,32,0.03225806451612903,116,739,,0,,52460,53968,56512,44302336,44302336,44302336
A,seeded-04,seeded,4,packed-key,1.4886250719428062,1.4879999999948268,0.9972367590284172,-0.004124827682971954,992,1.0,0,215,32,0.03225806451612903,116,739,,0,,33452,34960,37568,44122112,44122112,44122112
A,seeded-04,seeded,4,packed-entry,1.5631658025085926,1.563000000004422,1.0471719361029381,0.07041590288281441,992,1.0,0,215,32,0.03225806451612903,116,739,,0,,24178,26288,30336,44433408,44433408,44433408
A,seeded-04,seeded,6,baseline,13.2856669370085,13.272000000000617,1.0,0.0,8304,1.0,0,2241,620,0.07466281310211946,1577,5261,,0,,512128,514900,517576,44367872,44662784,44662784
A,seeded-04,seeded,6,packed-key,13.485792092978954,13.473000000004731,1.0150632374663093,0.20012515597045422,8304,1.0,0,2241,620,0.07466281310211946,1577,5261,,0,,318880,321652,324392,44285952,44367872,44367872
A,seeded-04,seeded,6,packed-entry,14.04241705313325,14.032000000000266,1.0569598891581986,0.7567501161247492,8304,1.0,0,2241,620,0.07466281310211946,1577,5261,,0,,220094,228628,231624,44236800,44236800,44236800
A,seeded-04,seeded,8,baseline,85.57908283546567,85.49399999999707,1.0,0.0,50920,1.0,0,15094,5178,0.10168892380204242,11381,28589,,0,,3559828,3576044,3578744,44335104,48054272,48054272
A,seeded-04,seeded,8,packed-key,85.64695902168751,85.59500000001208,1.0007931399119143,0.067876186221838,50920,1.0,0,15094,5178,0.10168892380204242,11381,28589,,0,,2267316,2283460,2286320,44351488,46759936,46759936
A,seeded-04,seeded,8,packed-entry,89.265082962811,89.20400000000939,1.0430712740218544,3.6860001273453236,50920,1.0,0,15094,5178,0.10168892380204242,11381,28589,,0,,1574950,1629636,1638272,44318720,46071808,46071808
A,seeded-04,seeded,10,baseline,434.8301659338176,434.58799999999087,1.0,0.0,253274,1.0,0,78484,29767,0.11752884228148172,61262,130691,,0,,18180540,18280572,18283324,44122112,65060864,65060864
A,seeded-04,seeded,10,packed-key,439.04283293522894,438.4759999999943,1.0096880744057037,4.212667001411319,253274,1.0,0,78484,29767,0.11752884228148172,61262,130691,,0,,11478652,11578612,11581592,44122112,58310656,58310656
A,seeded-04,seeded,10,packed-entry,454.87787504680455,454.59799999999007,1.0461046879531313,20.047709112986922,253274,1.0,0,78484,29767,0.11752884228148172,61262,130691,,0,,7774706,8062676,8066040,44204032,54853632,54853632
A,seeded-05,seeded,4,baseline,0.7591659668833017,0.7600000000138607,1.0,0.0,473,1.0,0,114,0,0.0,56,311,,0,,29444,31392,34032,44302336,44302336,44302336
A,seeded-05,seeded,4,packed-key,0.769458943977952,0.7690000000195596,1.0135582699220662,0.010292977094650269,473,1.0,0,114,0,0.0,56,311,,0,,20068,22016,24720,44302336,44302336,44302336
A,seeded-05,seeded,4,packed-entry,0.7764999754726887,0.7760000000018863,1.0228329632063862,0.01733400858938694,473,1.0,0,114,0,0.0,56,311,,0,,13086,15616,18576,44498944,44498944,44498944
A,seeded-05,seeded,6,baseline,4.3280827812850475,4.328000000015209,1.0,0.0,2701,1.0,0,696,108,0.03998519067012218,397,1618,,0,,180768,183828,202712,44302336,44318720,44318720
A,seeded-05,seeded,6,packed-key,4.411709029227495,4.405999999988808,1.0193217764466183,0.08362624794244766,2701,1.0,0,696,108,0.03998519067012218,397,1618,,0,,124256,127316,146968,44449792,44449792,44449792
A,seeded-05,seeded,6,packed-entry,4.553875187411904,4.552999999987151,1.0521691514550506,0.2257924061268568,2701,1.0,0,696,108,0.03998519067012218,397,1618,,0,,84114,88852,109432,44548096,44548096,44548096
A,seeded-05,seeded,8,baseline,14.63937503285706,14.6349999999984,1.0,0.0,8475,1.0,0,2700,770,0.09085545722713864,1758,3909,,0,,626280,634348,637332,44302336,44728320,44728320
A,seeded-05,seeded,8,packed-key,14.781709061935544,14.772999999991043,1.0097226847976108,0.14233402907848358,8475,1.0,0,2700,770,0.09085545722713864,1758,3909,,0,,404584,412652,415700,44318720,44515328,44515328
A,seeded-05,seeded,8,packed-entry,15.236832899972796,15.235000000018317,1.040811705812221,0.597457867115736,8475,1.0,0,2700,770,0.09085545722713864,1758,3909,,0,,255310,267308,270808,44302336,44335104,44335104
A,seeded-05,seeded,10,baseline,50.93887494876981,50.92499999997813,1.0,0.0,28891,1.0,0,9961,3328,0.11519158215361185,6967,12072,,0,,2308032,2330740,2333760,44335104,46481408,46481408
A,seeded-05,seeded,10,packed-key,51.26275005750358,51.23899999998116,1.0063581127195977,0.32387510873377323,28891,1.0,0,9961,3328,0.11519158215361185,6967,12072,,0,,1484960,1507668,1510848,44007424,45318144,45318144
A,seeded-05,seeded,10,packed-entry,53.14750014804304,53.134000000000015,1.043358342748922,2.2086251992732286,28891,1.0,0,9961,3328,0.11519158215361185,6967,12072,,0,,959014,997684,1001568,44613632,45465600,45465600
A,seeded-06,seeded,4,baseline,0.4854169674217701,0.48599999999510146,1.0,0.0,307,1.0,0,76,0,0.0,37,153,,0,,19292,21560,24264,44204032,44204032,44204032
A,seeded-06,seeded,4,packed-key,0.4903748631477356,0.4909999999824777,1.0102136844377294,0.0049578957259655,307,1.0,0,76,0,0.0,37,153,,0,,13216,15512,18248,44498944,44498944,44498944
A,seeded-06,seeded,4,packed-entry,0.506207812577486,0.5060000000014497,1.0428308991054511,0.020790845155715942,307,1.0,0,76,0,0.0,37,153,,0,,8106,10648,13640,43974656,43974656,43974656
A,seeded-06,seeded,6,baseline,1.6640420071780682,1.6640000000052169,1.0,0.0,1005,1.0,0,283,54,0.05373134328358209,145,427,,0,,69392,72612,75544,44187648,44187648,44187648
A,seeded-06,seeded,6,packed-key,1.6745419707149267,1.674000000008391,1.0063099149490011,0.010499963536858559,1005,1.0,0,283,54,0.05373134328358209,145,427,,0,,47608,50884,53848,44302336,44302336,44302336
A,seeded-06,seeded,6,packed-entry,1.73287489451468,1.7330000000015389,1.0413648736268026,0.06883288733661175,1005,1.0,0,283,54,0.05373134328358209,145,427,,0,,29222,32804,36152,44367872,44367872,44367872
A,seeded-06,seeded,8,baseline,4.444499965757132,4.445000000004029,1.0,0.0,2666,1.0,0,785,228,0.08552138034508627,398,1077,,0,,200432,205444,208568,44335104,44367872,44367872
A,seeded-06,seeded,8,packed-key,4.5386250130832195,4.53600000000165,1.0211778710881492,0.09412504732608795,2666,1.0,0,785,228,0.08552138034508627,398,1077,,0,,141436,146532,154360,44335104,44335104,44335104
A,seeded-06,seeded,8,packed-entry,4.693708149716258,4.687999999987369,1.0560711409335501,0.24920818395912647,2666,1.0,0,785,228,0.08552138034508627,398,1077,,0,,91006,96836,111288,44417024,44417024,44417024
A,seeded-06,seeded,10,baseline,10.473165893927217,10.460999999992282,1.0,0.0,6129,1.0,0,1960,685,0.11176374612497961,1018,2110,,0,,477388,486604,489880,44548096,44826624,44826624
A,seeded-06,seeded,10,packed-key,10.57099993340671,10.5700000000013,1.0093414007254695,0.0978340394794941,6129,1.0,0,1960,685,0.11176374612497961,1018,2110,,0,,331348,340548,343960,44154880,44285952,44285952
A,seeded-06,seeded,10,packed-entry,11.084832949563861,11.079999999992651,1.0584032623785053,0.6116670556366444,6129,1.0,0,1960,685,0.11176374612497961,1018,2110,,0,,207762,218532,222584,44335104,44335104,44335104
A,seeded-07,seeded,4,baseline,0.2732090651988983,0.2729999999928623,1.0,0.0,125,1.0,0,58,6,0.048,48,18,,0,,16034,18112,20652,44335104,44335104,44335104
A,seeded-07,seeded,4,packed-key,0.2755408640950918,0.2750000000162345,1.008534851852357,0.0023317988961935043,125,1.0,0,58,6,0.048,48,18,,0,,10730,12864,15468,44335104,44335104,44335104
A,seeded-07,seeded,4,packed-entry,0.29004202224314213,0.29099999997583836,1.0616120004363299,0.016832957044243813,125,1.0,0,58,6,0.048,48,18,,0,,6882,9312,12108,44564480,44564480,44564480
A,seeded-07,seeded,6,baseline,0.5559590645134449,0.556999999986374,1.0,0.0,284,1.0,0,120,34,0.11971830985915492,92,28,,0,,31580,34080,36620,44580864,44580864,44580864
A,seeded-07,seeded,6,packed-key,0.5577078554779291,0.556999999986374,1.0031455390803183,0.0017487909644842148,284,1.0,0,120,34,0.11971830985915492,92,28,,0,,21476,24032,26636,44269568,44269568,44269568
A,seeded-07,seeded,6,packed-entry,0.5911670159548521,0.5909999999857973,1.063328316217346,0.035207951441407204,284,1.0,0,120,34,0.11971830985915492,92,28,,0,,13522,16416,19212,44367872,44367872,44367872
A,seeded-07,seeded,8,baseline,0.9774169884622097,0.9769999999775791,1.0,0.0,499,1.0,0,201,64,0.1282565130260521,145,32,,0,,52704,55496,58036,44318720,44318720,44318720
A,seeded-07,seeded,8,packed-key,0.9792500641196966,0.9799999999984266,1.0018754284805003,0.0018330756574869156,499,1.0,0,201,64,0.1282565130260521,145,32,,0,,36588,39464,43088,44318720,44318720,44318720
A,seeded-07,seeded,8,packed-entry,1.0117499623447657,1.0120000000028995,1.035126229938537,0.03433297388255596,499,1.0,0,201,64,0.1282565130260521,145,32,,0,,23590,26920,32560,44548096,44548096,44548096
A,seeded-07,seeded,10,baseline,1.4204999897629023,1.4209999999934553,1.0,0.0,730,1.0,0,289,94,0.12876712328767123,201,47,,0,,70784,74204,76716,44367872,44367872,44367872
A,seeded-07,seeded,10,packed-key,1.4686249196529388,1.4599999999802549,1.0338788667630114,0.04812492989003658,730,1.0,0,289,94,0.12876712328767123,201,47,,0,,48176,51708,54284,44318720,44318720,44318720
A,seeded-07,seeded,10,packed-entry,1.5091251116245985,1.5089999999986503,1.0623900897574021,0.08862512186169624,730,1.0,0,289,94,0.12876712328767123,201,47,,0,,29630,33596,36616,44515328,44531712,44531712
A,post-hoc-tail,post-hoc-diagnostic,4,baseline,1.8092910759150982,1.8049999999902866,1.0,0.0,1227,1.0,0,235,41,0.03341483292583537,132,925,,0,,57200,59376,61888,44187648,44187648,44187648
A,post-hoc-tail,post-hoc-diagnostic,4,packed-key,1.7781248316168785,1.7770000000041364,0.9827743337083247,-0.03116624429821968,1227,1.0,0,235,41,0.03341483292583537,132,925,,0,,36764,38448,41024,44466176,44466176,44466176
A,post-hoc-tail,post-hoc-diagnostic,4,packed-entry,1.8315829802304506,1.8320000000073833,1.0123207949301787,0.02229190431535244,1227,1.0,0,235,41,0.03341483292583537,132,925,,0,,25930,29008,31776,44449792,44449792,44449792
A,post-hoc-tail,post-hoc-diagnostic,6,baseline,16.86366694048047,16.85599999998999,1.0,0.0,10799,1.0,0,2604,715,0.06620983424391147,1805,7169,,0,,586024,594892,597664,44417024,44793856,44793856
A,post-hoc-tail,post-hoc-diagnostic,6,packed-key,16.752374824136496,16.75199999999677,0.9934004794605601,-0.11129211634397507,10799,1.0,0,2604,715,0.06620983424391147,1805,7169,,0,,364948,369036,371840,44302336,44466176,44466176
A,post-hoc-tail,post-hoc-diagnostic,6,packed-entry,17.549416981637478,17.544000000015103,1.0406643491938812,0.6857500411570072,10799,1.0,0,2604,715,0.06620983424391147,1805,7169,,0,,247354,258540,261664,44236800,44269568,44269568
A,post-hoc-tail,post-hoc-diagnostic,8,baseline,127.22916691564023,127.17100000000414,1.0,0.0,78662,1.0,0,20755,7119,0.09050113142305052,15463,47972,,0,,4674236,4726060,4729088,44318720,49217536,49217536
A,post-hoc-tail,post-hoc-diagnostic,8,packed-key,127.38225003704429,127.27599999999484,1.0012032077637163,0.15308312140405178,78662,1.0,0,20755,7119,0.09050113142305052,15463,47972,,0,,2915280,2940108,2943168,44351488,47562752,47562752
A,post-hoc-tail,post-hoc-diagnostic,8,packed-entry,132.47800013050437,132.4070000000006,1.0412549523203622,5.248833214864135,78662,1.0,0,20755,7119,0.09050113142305052,15463,47972,,0,,1964406,2042700,2046112,44384256,46694400,46694400
A,post-hoc-tail,post-hoc-diagnostic,10,baseline,711.3466667942703,711.0069999999951,1.0,0.0,423857,1.0,0,119958,47944,0.1131136208674152,93664,236149,,0,,28945896,29209732,29212940,44138496,78987264,78987264
A,post-hoc-tail,post-hoc-diagnostic,10,packed-key,715.2029999997467,714.7369999999853,1.0054211728057365,3.8563332054764032,423857,1.0,0,119958,47944,0.1131136208674152,93664,236149,,0,,18771836,18923004,18926348,44171264,68681728,68681728
A,post-hoc-tail,post-hoc-diagnostic,10,packed-entry,742.5425830297172,742.069999999984,1.0438547303188097,31.19591623544693,423857,1.0,0,119958,47944,0.1131136208674152,93664,236149,,0,,13184786,13634268,13980744,44351488,63602688,63602688
A,additional-00,additional,4,baseline,1.2587499804794788,1.259000000004562,1.0,0.0,776,1.0,0,179,25,0.03221649484536082,95,572,,0,,45408,46800,52544,44171264,44171264,44171264
A,additional-00,additional,4,packed-key,1.2615828309208155,1.2609999999995125,1.0022505267013053,0.0028328504413366318,776,1.0,0,179,25,0.03221649484536082,95,572,,0,,30016,31408,37664,44253184,44253184,44253184
A,additional-00,additional,4,packed-entry,1.3137501664459705,1.314000000007809,1.043694289429535,0.0550001859664917,776,1.0,0,179,25,0.03221649484536082,95,572,,0,,21926,24176,30816,44367872,44367872,44367872
A,additional-00,additional,6,baseline,10.611959034577012,10.613000000006423,1.0,0.0,6248,1.0,0,1627,547,0.08754801536491677,1054,3948,,0,,393668,396420,399096,44580864,44744704,44744704
A,additional-00,additional,6,packed-key,10.790667030960321,10.785999999995965,1.016840245594713,0.17870799638330936,6248,1.0,0,1627,547,0.08754801536491677,1054,3948,,0,,256228,258980,268552,44269568,44285952,44285952
A,additional-00,additional,6,packed-entry,11.206165887415409,11.20399999999222,1.05599407714469,0.594206852838397,6248,1.0,0,1627,547,0.08754801536491677,1054,3948,,0,,180722,187716,209064,44679168,44679168,44679168
A,additional-00,additional,8,baseline,62.84649996086955,62.815999999997985,1.0,0.0,35432,1.0,0,9994,4315,0.12178256942876496,7308,19510,,0,,2266164,2279324,2282060,44498944,46563328,46563328
A,additional-00,additional,8,packed-key,63.1716251373291,63.07599999999525,1.005173321929813,0.32512517645955086,35432,1.0,0,9994,4315,0.12178256942876496,7308,19510,,0,,1421108,1434268,1437068,44253184,45563904,45563904
A,additional-00,additional,8,packed-entry,65.35120797343552,65.30699999999001,1.0398543755678595,2.5047080125659704,35432,1.0,0,9994,4315,0.12178256942876496,7308,19510,,0,,941350,976828,979948,44236800,45072384,45072384
A,additional-00,additional,10,baseline,281.08562505804,280.9620000000166,1.0,0.0,153647,1.0,0,45821,23650,0.15392425494803022,35571,73882,,0,,11755308,11825052,12711888,44072960,58245120,58245120
A,additional-00,additional,10,packed-key,282.46516711078584,282.15000000000146,1.0049079068076177,1.379542052745819,153647,1.0,0,45821,23650,0.15392425494803022,35571,73882,,0,,7869516,7939260,9006352,44351488,54722560,54722560
A,additional-00,additional,10,packed-entry,294.48087490163743,294.18299999997544,1.0476554069274495,13.395249843597412,153647,1.0,0,45821,23650,0.15392425494803022,35571,73882,,0,,5595510,5758684,6926896,44171264,52248576,52248576
A,additional-01,additional,4,baseline,1.377166947349906,1.377999999988333,1.0,0.0,880,1.0,0,196,27,0.03068181818181818,105,639,,0,,50064,51416,54088,44335104,44335104,44335104
A,additional-01,additional,4,packed-key,1.3867919333279133,1.3870000000224536,1.0069889754445014,0.009624985978007317,880,1.0,0,196,27,0.03068181818181818,105,639,,0,,32848,34200,38368,44220416,44220416,44220416
A,additional-01,additional,4,packed-entry,1.4234590344130993,1.423999999985881,1.0336139980358034,0.04629208706319332,880,1.0,0,196,27,0.03068181818181818,105,639,,0,,23250,26104,31520,44597248,44597248,44597248
A,additional-01,additional,6,baseline,12.996040983125567,12.993999999991956,1.0,0.0,7529,1.0,0,2055,584,0.07756674193119936,1465,4442,,0,,489408,493444,496248,44302336,44597248,44597248
A,additional-01,additional,6,packed-key,13.040250167250633,13.034000000004653,1.0034017424369828,0.044209184125065804,7529,1.0,0,2055,584,0.07756674193119936,1465,4442,,0,,310400,314436,317304,44466176,44548096,44548096
A,additional-01,additional,6,packed-entry,13.566708890721202,13.564999999971405,1.043910903969648,0.5706679075956345,7529,1.0,0,2055,584,0.07756674193119936,1465,4442,,0,,211506,220644,223800,44269568,44269568,44269568
A,additional-01,additional,8,baseline,66.10275013372302,66.0769999999502,1.0,0.0,36500,1.0,0,11342,4027,0.11032876712328767,8954,17473,,0,,2904472,2926436,3136968,44597248,47628288,47628288
A,additional-01,additional,8,packed-key,66.70741690322757,66.66799999999284,1.0091473768985606,0.6046667695045471,36500,1.0,0,11342,4027,0.11032876712328767,8954,17473,,0,,1918744,1940708,2187208,44302336,46317568,46317568
A,additional-01,additional,8,packed-entry,69.31129097938538,69.27200000001221,1.0485386892250568,3.2085408456623554,36500,1.0,0,11342,4027,0.11032876712328767,8954,17473,,0,,1345994,1390020,1658280,44335104,46137344,46137344
A,additional-01,additional,10,baseline,218.38729199953377,218.1810000000155,1.0,0.0,117199,1.0,0,39129,15273,0.1303168115768906,31798,47055,,0,,9360288,9445204,9448196,44564480,55001088,55001088
A,additional-01,additional,10,packed-key,215.56508401408792,215.47200000003386,0.9870770503191556,-2.822207985445857,117199,1.0,0,39129,15273,0.1303168115768906,31798,47055,,0,,5970816,6055732,6058788,44335104,51331072,51331072
A,additional-01,additional,10,packed-entry,227.27916692383587,226.90000000000055,1.0407160821625148,8.891874924302101,117199,1.0,0,39129,15273,0.1303168115768906,31798,47055,,0,,3918430,4067892,4071360,44302336,49299456,49299456
A,additional-02,additional,4,baseline,0.6775408983230591,0.6779999999935171,1.0,0.0,414,1.0,0,109,15,0.036231884057971016,75,233,,0,,29304,30960,33416,44367872,44367872,44367872
A,additional-02,additional,4,packed-key,0.6884171161800623,0.688000000025113,1.0160524890584794,0.010876217857003212,414,1.0,0,109,15,0.036231884057971016,75,233,,0,,19576,21232,23752,44367872,44367872,44367872
A,additional-02,additional,4,packed-entry,0.7117500063031912,0.7119999999645188,1.0504901003980733,0.0342091079801321,414,1.0,0,109,15,0.036231884057971016,75,233,,0,,12774,15440,18368,44318720,44318720,44318720
A,additional-02,additional,6,baseline,2.418291987851262,2.4179999999773827,1.0,0.0,1336,1.0,0,441,133,0.09955089820359281,330,527,,0,,113156,115628,118276,44597248,44597248,44597248
A,additional-02,additional,6,packed-key,2.4277078919112682,2.4280000000089785,1.0038936175231563,0.009415904060006142,1336,1.0,0,441,133,0.09955089820359281,330,527,,0,,74788,77260,79972,44515328,44515328,44515328
A,additional-02,additional,6,packed-entry,2.550708130002022,2.551000000039494,1.0547560603996444,0.1324161421507597,1336,1.0,0,441,133,0.09955089820359281,330,527,,0,,49174,53356,58568,44269568,44269568,44269568
A,additional-02,additional,8,baseline,6.6209170036017895,6.620999999995547,1.0,0.0,3584,1.0,0,1308,403,0.11244419642857142,993,1224,,0,,311896,316580,319228,44269568,44417024,44417024
A,additional-02,additional,8,packed-key,6.6434170585125685,6.64000000000442,1.0033983290983015,0.022500054910779,3584,1.0,0,1308,403,0.11244419642857142,993,1224,,0,,200056,204740,207452,44154880,44171264,44171264
A,additional-02,additional,8,packed-entry,7.03633320517838,7.031999999981053,1.0627430009091796,0.41541620157659054,3584,1.0,0,1308,403,0.11244419642857142,993,1224,,0,,126514,134276,137308,44122112,44122112,44122112
A,additional-02,additional,10,baseline,15.320332953706384,15.312999999991916,1.0,0.0,8271,1.0,0,2979,1106,0.13372022730020552,2317,2755,,0,,766728,775700,799200,44400640,44924928,44924928
A,additional-02,additional,10,packed-key,15.310666989535093,15.30800000000454,0.9993690761029478,-0.009665964171290398,8271,1.0,0,2979,1106,0.13372022730020552,2317,2755,,0,,514056,523028,567040,44384256,44630016,44630016
A,additional-02,additional,10,packed-entry,16.114833066239953,16.10699999997678,1.05185919359157,0.7945001125335693,8271,1.0,0,2979,1106,0.13372022730020552,2317,2755,,0,,349922,363956,423008,44351488,44449792,44449792
A,additional-03,additional,4,baseline,0.42137480340898037,0.4220000000145774,1.0,0.0,211,1.0,0,87,13,0.061611374407582936,69,56,,0,,24686,26592,31064,44498944,44498944,44498944
A,additional-03,additional,4,packed-key,0.4284169990569353,0.42799999999942884,1.0167124270150532,0.007042195647954941,211,1.0,0,87,13,0.061611374407582936,69,56,,0,,16814,18720,23224,44335104,44335104,44335104
A,additional-03,additional,4,packed-entry,0.44195796363055706,0.440999999966607,1.0488476293671478,0.02058316022157669,211,1.0,0,87,13,0.061611374407582936,69,56,,0,,11278,13792,18456,44351488,44351488,44351488
A,additional-03,additional,6,baseline,1.0519998613744974,1.052000000015596,1.0,0.0,533,1.0,0,211,64,0.1200750469043152,161,140,,0,,55684,57920,60488,44154880,44154880,44154880
A,additional-03,additional,6,packed-key,1.04991695843637,1.049999999963802,0.9980200539804196,-0.0020829029381275177,533,1.0,0,211,64,0.1200750469043152,161,140,,0,,37320,39584,42216,44302336,44302336,44302336
A,additional-03,additional,6,packed-entry,1.0963331442326307,1.0959999999613501,1.0421419094107194,0.044333282858133316,533,1.0,0,211,64,0.1200750469043152,161,140,,0,,24242,27296,32064,44302336,44302336,44302336
A,additional-03,additional,8,baseline,2.1423751022666693,2.1419999999920947,1.0,0.0,1072,1.0,0,449,154,0.14365671641791045,343,235,,0,,114196,117084,119624,44285952,44285952,44285952
A,additional-03,additional,8,packed-key,2.1348341833800077,2.1349999999529246,0.996480112712903,-0.0075409188866615295,1072,1.0,0,449,154,0.14365671641791045,343,235,,0,,76180,79068,81672,44089344,44089344,44089344
A,additional-03,additional,8,packed-entry,2.2612500470131636,2.261999999973341,1.0554874562445775,0.1188749447464943,1072,1.0,0,449,154,0.14365671641791045,343,235,,0,,49466,53500,58408,44318720,44318720,44318720
A,additional-03,additional,10,baseline,5.247208988294005,5.2299999999831925,1.0,0.0,2762,1.0,0,1056,341,0.12346125995655322,783,855,,0,,256700,261132,263672,44351488,44433408,44433408
A,additional-03,additional,10,packed-key,5.281416932120919,5.274999999983265,1.00651926460395,0.034207943826913834,2762,1.0,0,1056,341,0.12346125995655322,783,855,,0,,167548,171980,174584,44367872,44367872,44367872
A,additional-03,additional,10,packed-entry,5.532541079446673,5.533000000013999,1.0543778781804223,0.285332091152668,2762,1.0,0,1056,341,0.12346125995655322,783,855,,0,,108454,114220,117016,44318720,44318720,44744704
B,empty,phase3a,4,unbounded,0.8404580876231194,0.8399999999999519,1.0,0.0,594,1.0,0,143,15,0.025252525252525252,71,436,,0,,14302,16648,19912,44630016,44630016,44630016
B,empty,phase3a,4,16384,0.9513748809695244,0.9509999999999241,1.1319718317662768,0.11091679334640503,608,1.0235690235690236,14,16,1,0.001644736842105263,85,450,16384,141,0,264198,266304,269776,44318720,44318720,44318720
B,empty,phase3a,4,32768,0.9989591781049967,0.9980000000000544,1.1885889288425204,0.15850109048187733,606,1.02020202020202,12,21,3,0.0049504950495049506,83,448,32768,134,0,526682,528808,532160,44351488,44351488,44351488
B,empty,phase3a,4,65536,1.1326251551508904,1.1339999999999684,1.3476283610453939,0.292167067527771,606,1.02020202020202,12,26,3,0.0049504950495049506,83,448,65536,129,0,1051310,1053456,1056704,44924928,44924928,44924928
B,empty,phase3a,6,unbounded,7.623207988217473,7.61999999999996,1.0,0.0,5052,1.0,0,1447,396,0.07838479809976247,914,3209,,0,,164226,170308,204816,44367872,44367872,44974080
B,empty,phase3a,6,16384,9.877958102151752,9.878000000000053,1.2957744452754338,2.2547501139342785,6413,1.2693982581155978,1361,94,29,0.004522064556369874,1340,4345,16384,1947,0,269446,272048,275640,44269568,44269568,44269568
B,empty,phase3a,6,32768,9.885875042527914,9.881999999999946,1.2968129766113752,2.262667054310441,6382,1.26326207442597,1330,119,60,0.00940144155437167,1309,4314,32768,1891,0,533262,535960,539584,44613632,44613632,44613632
B,empty,phase3a,6,65536,9.970332961529493,9.964000000000084,1.3078920287810285,2.3471249733120203,6369,1.260688836104513,1317,140,74,0.011618778458156696,1298,4301,65536,1856,3,1058978,1061760,1065384,45154304,45154304,45154304
B,empty,phase3a,8,unbounded,47.590082976967096,47.52799999999979,1.0,0.0,29425,1.0,0,8400,2725,0.09260832625318606,5639,17534,,0,,834050,863980,867328,44384256,45006848,45006848
B,empty,phase3a,8,16384,83.08720798231661,83.06999999999975,1.7458933203064513,35.49712500534952,50844,1.7279184367034834,21419,364,231,0.00454330894500826,11087,31951,16384,15832,3,287694,291644,295656,44285952,44285952,44285952
B,empty,phase3a,8,32768,83.1489588599652,83.03400000000005,1.747190877986241,35.55887588299811,50381,1.7121835174171622,20956,455,409,0.008118139774915146,10809,31760,32768,15441,5,555942,560244,564288,44531712,44531712,44531712
B,empty,phase3a,8,65536,82.9405419062823,82.8319999999998,1.7428114581440068,35.35045892931521,50007,1.6994732370433305,20582,537,550,0.01099846021556982,10634,31505,65536,15158,9,1085750,1090372,1094416,45006848,45006848,45006848
B,empty,phase3a,10,unbounded,219.1955829039216,219.1290000000006,1.0,0.0,128308,1.0,0,38395,15828,0.12335941640427721,27477,68511,,0,,3800282,3937252,3940824,44056576,48922624,48922624
B,empty,phase3a,10,16384,486.21508409269154,486.0569999999989,2.2181792062197285,267.01950118876994,267222,2.0826604732362752,138914,1059,1392,0.005209151941082696,69021,149178,16384,93214,14,333610,339860,344528,44122112,44154880,44154880
B,empty,phase3a,10,32768,484.01766712777317,483.9469999999988,2.2081542917766233,264.82208422385156,264914,2.064672506780559,136606,1310,2133,0.008051669598435719,67722,148048,32768,91535,27,612710,619852,624456,44744704,44761088,44761088
B,empty,phase3a,10,65536,480.98362516611814,480.9330000000003,2.1943125805456773,261.78804226219654,261900,2.0411821554384764,133592,1626,2967,0.011328751431844215,66428,146147,65536,89708,38,1158066,1166252,1170856,45219840,45236224,45236224
B,near-opening,phase3a,4,unbounded,0.9287497960031033,0.9280000000018163,1.0,0.0,569,1.0,0,155,19,0.033391915641476276,91,383,,0,,15846,18632,21448,44613632,44613632,44613632
B,near-opening,phase3a,4,16384,1.0518331546336412,1.0519999999942797,1.1325258526679953,0.12308335863053799,596,1.047451669595782,27,19,4,0.006711409395973154,104,410,16384,151,2,264430,266776,270048,44580864,44580864,44580864
B,near-opening,phase3a,4,32768,1.1152501683682203,1.1149999999986449,1.2008079820504143,0.18650037236511707,596,1.047451669595782,27,19,4,0.006711409395973154,104,410,32768,151,2,526574,528920,532192,44679168,44679168,44679168
B,near-opening,phase3a,4,65536,1.2230409774929285,1.2230000000030827,1.3168680981210594,0.29429118148982525,587,1.031634446397188,18,26,7,0.01192504258943782,102,401,65536,141,2,1051338,1053712,1056984,45039616,45039616,45039616
B,near-opening,phase3a,6,unbounded,7.290625013411045,7.28799999999552,1.0,0.0,4258,1.0,0,1186,394,0.09253170502583373,806,2516,,0,,117042,123716,126920,44171264,44171264,44171264
B,near-opening,phase3a,6,16384,9.872915921732783,9.872000000001435,1.3541933515400442,2.5822909083217382,5719,1.3431188351338657,1461,80,38,0.006644518272425249,1235,3553,16384,1736,6,268578,271456,275288,44302336,44302336,44302336
B,near-opening,phase3a,6,32768,9.869375033304095,9.866000000002373,1.3537076746025836,2.57875001989305,5719,1.3431188351338657,1461,83,38,0.006644518272425249,1235,3553,32768,1733,6,530926,533816,537648,44367872,44367872,44367872
B,near-opening,phase3a,6,65536,9.870499838143587,9.868999999994799,1.3538619555918572,2.579874824732542,5620,1.319868482855801,1362,111,68,0.012099644128113879,1201,3486,65536,1660,9,1057090,1060056,1063888,45023232,45023232,45023232
B,near-opening,phase3a,8,unbounded,41.649207938462496,41.64499999999549,1.0,0.0,24054,1.0,0,6699,2903,0.12068678806019789,4939,13224,,0,,741678,768484,833216,44040192,44548096,44548096
B,near-opening,phase3a,8,16384,74.39162512309849,74.37999999999789,1.7861474156486612,32.742417184636,44448,1.8478423547019207,20394,246,203,0.004567134629229662,9223,27889,16384,13393,17,279838,283440,287832,44318720,44335104,44335104
B,near-opening,phase3a,8,32768,74.73150012083352,74.72400000000334,1.7943078348872983,33.08229218237102,44382,1.8450985283112995,20328,305,245,0.0055202559596232706,9191,27830,32768,13292,22,545910,549668,554032,44384256,44384256,44384256
B,near-opening,phase3a,8,65536,73.48562520928681,73.46799999999831,1.7643943029568108,31.836417270824313,43492,1.8080984451650453,19438,370,424,0.00974891934148809,8936,27191,65536,12875,36,1074618,1078636,1083000,45023232,45023232,45023232
B,near-opening,phase3a,10,unbounded,178.10587515123188,178.08300000000088,1.0,0.0,99441,1.0,0,28999,14340,0.1442061121670136,22095,49039,,0,,3244654,3356100,3444776,44072960,48250880,48250880
B,near-opening,phase3a,10,16384,482.78920794837177,482.59000000000185,2.710686593232422,304.6833327971399,270565,2.720859605193029,171124,713,1596,0.005898767394156672,63013,158151,16384,88813,38,311258,316868,321792,43991040,43991040,43991040
B,near-opening,phase3a,10,32768,493.50670794956386,492.2849999999954,2.7708614751227114,315.400832798332,269306,2.7081988314679055,169865,945,1883,0.006992046222512681,62556,157242,32768,87998,45,589150,595556,600480,44482560,44498944,44498944
B,near-opening,phase3a,10,65536,485.7444171793759,485.35800000000506,2.7272790230357327,307.638542028144,267742,2.6924709124003177,168301,1063,2428,0.00906843154977553,61785,156236,65536,86976,77,1121406,1128276,1133200,44695552,44695552,44695552
B,midgame,phase3a,4,unbounded,0.5511250346899033,0.5510000000015225,1.0,0.0,339,1.0,0,81,0,0.0,37,184,,0,,8446,11008,14000,44253184,44253184,44253184
B,midgame,phase3a,4,16384,0.6220419891178608,0.6230000000044811,1.128676706671218,0.07091695442795753,339,1.0,0,10,0,0.0,37,184,16384,71,0,263790,266032,269304,44335104,44335104,44335104
B,midgame,phase3a,4,32768,0.6790419574826956,0.6800000000026785,1.23210145564294,0.12791692279279232,339,1.0,0,11,0,0.0,37,184,32768,70,0,526002,528248,531520,44564480,44564480,44564480
B,midgame,phase3a,4,65536,0.8052920456975698,0.8059999999971978,1.4611784894705002,0.2541670110076666,339,1.0,0,11,0,0.0,37,184,65536,70,0,1050290,1052536,1055808,45039616,45039616,45039616
B,midgame,phase3a,6,unbounded,2.016874961555004,2.0159999999975753,1.0,0.0,1166,1.0,0,333,61,0.05231560891938251,167,492,,0,,32622,36404,39752,44220416,44220416,44220416
B,midgame,phase3a,6,16384,2.75841704569757,2.7499999999918145,1.3676688432736748,0.7415420841425657,1565,1.3421955403087478,399,17,1,0.0006389776357827476,220,738,16384,429,0,264294,266752,270552,44138496,44138496,44138496
B,midgame,phase3a,6,32768,2.7667919639497995,2.7669999999915262,1.3718212664094018,0.7499170023947954,1565,1.3421955403087478,399,24,1,0.0006389776357827476,220,738,32768,422,0,526914,529400,533200,44580864,44580864,44580864
B,midgame,phase3a,6,65536,2.885167021304369,2.886000000003719,1.4305135798204933,0.8682920597493649,1565,1.3421955403087478,399,24,1,0.0006389776357827476,220,738,65536,422,0,1051202,1053688,1057488,44990464,44990464,44990464
B,midgame,phase3a,8,unbounded,5.009792046621442,5.00499999999704,1.0,0.0,2784,1.0,0,880,284,0.10201149425287356,452,948,,0,,97410,103428,110912,44187648,44187648,44187648
B,midgame,phase3a,8,16384,10.444457875564694,10.44199999999762,2.0848086663813405,5.434665828943253,6036,2.168103448275862,3252,22,6,0.0009940357852882703,963,2657,16384,1894,0,264634,267328,271624,44564480,44564480,44564480
B,midgame,phase3a,8,32768,10.526999831199646,10.516999999993004,2.1012847905132026,5.517207784578204,6014,2.1602011494252875,3230,29,6,0.0009976720984369804,958,2648,32768,1878,0,527254,529976,534272,44548096,44548096,44548096
B,midgame,phase3a,8,65536,10.567291872575879,10.560999999995602,2.109327447973088,5.557499825954437,6014,2.1602011494252875,3230,29,6,0.0009976720984369804,958,2648,65536,1878,0,1051542,1054264,1058560,45006848,45006848,45006848
B,midgame,phase3a,10,unbounded,10.0720408372581,10.072999999991339,1.0,0.0,5389,1.0,0,1881,700,0.12989422898496938,993,1543,,0,,201914,211828,215912,44335104,44335104,44335104
B,midgame,phase3a,10,16384,34.233707934617996,34.2109999999991,3.398884941766916,24.161667097359896,19075,3.539617739840416,13686,54,79,0.004141546526867628,3625,7767,16384,6779,0,266782,269776,274632,44220416,44236800,44236800
B,midgame,phase3a,10,32768,34.09449988976121,34.0709999999973,3.3850637066164553,24.02245905250311,18994,3.5245871219150122,13605,69,82,0.004317152785090028,3605,7740,32768,6729,0,529946,533000,537856,44482560,44515328,44515328
B,midgame,phase3a,10,65536,34.36825005337596,34.34399999999016,3.412242921637318,24.29620921611786,18994,3.5245871219150122,13605,69,82,0.004317152785090028,3605,7740,65536,6729,0,1054234,1057288,1062144,45056000,45056000,45056000
B,midgame-wide,phase3a,4,unbounded,1.2347078882157803,1.2340000000108375,1.0,0.0,726,1.0,0,169,25,0.03443526170798898,100,494,,0,,16742,19320,22120,44367872,44367872,44367872
B,midgame-wide,phase3a,4,16384,1.336582936346531,1.337000000006583,1.0825094332862533,0.10187504813075066,737,1.0151515151515151,11,23,2,0.0027137042062415195,111,505,16384,169,0,264702,266968,270144,44187648,44187648,44187648
B,midgame-wide,phase3a,4,32768,1.3781660236418247,1.379000000000019,1.116187915210738,0.14345813542604446,737,1.0151515151515151,11,23,2,0.0027137042062415195,111,505,32768,169,0,526846,529112,532288,44482560,44482560,44482560
B,midgame-wide,phase3a,4,65536,1.5070000663399696,1.5060000000062246,1.2205316583160948,0.2722921781241894,737,1.0151515151515151,11,23,2,0.0027137042062415195,111,505,65536,169,0,1051134,1053400,1056576,45203456,45203456,45203456
B,midgame-wide,phase3a,6,unbounded,5.522582912817597,5.515000000002601,1.0,0.0,3036,1.0,0,830,242,0.07971014492753623,582,1577,,0,,93646,98724,109840,44630016,44630016,44630016
B,midgame-wide,phase3a,6,16384,6.803417112678289,6.803999999988264,1.2319266582468051,1.280834199860692,3728,1.227931488801054,692,61,14,0.0037553648068669528,779,2064,16384,1085,2,267286,270056,273824,44154880,44154880,44662784
B,midgame-wide,phase3a,6,32768,6.940084043890238,6.93299999998942,1.2566735807230167,1.4175011310726404,3728,1.227931488801054,692,62,14,0.0037553648068669528,779,2064,32768,1084,2,529498,532272,536040,44482560,44482560,44482560
B,midgame-wide,phase3a,6,65536,7.017375202849507,7.007999999999015,1.2706690535261287,1.49479229003191,3728,1.227931488801054,692,62,14,0.0037553648068669528,779,2064,65536,1084,2,1053786,1056560,1060328,45039616,45039616,45039616
B,midgame-wide,phase3a,8,unbounded,15.57224988937378,15.568999999999278,1.0,0.0,8069,1.0,0,2682,796,0.09864915107200396,1950,3203,,0,,254562,266524,269864,44515328,44564480,44564480
B,midgame-wide,phase3a,8,16384,22.50562491826713,22.49300000001142,1.4452391323121883,6.9333750288933516,11479,1.422605031602429,3410,132,46,0.004007317710601969,3120,4854,16384,4168,0,272114,275264,279560,44302336,44302336,44302336
B,midgame-wide,phase3a,8,32768,22.51612488180399,22.498999999996272,1.4459134063324135,6.94387499243021,11450,1.4190110298673937,3381,160,53,0.00462882096069869,3109,4834,32768,4126,0,536134,539360,543656,44548096,44548096,44548096
B,midgame-wide,phase3a,8,65536,22.649958031252027,22.64100000000724,1.4545077424366242,7.077708141878247,11450,1.4190110298673937,3381,160,53,0.00462882096069869,3109,4834,65536,4126,0,1060422,1063648,1067944,45187072,45219840,45219840
B,midgame-wide,phase3a,10,unbounded,37.979125045239925,37.96099999999569,1.0,0.0,19097,1.0,0,6730,2759,0.14447295386709955,5110,5850,,0,,748602,776348,836400,44122112,44662784,44662784
B,midgame-wide,phase3a,10,16384,70.88058302178979,70.84999999999297,1.8663037375757958,32.901457976549864,36813,1.9276849766979107,17716,243,235,0.0063836144840138,10464,14594,16384,14174,1,279662,283640,288528,44236800,44269568,44269568
B,midgame-wide,phase3a,10,32768,71.29433308728039,71.25699999998858,1.8771978817931192,33.31520804204047,36556,1.9142273655547992,17459,330,277,0.007577415472152314,10348,14457,32768,13948,2,547722,552140,557000,44466176,44498944,44498944
B,midgame-wide,phase3a,10,65536,71.18958281353116,71.13300000000322,1.8744397805039386,33.210457768291235,36556,1.9142273655547992,17459,330,277,0.007577415472152314,10348,14457,65536,13948,2,1072010,1076428,1081288,44859392,44875776,44875776
B,late,phase3a,4,unbounded,0.08937506936490536,0.08900000000267028,1.0,0.0,41,1.0,0,20,3,0.07317073170731707,4,18,,0,,2610,4344,7176,44269568,44269568,44269568
B,late,phase3a,4,16384,0.16087503172457218,0.16100000000562886,1.7999989579615645,0.07149996235966682,47,1.146341463414634,6,1,0,0.0,4,24,16384,22,0,263178,264936,268080,44253184,44253184,44253184
B,late,phase3a,4,32768,0.21995906718075275,0.2190000000013015,2.461078561882755,0.1305839978158474,47,1.146341463414634,6,1,0,0.0,4,24,32768,22,0,525322,527080,530224,44826624,44826624,44826624
B,late,phase3a,4,65536,0.34087500534951687,0.34099999999170905,3.813983113767151,0.2514999359846115,47,1.146341463414634,6,1,0,0.0,4,24,65536,22,0,1049610,1051368,1054512,45088768,45088768,45088768
B,late,phase3a,6,unbounded,0.24474994279444218,0.24499999999250122,1.0,0.0,119,1.0,0,63,6,0.05042016806722689,18,47,,0,,6970,8880,12032,44236800,44236800,44236800
B,late,phase3a,6,16384,0.3861670847982168,0.3859999999917818,1.5778025538602332,0.14141714200377464,161,1.3529411764705883,42,1,0,0.0,25,70,16384,85,0,263178,265224,268800,44285952,44285952,44285952
B,late,phase3a,6,32768,0.45066699385643005,0.45099999999820284,1.8413364624764434,0.20591705106198788,161,1.3529411764705883,42,1,0,0.0,25,70,32768,85,0,525322,527368,530944,44826624,44826624,44826624
B,late,phase3a,6,65536,0.4535410553216934,0.4540000000048394,1.8530793108401598,0.20879111252725124,161,1.3529411764705883,42,1,0,0.0,25,70,65536,85,0,1049610,1051656,1055232,45088768,45088768,45088768
B,late,phase3a,8,unbounded,0.5883330013602972,0.5889999999908468,1.0,0.0,276,1.0,0,166,11,0.03985507246376811,72,70,,0,,15222,17536,20944,44204032,44204032,44204032
B,late,phase3a,8,16384,0.9184579830616713,0.9150000000062164,1.5611192656847144,0.33012498170137405,400,1.4492753623188406,124,1,0,0.0,102,111,16384,243,0,263178,265416,269488,44335104,44335104,44630016
B,late,phase3a,8,32768,0.9820000268518925,0.9809999999959018,1.6691228004912004,0.39366702549159527,400,1.4492753623188406,124,1,0,0.0,102,111,32768,243,0,525322,527560,531632,44531712,44531712,44531712
B,late,phase3a,8,65536,1.1040829122066498,1.1039999999979955,1.8766292382951089,0.5157499108463526,400,1.4492753623188406,124,1,0,0.0,102,111,65536,243,0,1049610,1051848,1055920,45105152,45105152,45105152
B,late,phase3a,10,unbounded,1.1661248281598091,1.1599999999987176,1.0,0.0,506,1.0,0,328,22,0.043478260869565216,166,78,,0,,28978,32180,35780,44646400,44646400,44646400
B,late,phase3a,10,16384,1.7376248724758625,1.737999999988915,1.4900847923955989,0.5715000443160534,742,1.466403162055336,236,1,0,0.0,244,132,16384,488,0,263178,265768,270304,44220416,44220416,44220416
B,late,phase3a,10,32768,1.8055830150842667,1.8060000000019727,1.548361694633968,0.6394581869244576,742,1.466403162055336,236,1,0,0.0,244,132,32768,488,0,525322,527912,532448,44433408,44449792,44449792
B,late,phase3a,10,65536,1.9050419796258211,1.903999999996131,1.6336518472315287,0.738917151466012,742,1.466403162055336,236,1,0,0.0,244,132,65536,488,0,1049610,1052200,1056736,45137920,45137920,45137920
B,immediate-win,phase3a,4,unbounded,0.5561250727623701,0.5559999999888987,1.0,0.0,316,1.0,0,101,25,0.07911392405063292,81,153,,0,,12146,14512,18192,44318720,44318720,44318720
B,immediate-win,phase3a,4,16384,0.6667079869657755,0.6669999999928677,1.1988454029848372,0.11058291420340538,343,1.0854430379746836,27,9,0,0.0,94,180,16384,117,0,263722,265824,269096,44498944,44498944,44498944
B,immediate-win,phase3a,4,32768,0.7259161211550236,0.7260000000002265,1.3053109034434858,0.16979104839265347,343,1.0854430379746836,27,9,0,0.0,94,180,32768,117,0,525866,527968,531240,44285952,44285952,44285952
B,immediate-win,phase3a,4,65536,0.8431670721620321,0.8430000000032578,1.5161464811753127,0.287041999399662,342,1.0822784810126582,26,13,1,0.0029239766081871343,93,179,65536,112,0,1050426,1052512,1055784,45039616,45039616,45039616
B,immediate-win,phase3a,6,unbounded,3.404624992981553,3.4040000000032933,1.0,0.0,2015,1.0,0,569,212,0.10521091811414392,412,1155,,0,,57346,61060,64336,44318720,44318720,44318720
B,immediate-win,phase3a,6,16384,4.706749925389886,4.706999999996242,1.3824576671711544,1.3021249324083328,2746,1.3627791563275433,731,27,13,0.0047341587764020395,683,1694,16384,917,1,264974,267400,271232,44187648,44187648,44187648
B,immediate-win,phase3a,6,32768,4.7593750059604645,4.75299999999379,1.3979146060936678,1.3547500129789114,2746,1.3627791563275433,731,27,13,0.0047341587764020395,683,1694,32768,917,1,527118,529544,533376,44253184,44253184,44253184
B,immediate-win,phase3a,6,65536,4.830999998375773,4.830999999995811,1.4189521631118298,1.4263750053942204,2723,1.35136476426799,708,41,29,0.010650018362100624,669,1672,65536,887,2,1052358,1054840,1058672,45383680,45383680,45383680
B,immediate-win,phase3a,8,unbounded,21.63741714321077,21.61999999999864,1.0,0.0,12470,1.0,0,3636,1470,0.11788291900561347,2697,6857,,0,,387822,402420,416200,44220416,44335104,44335104
B,immediate-win,phase3a,8,16384,39.28987495601177,39.23199999999838,1.8158301749217727,17.652457812801003,22729,1.8226944667201284,10259,91,114,0.005015618812970214,5725,13646,16384,7793,2,269270,272024,276384,44285952,44285952,44285952
B,immediate-win,phase3a,8,32768,39.259792072698474,39.19499999999232,1.8144398572551959,17.622374929487705,22729,1.8226944667201284,10259,93,114,0.005015618812970214,5725,13646,32768,7791,2,531550,534312,538672,44449792,44449792,44449792
B,immediate-win,phase3a,8,65536,38.98245794698596,38.95900000000552,1.8016225175571656,17.34504080377519,22540,1.8075380914194066,10070,134,216,0.009582963620230702,5603,13513,65536,7619,2,1058542,1061424,1065784,45072384,45072384,45072384
B,immediate-win,phase3a,10,unbounded,106.65941704064608,106.5669999999983,1.0,0.0,59934,1.0,0,18565,8028,0.13394734207628392,14178,30391,,0,,1816354,1886316,1890488,44400640,46415872,46415872
B,immediate-win,phase3a,10,16384,256.01720879785717,255.7819999999964,2.400324471118133,149.3577917572111,144577,2.412270163846898,84643,261,927,0.006411808240591519,41433,77588,16384,54301,14,280858,284500,289392,44285952,44302336,44302336
B,immediate-win,phase3a,10,32768,257.1785419713706,256.9640000000106,2.4112127096416085,150.5191249307245,144553,2.4118697233623654,84619,297,934,0.006461297932246304,41420,77576,32768,54250,15,545394,549076,553968,44482560,44515328,44515328
B,immediate-win,phase3a,10,65536,255.95800019800663,255.74899999999445,2.3997693527657797,149.29858315736055,143211,2.3894784262688957,83277,405,1638,0.011437668894149192,40485,77036,65536,53141,25,1076998,1081012,1085904,44908544,44908544,44908544
B,forced-reply,phase3a,4,unbounded,0.5609169602394104,0.5600000000072214,1.0,0.0,345,1.0,0,92,0,0.0,52,211,,0,,11590,14064,18552,44515328,44515328,44515328
B,forced-reply,phase3a,4,16384,0.6361249834299088,0.6360000000142918,1.134080494122335,0.07520802319049835,345,1.0,0,9,0,0.0,52,211,16384,83,0,263722,265992,269168,44302336,44302336,44302336
B,forced-reply,phase3a,4,32768,0.6922080647200346,0.6930000000124892,1.2340651358172279,0.1312911044806242,345,1.0,0,9,0,0.0,52,211,32768,83,0,525866,528136,531312,44630016,44630016,44630016
B,forced-reply,phase3a,4,65536,0.8129170164465904,0.8119999999962602,1.4492644617121604,0.25200005620718,345,1.0,0,14,0,0.0,52,211,65536,78,0,1050494,1052752,1055928,45367296,45367296,45367296
B,forced-reply,phase3a,6,unbounded,2.681915881112218,2.6820000000213895,1.0,0.0,1540,1.0,0,479,85,0.05519480519480519,315,815,,0,,51394,55108,58188,44384256,44384256,44384256
B,forced-reply,phase3a,6,16384,3.3057089895009995,3.3030000000167092,1.2325923466809436,0.6237931083887815,1813,1.1772727272727272,273,32,4,0.002206287920573635,418,1003,16384,573,0,265314,267936,271608,44498944,44498944,44498944
B,forced-reply,phase3a,6,32768,3.342374926432967,3.3320000000003347,1.2462638929028789,0.6604590453207493,1813,1.1772727272727272,273,32,4,0.002206287920573635,418,1003,32768,573,0,527458,530080,533752,44630016,44630016,44630016
B,forced-reply,phase3a,6,65536,3.511040937155485,3.500000000002501,1.3091540125782843,0.8291250560432673,1808,1.174025974025974,268,49,8,0.004424778761061947,414,998,65536,552,0,1052902,1055592,1059264,45072384,45072384,45072384
B,forced-reply,phase3a,8,unbounded,14.478707918897271,14.473000000009506,1.0,0.0,8293,1.0,0,2663,632,0.07620885083805619,1865,4384,,0,,248622,259556,262636,44204032,44253184,44253184
B,forced-reply,phase3a,8,16384,21.426957799121737,21.411999999997988,1.47989433305411,6.948249880224466,12201,1.4712408054986132,3908,100,56,0.004589787722317842,3081,6836,16384,4181,2,269910,272896,277032,44400640,44400640,44400640
B,forced-reply,phase3a,8,32768,21.52729220688343,21.510000000006357,1.4868241232207269,7.048584287986159,12201,1.4712408054986132,3908,100,56,0.004589787722317842,3081,6836,32768,4181,2,532054,535040,539176,44466176,44466176,44466176
B,forced-reply,phase3a,8,65536,21.609459072351456,21.584000000018477,1.4924991368979337,7.1307511534541845,12154,1.4655733751356566,3861,145,86,0.007075859799243048,3048,6811,65536,4099,4,1059374,1062504,1066640,45023232,45039616,45039616
B,forced-reply,phase3a,10,unbounded,54.66533312574029,54.57400000000234,1.0,0.0,30407,1.0,0,10297,3522,0.11582859210050317,7563,13904,,0,,967722,1006132,1009212,44269568,45023232,45023232
B,forced-reply,phase3a,10,16384,108.89991605654359,108.81100000000288,1.992120231043938,54.2345829308033,58550,1.9255434603874109,28143,250,396,0.0067634500426985485,18243,27547,16384,23297,7,280054,283568,288264,44498944,44515328,44515328
B,forced-reply,phase3a,10,32768,109.18150003999472,108.93399999997655,1.9972712832254629,54.51616691425443,58542,1.925280363074292,28135,278,401,0.006849783061733456,18242,27539,32768,23264,10,544046,547692,552360,44531712,44548096,44548096
B,forced-reply,phase3a,10,65536,108.13866695389152,108.03100000001109,1.9781946028784414,53.473333828151226,57896,1.904035255039958,27489,400,608,0.010501589056238773,17866,27298,65536,22725,15,1076490,1080380,1085048,45105152,45105152,45105152
B,double-threat-loss,phase3a,4,unbounded,0.19441591575741768,0.19399999999336615,1.0,0.0,81,1.0,0,38,0,0.0,32,0,,0,,4426,6680,9468,44318720,44318720,44318720
B,double-threat-loss,phase3a,4,16384,0.258082989603281,0.25800000000231194,1.3274787128297865,0.06366707384586334,81,1.0,0,9,0,0.0,32,0,16384,29,0,263722,265824,268820,44187648,44187648,44187648
B,double-threat-loss,phase3a,4,32768,0.3192080184817314,0.3189999999904103,1.641882133148106,0.12479210272431374,81,1.0,0,9,0,0.0,32,0,32768,29,0,525866,527968,530964,44498944,44498944,44498944
B,double-threat-loss,phase3a,4,65536,0.4399591125547886,0.43999999999755346,2.2629788864804015,0.2455431967973709,81,1.0,0,9,0,0.0,32,0,65536,29,0,1050154,1052256,1055252,44924928,44924928,44924928
B,double-threat-loss,phase3a,6,unbounded,0.1968329306691885,0.19600000001673834,1.0,0.0,81,1.0,0,38,0,0.0,32,0,,0,,4426,6680,9468,44335104,44335104,44335104
B,double-threat-loss,phase3a,6,16384,0.25804084725677967,0.25800000000231194,1.31096380254817,0.06120791658759117,81,1.0,0,9,0,0.0,32,0,16384,29,0,263722,265824,268820,44204032,44204032,44204032
B,double-threat-loss,phase3a,6,32768,0.32033398747444153,0.32000000001630724,1.6274410302451765,0.12350105680525303,81,1.0,0,9,0,0.0,32,0,32768,29,0,525866,527968,530964,44580864,44580864,44580864
B,double-threat-loss,phase3a,6,65536,0.4398338496685028,0.43999999999755346,2.234554188535246,0.2430009189993143,81,1.0,0,9,0,0.0,32,0,65536,29,0,1050154,1052256,1055252,44990464,44990464,44990464
B,double-threat-loss,phase3a,8,unbounded,0.19295793026685715,0.1930000000243126,1.0,0.0,81,1.0,0,38,0,0.0,32,0,,0,,4426,6680,9468,44302336,44302336,44302336
B,double-threat-loss,phase3a,8,16384,0.25995797477662563,0.26000000002568413,1.347226177318075,0.06700004450976849,81,1.0,0,9,0,0.0,32,0,16384,29,0,263722,265824,268820,44351488,44351488,44351488
B,double-threat-loss,phase3a,8,32768,0.3198748454451561,0.32000000001630724,1.6577439704228547,0.12691691517829895,81,1.0,0,9,0,0.0,32,0,32768,29,0,525866,527968,530964,44285952,44285952,44285952
B,double-threat-loss,phase3a,8,65536,0.4312500823289156,0.43099999999185457,2.2349435534082738,0.23829215206205845,81,1.0,0,9,0,0.0,32,0,65536,29,0,1050154,1052256,1055252,45350912,45350912,45350912
B,double-threat-loss,phase3a,10,unbounded,0.19175000488758087,0.19100000000094042,1.0,0.0,81,1.0,0,38,0,0.0,32,0,,0,,4426,6680,9468,44367872,44367872,44367872
B,double-threat-loss,phase3a,10,16384,0.25666598230600357,0.2570000000048367,1.3385448540482783,0.0649159774184227,81,1.0,0,9,0,0.0,32,0,16384,29,0,263722,265824,268820,44204032,44204032,44204032
B,double-threat-loss,phase3a,10,32768,0.3189581912010908,0.3189999999904103,1.6634064306182914,0.12720818631350994,81,1.0,0,9,0,0.0,32,0,32768,29,0,525866,527968,530964,44498944,44498944,44498944
B,double-threat-loss,phase3a,10,65536,0.4366249777376652,0.4359999999792308,2.277053280878139,0.2448749728500843,81,1.0,0,9,0,0.0,32,0,65536,29,0,1050154,1052256,1055252,45006848,45006848,45006848
B,dense-endgame,phase3a,4,unbounded,0.020958948880434036,0.021000000003823516,1.0,0.0,4,1.0,0,3,0,0.0,0,0,,0,,1018,2576,5336,44302336,44302336,44302336
B,dense-endgame,phase3a,4,16384,0.08208421058952808,0.08199999999192187,3.916427825546002,0.06112526170909405,4,1.0,0,1,0,0.0,0,0,16384,2,0,263150,264672,267736,44056576,44056576,44056576
B,dense-endgame,phase3a,4,32768,0.1432918943464756,0.14299999998002022,6.836788197915972,0.12233294546604156,4,1.0,0,1,0,0.0,0,0,32768,2,0,525294,526816,529880,44449792,44449792,44449792
B,dense-endgame,phase3a,4,65536,0.26429188437759876,0.2639999999871634,12.609978004399121,0.24333293549716473,4,1.0,0,1,0,0.0,0,0,65536,2,0,1049582,1051104,1054168,44990464,44990464,44990464
B,dense-endgame,phase3a,6,unbounded,0.023083994165062904,0.022999999998774,1.0,0.0,4,1.0,0,3,0,0.0,0,0,,0,,1018,2576,5336,44400640,44400640,44400640
B,dense-endgame,phase3a,6,16384,0.0844169408082962,0.0849999999843476,3.656946895960462,0.0613329466432333,4,1.0,0,1,0,0.0,0,0,16384,2,0,263150,264672,267736,44417024,44417024,44417024
B,dense-endgame,phase3a,6,32768,0.1449999399483204,0.14500000000339242,6.2814060214836855,0.12191594578325748,4,1.0,0,1,0,0.0,0,0,32768,2,0,525294,526816,529880,44580864,44580864,44580864
B,dense-endgame,phase3a,6,65536,0.2661249600350857,0.2669999999795891,11.5285490947602,0.24304096587002277,4,1.0,0,1,0,0.0,0,0,65536,2,0,1049582,1051104,1054168,45121536,45121536,45121536
B,dense-endgame,phase3a,8,unbounded,0.02295803278684616,0.022999999998774,1.0,0.0,4,1.0,0,3,0,0.0,0,0,,0,,1018,2576,5336,44367872,44367872,44367872
B,dense-endgame,phase3a,8,16384,0.08516618981957436,0.0850000000127693,3.7096466674779927,0.062208157032728195,4,1.0,0,1,0,0.0,0,0,16384,2,0,263150,264672,267736,44335104,44335104,44335104
B,dense-endgame,phase3a,8,32768,0.14545791782438755,0.14600000000086766,6.335818019552959,0.12249988503754139,4,1.0,0,1,0,0.0,0,0,32768,2,0,525294,526816,529880,44580864,44580864,44580864
B,dense-endgame,phase3a,8,65536,0.2668339293450117,0.26700000000801083,11.622682649791084,0.24387589655816555,4,1.0,0,1,0,0.0,0,0,65536,2,0,1049582,1051104,1054168,44826624,44826624,44826624
B,dense-endgame,phase3a,10,unbounded,0.023250002413988113,0.023999999996249244,1.0,0.0,4,1.0,0,3,0,0.0,0,0,,0,,1018,2576,5336,44236800,44236800,44236800
B,dense-endgame,phase3a,10,16384,0.08574989624321461,0.08699999997929808,3.688167197420337,0.062499893829226494,4,1.0,0,1,0,0.0,0,0,16384,2,0,263150,264672,267736,44335104,44335104,44335104
B,dense-endgame,phase3a,10,32768,0.14579202979803085,0.14600000000086766,6.270624286486811,0.12254202738404274,4,1.0,0,1,0,0.0,0,0,32768,2,0,525294,526816,529880,44564480,44564480,44564480
B,dense-endgame,phase3a,10,65536,0.26670913212001324,0.26700000000801083,11.471359330248953,0.24345912970602512,4,1.0,0,1,0,0.0,0,0,65536,2,0,1049582,1051104,1054168,45072384,45072384,45072384
B,quiet-5,phase3a,4,unbounded,0.6576660089194775,0.6579999999871688,1.0,0.0,399,1.0,0,103,13,0.03258145363408521,64,250,,0,,12366,15008,18456,44318720,44318720,44318720
B,quiet-5,phase3a,4,16384,0.7208751048892736,0.7209999999986394,1.0961112405271585,0.06320909596979618,403,1.0100250626566416,4,13,0,0.0,67,254,16384,103,0,263994,266240,269328,44564480,44564480,44564480
B,quiet-5,phase3a,4,32768,0.788042088970542,0.7880000000000109,1.198240563268988,0.1303760800510645,403,1.0100250626566416,4,13,0,0.0,67,254,32768,103,0,526138,528384,531472,44269568,44269568,44269568
B,quiet-5,phase3a,4,65536,0.8443340193480253,0.844000000000733,1.2838340554276737,0.18666801042854786,403,1.0100250626566416,4,13,0,0.0,67,254,65536,103,0,1050426,1052672,1055760,44908544,44908544,44908544
B,quiet-5,phase3a,6,unbounded,3.9273749571293592,3.92800000000193,1.0,0.0,2255,1.0,0,678,201,0.08913525498891353,490,1065,,0,,65290,70524,73592,44318720,44318720,44466176
B,quiet-5,phase3a,6,16384,4.8950419295579195,4.887999999994008,1.2463902690706818,0.9676669724285603,2822,1.2514412416851441,567,40,12,0.004252303330970942,632,1444,16384,927,1,265858,268504,272152,44204032,44204032,44204032
B,quiet-5,phase3a,6,32768,4.906750051304698,4.9040000000104556,1.2493714261729658,0.9793750941753387,2822,1.2514412416851441,567,40,12,0.004252303330970942,632,1444,32768,927,1,528002,530648,534296,44498944,44498944,44498944
B,quiet-5,phase3a,6,65536,5.007500061765313,5.004000000013775,1.27502469624786,1.080125104635954,2822,1.2514412416851441,567,40,12,0.004252303330970942,632,1444,65536,927,1,1052290,1054936,1058584,45301760,45301760,45301760
B,quiet-5,phase3a,8,unbounded,12.253749882802367,12.247999999999593,1.0,0.0,6563,1.0,0,2261,824,0.12555233886941947,1688,2274,,0,,228230,239748,242976,44187648,44220416,44220416
B,quiet-5,phase3a,8,16384,21.259583067148924,21.244999999993297,1.7349450797086916,9.005833184346557,11908,1.814414139875057,5345,70,75,0.006298286865972455,2943,5217,16384,4459,2,267898,270920,275064,44285952,44285952,44285952
B,quiet-5,phase3a,8,32768,21.394958021119237,21.37500000000614,1.745992714535995,9.14120813831687,11908,1.814414139875057,5345,70,75,0.006298286865972455,2943,5217,32768,4459,2,530042,533064,537208,44630016,44630016,44630016
B,quiet-5,phase3a,8,65536,21.527000004425645,21.490999999997484,1.756768353386901,9.273250121623278,11908,1.814414139875057,5345,70,75,0.006298286865972455,2943,5217,65536,4459,2,1054330,1057352,1061496,45137920,45137920,45137920
B,quiet-5,phase3a,10,unbounded,20.872749853879213,20.853999999985717,1.0,0.0,10140,1.0,0,4174,1539,0.15177514792899408,3124,2152,,0,,431462,450372,454104,44597248,44744704,44744704
B,quiet-5,phase3a,10,16384,43.3746250346303,43.362999999999374,2.078050344984568,22.501875180751085,21633,2.133431952662722,11493,98,370,0.017103499283502056,6586,6381,16384,9897,5,269802,273224,278088,44335104,44335104,44335104
B,quiet-5,phase3a,10,32768,43.30587503500283,43.26799999998343,2.0747565767887743,22.433125181123614,21633,2.133431952662722,11493,98,370,0.017103499283502056,6586,6381,32768,9897,5,531946,535368,540232,44810240,44826624,44826624
B,quiet-5,phase3a,10,65536,43.55383408255875,43.51599999998257,2.086636135030586,22.681084228679538,21633,2.133431952662722,11493,98,370,0.017103499283502056,6586,6381,65536,9897,5,1056234,1059656,1064520,45334528,45334528,45334528
B,supplement-main-003,phase3a,4,unbounded,1.1820420622825623,1.1810000000025411,1.0,0.0,746,1.0,0,158,46,0.06166219839142091,89,540,,0,,15462,17504,20368,44253184,44253184,44646400
B,supplement-main-003,phase3a,4,16384,1.4085420407354832,1.4089999999953307,1.1916175284114188,0.2264999784529209,838,1.123324396782842,92,10,2,0.002386634844868735,104,632,16384,192,2,263734,265776,268920,44384256,44384256,44384256
B,supplement-main-003,phase3a,4,32768,1.4596660621464252,1.4600000000086766,1.234868122482682,0.277623999863863,836,1.1206434316353888,90,15,5,0.005980861244019139,102,630,32768,184,3,526218,528184,531392,44482560,44482560,44482560
B,supplement-main-003,phase3a,4,65536,1.5430001076310873,1.543999999995549,1.3053681902414733,0.36095804534852505,836,1.1206434316353888,90,20,7,0.008373205741626795,102,630,65536,177,5,1050846,1052832,1056008,45056000,45056000,45056000
B,supplement-main-003,phase3a,6,unbounded,9.646167047321796,9.637000000026319,1.0,0.0,5647,1.0,0,1422,711,0.12590756153709934,1027,3399,,0,,165634,171316,207432,44613632,44613632,44613632
B,supplement-main-003,phase3a,6,16384,15.199624933302402,15.188999999992348,1.575716536810597,5.553457885980606,9301,1.6470692403045866,3654,35,27,0.0029029136651972905,1726,6375,16384,2712,1,265518,267896,271600,44351488,44351488,44351488
B,supplement-main-003,phase3a,6,32768,15.188041841611266,15.178999999989173,1.5745157394747937,5.54187479428947,9251,1.6382149814060563,3604,53,48,0.005188628256404713,1709,6326,32768,2673,2,528858,531272,534976,44515328,44515328,44515328
B,supplement-main-003,phase3a,6,65536,15.255540842190385,15.243999999995594,1.5815132339457048,5.6093737948685884,9215,1.6318399149991145,3568,74,77,0.008355941399891481,1690,6290,65536,2624,8,1054462,1056880,1060616,44924928,44941312,44941312
B,supplement-main-003,phase3a,8,unbounded,44.353000121191144,44.327000000009775,1.0,0.0,24897,1.0,0,7303,4032,0.16194722255693458,5624,12416,,0,,769198,795244,822048,44335104,44859392,44859392
B,supplement-main-003,phase3a,8,16384,116.62191711366177,116.5539999999794,2.629403124816842,72.26891699247062,69131,2.776679921275656,44234,103,339,0.004903733491487177,15772,42438,16384,23295,4,270114,272984,277248,44285952,44285952,44285952
B,supplement-main-003,phase3a,8,32768,116.22749990783632,116.14199999999641,2.6205104410130917,71.87449978664517,68845,2.7651925934851587,43948,158,466,0.0067688285278524225,15625,42203,32768,23072,9,535886,538928,543224,44515328,44515328,44515328
B,supplement-main-003,phase3a,8,65536,115.8005001489073,115.70400000002223,2.610883138288084,71.44750002771616,68460,2.7497288829979514,43563,197,632,0.009231668127373648,15477,41866,65536,22821,35,1062742,1065704,1070224,45023232,45023232,45023232
B,supplement-main-003,phase3a,10,unbounded,163.78333303146064,163.6220000000037,1.0,0.0,87810,1.0,0,28395,16340,0.18608358956838628,22427,36833,,0,,3170822,3274268,3421792,44531712,48660480,48660480
B,supplement-main-003,phase3a,10,16384,700.6924590095878,700.0170000000026,4.27816705180248,536.9091259781271,398885,4.54259195991345,311075,234,2508,0.006287526480063176,105057,215443,16384,150562,14,278826,282224,287048,44089344,44089344,44335104
B,supplement-main-003,phase3a,10,32768,704.0333340410143,703.394000000003,4.298565189815613,540.2500010095537,397631,4.52831112629541,309821,365,3013,0.00757737701537355,104482,214455,32768,149741,24,549738,553572,558496,44367872,44384256,44384256
B,supplement-main-003,phase3a,10,65536,699.2545838002115,698.6770000000035,4.269387921577429,535.4712507687509,396171,4.511684318414759,308361,472,3547,0.008953204550560237,103831,213379,65536,148821,46,1081162,1085244,1090232,44761088,44793856,44793856
B,seeded-00,seeded,4,unbounded,1.4097918756306171,1.409999999992806,1.0,0.0,883,1.0,0,173,36,0.04077010192525481,102,648,,0,,21742,24672,31776,44564480,44564480,44564480
B,seeded-00,seeded,4,16384,1.5910409856587648,1.5830000000107702,1.1285644449802725,0.1812491100281477,955,1.0815402038505095,72,21,2,0.0020942408376963353,120,711,16384,186,0,264566,266920,270096,44400640,44400640,44400640
B,seeded-00,seeded,4,32768,1.6399170272052288,1.6400000000089676,1.1632334215798157,0.23012515157461166,955,1.0815402038505095,72,21,2,0.0020942408376963353,120,711,32768,186,0,526710,529064,532240,44433408,44433408,44433408
B,seeded-00,seeded,4,65536,1.7555828671902418,1.7560000000003129,1.2452780424805243,0.34579099155962467,955,1.0815402038505095,72,21,2,0.0020942408376963353,120,711,65536,186,0,1050998,1053352,1056528,45088768,45088768,45088768
B,seeded-00,seeded,6,unbounded,11.872708098962903,11.861999999979389,1.0,0.0,7103,1.0,0,1548,620,0.08728706180487118,1073,4524,,0,,178822,187052,214000,44302336,44302336,44302336
B,seeded-00,seeded,6,16384,15.300791943445802,15.296000000006416,1.288736471570656,3.4280838444828987,9299,1.3091651414895116,2196,90,23,0.0024733842348639637,1594,6214,16384,2303,2,269258,272176,275912,44269568,44269568,44269568
B,seeded-00,seeded,6,32768,15.436666086316109,15.41000000000281,1.3001807134182404,3.5639579873532057,9299,1.3091651414895116,2196,90,23,0.0024733842348639637,1594,6214,32768,2303,2,531402,534320,538056,44580864,44580864,44580864
B,seeded-00,seeded,6,65536,15.480499947443604,15.476000000006707,1.303872698495455,3.6077918484807014,9299,1.3091651414895116,2196,90,23,0.0024733842348639637,1594,6214,65536,2303,2,1055690,1058608,1062344,45187072,45187072,45187072
B,seeded-00,seeded,8,unbounded,59.604291804134846,59.54499999998575,1.0,0.0,35049,1.0,0,8279,3622,0.10334103683414649,6073,20457,,0,,852366,886244,889496,44531712,45154304,45154304
B,seeded-00,seeded,8,16384,104.55641616135836,104.4689999999946,1.7541759661357994,44.95212435722351,63247,1.8045307997375104,28198,311,211,0.0033361266147010926,11165,41257,16384,16406,15,284286,288372,292640,44498944,44498944,44498944
B,seeded-00,seeded,8,32768,105.19012506119907,104.92800000000102,1.764807900190534,45.58583325706422,63232,1.8041028274701132,28183,332,212,0.003352732793522267,11157,41254,32768,16376,15,547858,552028,556296,44662784,44662784,44662784
B,seeded-00,seeded,8,65536,104.66962517239153,104.54500000000166,1.756075309414723,45.06533336825669,63232,1.8041028274701132,28183,332,212,0.003352732793522267,11157,41254,65536,16376,15,1072146,1076316,1080584,45383680,45383680,45383680
B,seeded-00,seeded,10,unbounded,235.79958290793002,235.5840000000171,1.0,0.0,134238,1.0,0,34557,17305,0.12891282647238486,26855,70300,,0,,3635898,3771636,3775176,44138496,48775168,48775168
B,seeded-00,seeded,10,16384,605.7934588752687,605.2250000000186,2.5691031824759674,369.9938759673387,338442,2.5212085996513656,204204,806,1459,0.0043109306764526865,70523,204327,16384,99988,62,317750,323788,328640,44122112,44138496,44138496
B,seeded-00,seeded,10,32768,606.8163339514285,606.3230000000033,2.573441082753591,371.0167510434985,337553,2.5145860337609323,203315,974,1612,0.0047755463586459015,70261,203681,32768,99457,84,591318,597964,602816,44597248,44613632,44613632
B,seeded-00,seeded,10,65536,608.6521248798817,608.0340000000035,2.5812264694188847,372.8525419719517,337553,2.5145860337609323,203315,974,1612,0.0047755463586459015,70261,203681,65536,99457,84,1115606,1122252,1127104,44826624,44859392,44859392
B,seeded-01,seeded,4,unbounded,0.27808290906250477,0.2779999999802385,1.0,0.0,126,1.0,0,53,0,0.0,42,31,,0,,6542,9024,11812,44269568,44269568,44269568
B,seeded-01,seeded,4,16384,0.3394591622054577,0.3399999999942338,1.220712065153049,0.06137625314295292,126,1.0,0,10,0,0.0,42,31,16384,43,0,263790,266064,269208,44253184,44253184,44253184
B,seeded-01,seeded,4,32768,0.39954110980033875,0.3990000000158034,1.4367697430500261,0.12145820073783398,126,1.0,0,10,0,0.0,42,31,32768,43,0,525934,528208,531352,44580864,44580864,44580864
B,seeded-01,seeded,4,65536,0.5274580325931311,0.527000000033695,1.8967653724975029,0.2493751235306263,126,1.0,0,10,0,0.0,42,31,65536,43,0,1050222,1052496,1055640,45367296,45367296,45367296
B,seeded-01,seeded,6,unbounded,0.868417089805007,0.8690000000228792,1.0,0.0,443,1.0,0,158,15,0.033860045146726865,113,187,,0,,16050,19104,21928,44122112,44122112,44122112
B,seeded-01,seeded,6,16384,1.0037501342594624,0.9999999999763531,1.1558387623219655,0.13533304445445538,457,1.0316027088036117,14,25,1,0.002188183807439825,127,187,16384,147,0,264838,267432,271040,44515328,44515328,44515328
B,seeded-01,seeded,6,32768,1.0250410996377468,1.0260000000243963,1.1803557434226772,0.15662400983273983,457,1.0316027088036117,14,25,1,0.002188183807439825,127,187,32768,147,0,526982,529576,533184,44613632,44613632,44613632
B,seeded-01,seeded,6,65536,1.1619159486144781,1.1620000000220898,1.3379699251144088,0.29349885880947113,457,1.0316027088036117,14,25,1,0.002188183807439825,127,187,65536,147,0,1051270,1053864,1057472,44924928,44924928,44924928
B,seeded-01,seeded,8,unbounded,3.2196249812841415,3.219000000001415,1.0,0.0,1835,1.0,0,568,123,0.0670299727520436,384,910,,0,,56998,61484,64568,44564480,44597248,44777472
B,seeded-01,seeded,8,16384,4.066041903570294,4.059999999981301,1.2628930161762384,0.8464169222861528,2282,1.2435967302452315,447,59,8,0.0035056967572304996,501,1225,16384,683,1,267122,270008,274048,44171264,44171264,44171264
B,seeded-01,seeded,8,32768,4.145749844610691,4.146000000048389,1.2876499184563932,0.9261248633265495,2282,1.2435967302452315,447,62,8,0.0035056967572304996,501,1225,32768,680,1,529470,532368,536408,44367872,44367872,44367872
B,seeded-01,seeded,8,65536,4.2519590351730585,4.2450000000258115,1.3206379810971565,1.032334053888917,2282,1.2435967302452315,447,62,8,0.0035056967572304996,501,1225,65536,680,1,1053758,1056656,1060696,45056000,45056000,45056000
B,seeded-01,seeded,10,unbounded,9.824999840930104,9.80600000002596,1.0,0.0,5221,1.0,0,1796,691,0.13235012449722275,1291,2033,,0,,193614,202412,211520,44154880,44171264,44171264
B,seeded-01,seeded,10,16384,15.928874956443906,15.883999999971365,1.621259563800254,6.103875115513802,8156,1.5621528442827044,2935,100,31,0.0038008827856792545,2534,3438,16384,3240,1,269938,273184,277720,44548096,44548096,44548096
B,seeded-01,seeded,10,32768,15.640166122466326,15.628999999989901,1.5918744402733462,5.8151662815362215,8085,1.548553916874162,2864,136,47,0.0058132343846629565,2494,3395,32768,3160,1,534474,537760,542296,44482560,44498944,44498944
B,seeded-01,seeded,10,65536,15.711167128756642,15.692999999998847,1.5991010059160786,5.886167287826538,8085,1.548553916874162,2864,136,47,0.0058132343846629565,2494,3395,65536,3160,1,1058762,1062048,1066584,45170688,45187072,45187072
B,seeded-02,seeded,4,unbounded,0.4616670776158571,0.4610000000297987,1.0,0.0,232,1.0,0,93,20,0.08620689655172414,71,42,,0,,11686,14256,18360,44548096,44548096,44548096
B,seeded-02,seeded,4,16384,0.5424590781331062,0.542000000052667,1.1750005673665869,0.08079200051724911,250,1.0775862068965518,18,17,2,0.008,89,42,16384,94,0,264294,266528,269704,44285952,44285952,44285952
B,seeded-02,seeded,4,32768,0.6239158101379871,0.6210000000237414,1.3514409850492601,0.16224873252213,250,1.0775862068965518,18,17,2,0.008,89,42,32768,94,0,526438,528672,531848,44236800,44236800,44236800
B,seeded-02,seeded,4,65536,0.6896250415593386,0.6890000000225882,1.4937713235275576,0.22795796394348145,250,1.0775862068965518,18,17,2,0.008,89,42,65536,94,0,1050726,1052960,1056136,45056000,45056000,45056000
B,seeded-02,seeded,6,unbounded,1.0307091288268566,1.029000000016822,1.0,0.0,527,1.0,0,167,20,0.03795066413662239,108,251,,0,,16718,19768,22744,44302336,44302336,44302336
B,seeded-02,seeded,6,16384,1.1542919091880322,1.1549999999829197,1.1199007332959554,0.12358278036117554,545,1.0341555977229602,18,17,2,0.003669724770642202,126,251,16384,168,0,264294,266744,270248,44154880,44154880,44154880
B,seeded-02,seeded,6,32768,1.2077500578016043,1.2080000000196378,1.1717661404398871,0.17704092897474766,545,1.0341555977229602,18,17,2,0.003669724770642202,126,251,32768,168,0,526438,528888,532392,44630016,44630016,44630016
B,seeded-02,seeded,6,65536,1.3323328457772732,1.331999999990785,1.2926370869478199,0.30162371695041656,545,1.0341555977229602,18,17,2,0.003669724770642202,126,251,65536,168,0,1050726,1053176,1056680,45121536,45121536,45121536
B,seeded-02,seeded,8,unbounded,2.5962910149246454,2.5890000000003965,1.0,0.0,1328,1.0,0,421,110,0.08283132530120482,269,573,,0,,47730,51836,58048,44138496,44138496,44138496
B,seeded-02,seeded,8,16384,3.5282501485198736,3.5279999999602296,1.358957885783184,0.9319591335952282,1803,1.3576807228915662,475,29,3,0.0016638935108153079,376,910,16384,552,0,265110,267824,271792,44236800,44236800,44236800
B,seeded-02,seeded,8,32768,3.600417170673609,3.6000000000058208,1.3867540849530333,1.0041261557489634,1803,1.3576807228915662,475,29,3,0.0016638935108153079,376,910,32768,552,0,527254,529968,533936,44449792,44449792,44449792
B,seeded-02,seeded,8,65536,3.7297499366104603,3.730000000018663,1.4365685183864922,1.1334589216858149,1803,1.3576807228915662,475,29,3,0.0016638935108153079,376,910,65536,552,0,1051542,1054256,1058224,45088768,45088768,45088768
B,seeded-02,seeded,10,unbounded,4.8057090025395155,4.805000000033033,1.0,0.0,2290,1.0,0,835,367,0.16026200873362445,585,516,,0,,94406,100652,111560,44580864,44580864,44580864
B,seeded-02,seeded,10,16384,8.46379203721881,8.451999999977033,1.7611952851798198,3.6580830346792936,3770,1.6462882096069869,1480,45,28,0.007427055702917772,1271,851,16384,1592,0,266198,269192,273688,44384256,44384256,44384256
B,seeded-02,seeded,10,32768,8.524707984179258,8.516999999983454,1.7738710312410688,3.718998981639743,3770,1.6462882096069869,1480,47,28,0.007427055702917772,1271,851,32768,1590,0,528478,531480,535976,44449792,44449792,44449792
B,seeded-02,seeded,10,65536,8.61699995584786,8.60499999998865,1.7930756837949022,3.811290953308344,3770,1.6462882096069869,1480,47,28,0.007427055702917772,1271,851,65536,1590,0,1052766,1055768,1060264,45350912,45350912,45350912
B,seeded-03,seeded,4,unbounded,0.30700000934302807,0.3070000000207074,1.0,0.0,148,1.0,0,60,0,0.0,46,47,,0,,7018,9424,12220,44154880,44154880,44154880
B,seeded-03,seeded,4,16384,0.37462497130036354,0.3749999999627107,1.2202767423429437,0.06762496195733547,148,1.0,0,9,0,0.0,46,47,16384,51,0,263722,265920,269064,44302336,44302336,44302336
B,seeded-03,seeded,4,32768,0.43454207479953766,0.43500000003859896,1.4154464546416343,0.1275420654565096,148,1.0,0,10,0,0.0,46,47,32768,50,0,525934,528136,531280,44466176,44466176,44466176
B,seeded-03,seeded,4,65536,0.5602499004453421,0.5600000000072214,1.8249181869546587,0.253249891102314,148,1.0,0,17,0,0.0,46,47,65536,43,0,1050698,1052928,1056072,45056000,45056000,45056000
B,seeded-03,seeded,6,unbounded,0.9169999975711107,0.9169999999585343,1.0,0.0,478,1.0,0,185,30,0.06276150627615062,133,188,,0,,22082,24880,31400,44269568,44269568,44269568
B,seeded-03,seeded,6,16384,1.0647918097674847,1.0649999999827742,1.1611688250685226,0.14779181219637394,525,1.098326359832636,47,15,2,0.0038095238095238095,152,235,16384,198,0,264158,266504,270112,44138496,44138496,44138496
B,seeded-03,seeded,6,32768,1.1234588455408812,1.1230000000068685,1.2251459634859596,0.20645884796977043,525,1.098326359832636,47,23,4,0.007619047619047619,152,235,32768,188,2,526818,529064,532672,44531712,44531712,44531712
B,seeded-03,seeded,6,65536,1.2484998442232609,1.2480000000323344,1.3615047410362107,0.33149984665215015,525,1.098326359832636,47,33,4,0.007619047619047619,152,235,65536,178,2,1051758,1053944,1057552,45154304,45154304,45154304
B,seeded-03,seeded,8,unbounded,3.3885000739246607,3.3880000000294785,1.0,0.0,1801,1.0,0,618,250,0.138811771238201,440,743,,0,,60594,65340,68640,44269568,44269568,44269568
B,seeded-03,seeded,8,16384,4.934166790917516,4.923000000019329,1.4561507107192175,1.545666716992855,2612,1.450305385896724,811,33,24,0.009188361408882083,684,1333,16384,978,0,265382,268104,272144,44253184,44253184,44253184
B,seeded-03,seeded,8,32768,4.931999836117029,4.925999999954911,1.4555112080622272,1.5434997621923685,2599,1.4430871737923376,798,51,28,0.010773374374759523,676,1328,32768,951,0,528750,531544,535584,44515328,44515328,44515328
B,seeded-03,seeded,8,65536,5.098041146993637,5.089999999995598,1.5045126267590532,1.7095410730689764,2599,1.4430871737923376,798,62,28,0.010773374374759523,676,1328,65536,940,0,1053786,1056624,1060664,44924928,44924928,44924928
B,seeded-03,seeded,10,unbounded,11.439374880865216,11.428999999964162,1.0,0.0,5772,1.0,0,2112,1192,0.20651420651420652,1641,1876,,0,,215466,225660,229280,44302336,44302336,44302336
B,seeded-03,seeded,10,16384,27.88120904006064,27.858999999978096,2.4373018045503416,16.441834159195423,14530,2.5173250173250175,8758,84,157,0.01080523055746731,4571,6371,16384,6177,5,268710,271728,276392,44154880,44154880,44154880
B,seeded-03,seeded,10,32768,27.698874939233065,27.671000000054846,2.421362638055102,16.25950005836785,14433,2.5005197505197505,8661,132,180,0.01247141966327167,4518,6341,32768,6066,6,534062,537264,541832,44597248,44597248,44597248
B,seeded-03,seeded,10,65536,27.7964579872787,27.782000000001972,2.4298930909043097,16.357083106413484,14394,2.493762993762994,8622,143,180,0.012505210504376824,4508,6322,65536,6039,6,1059098,1062344,1066848,45023232,45039616,45039616
B,seeded-04,seeded,4,unbounded,1.544332830235362,1.541000000031545,1.0,0.0,992,1.0,0,215,32,0.03225806451612903,116,739,,0,,24178,26288,30336,44335104,44335104,44335104
B,seeded-04,seeded,4,16384,1.657957909628749,1.6580000000203654,1.0735755124600115,0.11362507939338684,1020,1.028225806451613,28,17,1,0.000980392156862745,136,767,16384,229,0,264294,266312,269392,44367872,44367872,44367872
B,seeded-04,seeded,4,32768,1.7260420136153698,1.725000000021737,1.1176619313029268,0.18170918338000774,1019,1.0272177419354838,27,23,2,0.001962708537782139,135,766,32768,222,0,526846,528888,531968,44318720,44318720,44318720
B,seeded-04,seeded,4,65536,1.84383406303823,1.8340000000307555,1.1939356769079517,0.2995012328028679,1019,1.0272177419354838,27,28,2,0.001962708537782139,135,766,65536,217,0,1051474,1053504,1056584,45023232,45023232,45023232
B,seeded-04,seeded,6,unbounded,13.923499966040254,13.910000000009859,1.0,0.0,8304,1.0,0,2241,620,0.07466281310211946,1577,5261,,0,,220094,228628,231624,44515328,44515328,44515328
B,seeded-04,seeded,6,16384,17.49895792454481,17.483999999967637,1.2567930453711484,3.5754579585045576,10364,1.248073217726397,2060,68,25,0.002412196063296025,2296,6867,16384,3176,3,267762,270272,273944,44285952,44285952,44285952
B,seeded-04,seeded,6,32768,17.57454196922481,17.558000000008178,1.2622215687211933,3.651042003184557,10326,1.2434971098265897,2022,101,56,0.005423203563819485,2265,6829,32768,3112,3,532122,534728,538400,44613632,44613632,44613632
B,seeded-04,seeded,6,65536,17.677791882306337,17.65499999999065,1.2696370830195634,3.7542919162660837,10317,1.2424132947976878,2013,120,67,0.00649413589221673,2258,6820,65536,3082,7,1057702,1060352,1064056,44908544,44908544,44908544
B,seeded-04,seeded,8,unbounded,89.14258400909603,89.04300000000376,1.0,0.0,50920,1.0,0,15094,5178,0.10168892380204242,11381,28589,,0,,1574950,1629636,1638272,44531712,46301184,46301184
B,seeded-04,seeded,8,16384,138.53950006887317,138.43700000001036,1.554133769049557,49.39691605977714,79301,1.5573644933228594,28381,255,380,0.004791868954994262,21036,46790,16384,27642,17,280198,283192,287264,44285952,44285952,44285952
B,seeded-04,seeded,8,32768,138.89995799399912,138.79700000001094,1.558177379958224,49.7573739849031,78859,1.5486842105263159,27939,371,679,0.008610304467467252,20695,46537,32768,27166,23,550062,553492,557504,44728320,44728320,44728320
B,seeded-04,seeded,8,65536,138.76916700974107,138.6850000000095,1.5567101689085117,49.62658300064504,78586,1.543322859387274,27666,454,863,0.010981599776041535,20492,46346,65536,26869,27,1079882,1083628,1087640,45285376,45285376,45285376
B,seeded-04,seeded,10,unbounded,456.46120817400515,456.12900000003265,1.0,0.0,253274,1.0,0,78484,29767,0.11752884228148172,61262,130691,,0,,7774706,8062676,8066040,44269568,54935552,54935552
B,seeded-04,seeded,10,16384,964.9215422105044,964.0939999999887,2.1139179516929985,508.46033403649926,512863,2.024933471260374,259589,714,3261,0.0063584232046374955,148830,280655,16384,190897,80,310822,315660,320168,44105728,44105728,44105728
B,seeded-04,seeded,10,32768,977.3991249967366,975.3939999999943,2.1412534241554817,520.9379168227315,509521,2.0117382755434825,256247,1025,4854,0.00952659458589538,146653,278877,32768,188231,115,593862,599812,604288,44384256,44384256,44384256
B,seeded-04,seeded,10,65536,974.8980840668082,973.9299999999957,2.135774227051453,518.4368758928031,505998,1.9978284387659215,252724,1352,6581,0.013005980260791545,144526,276740,65536,185574,158,1140022,1147164,1151640,45039616,45039616,45039616
B,seeded-05,seeded,4,unbounded,0.7875419687479734,0.7880000000000109,1.0,0.0,473,1.0,0,114,0,0.0,56,311,,0,,13086,15616,18576,44335104,44335104,44335104
B,seeded-05,seeded,4,16384,0.8479580283164978,0.8479999999622123,1.0767147173941387,0.06041605956852436,473,1.0,0,9,0,0.0,56,311,16384,105,0,263722,266024,269296,44351488,44351488,44351488
B,seeded-05,seeded,4,32768,0.9161247871816158,0.9160000000179025,1.1632710681286764,0.1285828184336424,473,1.0,0,9,0,0.0,56,311,32768,105,0,525866,528168,531440,44466176,44466176,44466176
B,seeded-05,seeded,4,65536,1.0490829590708017,1.0489999999663269,1.3320978445613807,0.2615409903228283,473,1.0,0,12,0,0.0,56,311,65536,102,0,1050358,1052640,1055912,45056000,45056000,45056000
B,seeded-05,seeded,6,unbounded,4.524208838120103,4.522000000008575,1.0,0.0,2701,1.0,0,696,108,0.03998519067012218,397,1618,,0,,84114,88852,109432,44597248,44597248,44597248
B,seeded-05,seeded,6,16384,5.617416929453611,5.6150000000343425,1.2416351964397287,1.0932080913335085,3311,1.2258422806368012,610,37,2,0.0006040471156750226,502,2094,16384,835,0,265654,268328,272096,44318720,44318720,44318720
B,seeded-05,seeded,6,32768,5.679624853655696,5.678999999986445,1.2553852080832968,1.155416015535593,3311,1.2258422806368012,610,38,2,0.0006040471156750226,502,2094,32768,834,0,527866,530544,534312,44531712,44531712,44531712
B,seeded-05,seeded,6,65536,5.821750033646822,5.814999999984138,1.2867995802037009,1.297541195526719,3309,1.22510181414291,608,53,4,0.0012088244182532487,500,2092,65536,817,0,1053174,1055848,1059616,45219840,45219840,45219840
B,seeded-05,seeded,8,unbounded,15.172500163316727,15.16500000002452,1.0,0.0,8475,1.0,0,2700,770,0.09085545722713864,1758,3909,,0,,255310,267308,270808,44154880,44187648,44187648
B,seeded-05,seeded,8,16384,22.094208048656583,22.081000000014228,1.4562008773000246,6.921707885339856,11866,1.400117994100295,3391,121,35,0.002949603910332041,3013,5484,16384,4180,1,271366,274536,278800,44122112,44122112,44122112
B,seeded-05,seeded,8,32768,22.14174997061491,22.124999999959982,1.4593343043190778,6.969249807298183,11864,1.399882005899705,3389,139,37,0.0031186783546864466,3011,5482,32768,4160,1,534734,537976,542240,44597248,44597248,44597248
B,seeded-05,seeded,8,65536,22.190666990354657,22.178999999994176,1.4625583622668916,7.0181668270379305,11852,1.3984660766961652,3377,191,49,0.004134323320958488,2999,5478,65536,4096,1,1062558,1065912,1070176,45039616,45039616,45039616
B,seeded-05,seeded,10,unbounded,52.92212497442961,52.89700000002995,1.0,0.0,28891,1.0,0,9961,3328,0.11519158215361185,6967,12072,,0,,959014,997684,1001568,44089344,45187072,45187072
B,seeded-05,seeded,10,16384,95.4496250487864,95.41600000000017,1.80358640351091,42.527500074356794,52700,1.8240974698002839,23809,287,255,0.004838709677419355,13693,25548,16384,19207,3,282654,286772,291568,44285952,44302336,44302336
B,seeded-05,seeded,10,32768,95.47175001353025,95.43200000001661,1.8040044699576852,42.54962503910065,52597,1.8205323457131979,23706,352,282,0.005361522520295835,13658,25482,32768,19095,4,549218,553596,558392,44498944,44498944,44498944
B,seeded-05,seeded,10,65536,97.388916881755,97.34100000002854,1.8402306583269363,44.46679190732539,52457,1.8156865459831781,23566,483,346,0.006595878529080962,13572,25395,65536,18871,4,1082386,1087220,1092016,45023232,45039616,45039616
B,seeded-06,seeded,4,unbounded,0.5049579776823521,0.5049999999755528,1.0,0.0,307,1.0,0,76,0,0.0,37,153,,0,,8106,10648,13640,44351488,44351488,44351488
B,seeded-06,seeded,4,16384,0.574083998799324,0.5739999999718748,1.1368946014760386,0.06912602111697197,307,1.0,0,7,0,0.0,37,153,16384,69,0,263586,265816,269088,44548096,44548096,44548096
B,seeded-06,seeded,4,32768,0.6331668701022863,0.6329999999934444,1.2539001225574955,0.12820889241993427,307,1.0,0,8,0,0.0,37,153,32768,68,0,525798,528032,531304,44285952,44285952,44285952
B,seeded-06,seeded,4,65536,0.761041883379221,0.7610000000113359,1.5071390432769052,0.2560839056968689,307,1.0,0,8,0,0.0,37,153,65536,68,0,1050086,1052320,1055592,45268992,45268992,45268992
B,seeded-06,seeded,6,unbounded,1.731041818857193,1.7270000000166874,1.0,0.0,1005,1.0,0,283,54,0.05373134328358209,145,427,,0,,29222,32804,36152,44597248,44597248,44597248
B,seeded-06,seeded,6,16384,2.3560000117868185,2.3550000000227556,1.3610300953573804,0.6249581929296255,1367,1.3601990049751245,362,9,1,0.000731528895391368,189,646,16384,371,0,263750,266176,269976,44318720,44318720,44318720
B,seeded-06,seeded,6,32768,2.4170828983187675,2.4169999999799074,1.396316872295141,0.6860410794615746,1367,1.3601990049751245,362,13,1,0.000731528895391368,189,646,32768,367,0,526166,528608,532408,44466176,44466176,44466176
B,seeded-06,seeded,6,65536,2.519541885703802,2.5190000000065993,1.455506076316033,0.7885000668466091,1367,1.3601990049751245,362,13,1,0.000731528895391368,189,646,65536,367,0,1050454,1052896,1056696,45072384,45072384,45072384
B,seeded-06,seeded,8,unbounded,4.616667050868273,4.6130000000061955,1.0,0.0,2666,1.0,0,785,228,0.08552138034508627,398,1077,,0,,91006,96836,111288,44302336,44302336,44302336
B,seeded-06,seeded,8,16384,9.539125021547079,9.538000000020475,2.0662362948077493,4.922457970678806,5695,2.13615903975994,3029,15,0,0.0,840,2740,16384,1660,0,264130,266848,271144,44302336,44302336,44302336
B,seeded-06,seeded,8,32768,9.60949994623661,9.5929999999953,2.081479959536895,4.992832895368338,5665,2.124906226556639,2999,19,1,0.000176522506619594,835,2721,32768,1646,0,526574,529280,533576,44564480,44564480,44564480
B,seeded-06,seeded,8,65536,9.68808401376009,9.687999999982821,2.098501777800506,5.071416962891817,5665,2.124906226556639,2999,19,1,0.000176522506619594,835,2721,65536,1646,0,1050862,1053568,1057864,45170688,45170688,45170688
B,seeded-06,seeded,10,unbounded,11.010375106707215,11.000999999964733,1.0,0.0,6129,1.0,0,1960,685,0.11176374612497961,1018,2110,,0,,207762,218532,222584,44367872,44367872,44367872
B,seeded-06,seeded,10,16384,36.87479207292199,36.84400000003052,3.349094986823736,25.864416966214776,21494,3.5069342470223526,15365,19,0,0.0,3580,9339,16384,6886,0,264402,267344,272200,44548096,44548096,44548096
B,seeded-06,seeded,10,32768,36.75045818090439,36.728999999979806,3.3378025566555882,25.740083074197173,21425,3.4956762930331213,15296,26,1,4.667444574095683e-05,3556,9320,32768,6846,0,527050,529992,534848,44613632,44630016,44630016
B,seeded-06,seeded,10,65536,36.93587495945394,36.91599999996242,3.3546427439110253,25.925499852746725,21425,3.4956762930331213,15296,26,1,4.667444574095683e-05,3556,9320,65536,6846,0,1051338,1054280,1059136,45154304,45154304,45154304
B,seeded-07,seeded,4,unbounded,0.27883308939635754,0.27899999997771374,1.0,0.0,125,1.0,0,58,6,0.048,48,18,,0,,6882,9312,12108,44105728,44105728,44105728
B,seeded-07,seeded,4,16384,0.3623340744525194,0.3629999999930078,1.2994658389968428,0.08350098505616188,130,1.04,5,14,1,0.007692307692307693,53,23,16384,49,0,264090,266312,269424,44285952,44285952,44285952
B,seeded-07,seeded,4,32768,0.4114171024411917,0.41199999998298154,1.475495979805925,0.13258401304483414,130,1.04,5,14,1,0.007692307692307693,53,23,32768,49,0,526234,528456,531568,44515328,44515328,44515328
B,seeded-07,seeded,4,65536,0.5287090316414833,0.528999999971802,1.8961488135647002,0.24987594224512577,128,1.024,3,20,3,0.0234375,51,21,65536,41,0,1050930,1053144,1056224,44990464,44990464,44990464
B,seeded-07,seeded,6,unbounded,0.58170803822577,0.5819999999516767,1.0,0.0,284,1.0,0,120,34,0.11971830985915492,92,28,,0,,13522,16416,19212,44318720,44318720,44318720
B,seeded-07,seeded,6,16384,0.7635829970240593,0.7630000000062864,1.3126567742694675,0.1818749587982893,343,1.2077464788732395,59,23,11,0.03206997084548105,130,40,16384,138,0,264702,267176,270752,44498944,44498944,44498944
B,seeded-07,seeded,6,32768,0.8017080835998058,0.8009999999671891,1.3781966741340617,0.22000004537403584,329,1.158450704225352,45,32,14,0.0425531914893617,123,36,32768,121,0,527458,529968,533544,44711936,44711936,44711936
B,seeded-07,seeded,6,65536,0.8771659340709448,0.8770000000026812,1.5079144114053018,0.2954578958451748,302,1.0633802816901408,18,49,19,0.06291390728476821,110,34,65536,89,0,1052902,1055480,1059056,45072384,45072384,45072384
B,seeded-07,seeded,8,unbounded,1.023666001856327,1.0239999999726024,1.0,0.0,499,1.0,0,201,64,0.1282565130260521,145,32,,0,,23590,26920,32560,44335104,44335104,44335104
B,seeded-07,seeded,8,16384,1.4232499524950981,1.423999999985881,1.3903460209816103,0.39958395063877106,651,1.3046092184368738,152,41,33,0.05069124423963134,222,58,16384,249,0,265926,268592,272600,44154880,44154880,44154880
B,seeded-07,seeded,8,32768,1.4192089438438416,1.4189999999985048,1.3863984358865418,0.3955429419875145,616,1.2344689378757514,117,58,31,0.05032467532467533,212,54,32768,218,0,529170,531896,535904,44580864,44580864,44580864
B,seeded-07,seeded,8,65536,1.4397918712347746,1.4400000000023283,1.4065055092421164,0.41612586937844753,571,1.1442885771543085,72,78,35,0.06129597197898424,193,51,65536,175,0,1054818,1057624,1061560,45072384,45072384,45072384
B,seeded-07,seeded,10,unbounded,1.497957855463028,1.4970000000289474,1.0,0.0,730,1.0,0,289,94,0.12876712328767123,201,47,,0,,29630,33596,36616,44253184,44253184,44253184
B,seeded-07,seeded,10,16384,2.372334012761712,2.3719999999798347,1.5837121212121212,0.8743761572986841,1076,1.473972602739726,346,65,60,0.055762081784386616,352,82,16384,409,0,267558,270632,275168,44269568,44269568,44269568
B,seeded-07,seeded,10,32768,2.2773330565541983,2.2780000000466316,1.520291808109822,0.7793752010911703,1013,1.3876712328767122,283,85,59,0.05824284304047384,330,78,32768,360,0,531062,534216,538752,44433408,44433408,44433408
B,seeded-07,seeded,10,65536,2.2462091874331236,2.2390000000314103,1.4995142748784522,0.7482513319700956,944,1.2931506849315069,214,105,58,0.0614406779661017,305,72,65536,308,0,1056710,1059944,1064408,45252608,45252608,45252608
B,post-hoc-tail,post-hoc-diagnostic,4,unbounded,1.8520408775657415,1.8509999999878346,1.0,0.0,1227,1.0,0,235,41,0.03341483292583537,132,925,,0,,25930,29008,31776,44302336,44302336,44302336
B,post-hoc-tail,post-hoc-diagnostic,4,16384,2.070832997560501,2.070000000003347,1.1181356862286604,0.21879211999475956,1321,1.0766096169519153,94,22,0,0.0,161,1009,16384,254,0,264606,266992,270136,44023808,44023808,44023808
B,post-hoc-tail,post-hoc-diagnostic,4,32768,2.113624941557646,2.1140000000059445,1.141240977540259,0.26158406399190426,1321,1.0766096169519153,94,26,0,0.0,161,1009,32768,250,0,527022,529392,532536,44728320,44728320,44728320
B,post-hoc-tail,post-hoc-diagnostic,4,65536,2.248707925900817,2.2480000000086875,1.21417834408517,0.3966670483350754,1321,1.0766096169519153,94,28,0,0.0,161,1009,65536,248,0,1051446,1053824,1056968,45056000,45056000,45056000
B,post-hoc-tail,post-hoc-diagnostic,6,unbounded,17.437417060136795,17.430999999987762,1.0,0.0,10799,1.0,0,2604,715,0.06620983424391147,1805,7169,,0,,247354,258540,261664,44302336,44351488,44351488
B,post-hoc-tail,post-hoc-diagnostic,6,16384,21.632666001096368,21.624999999971806,1.2405888972255081,4.195248940959573,13203,1.222613204926382,2404,101,23,0.0017420283268954025,2517,9149,16384,3526,4,269866,272584,276288,44335104,44335104,44335104
B,post-hoc-tail,post-hoc-diagnostic,6,32768,21.436499897390604,21.404000000018186,1.2293391746875175,3.999082837253809,13090,1.2121492730808408,2291,135,38,0.0029029793735676087,2509,9046,32768,3467,6,534238,537048,540752,44843008,44843008,44843008
B,post-hoc-tail,post-hoc-diagnostic,6,65536,21.46399999037385,21.45100000001321,1.2309162484529959,4.026582930237055,13062,1.2095564404111492,2263,150,45,0.003445107946715664,2503,9023,65536,3443,6,1059518,1062384,1066088,45039616,45039616,45039616
B,post-hoc-tail,post-hoc-diagnostic,8,unbounded,132.0735840126872,132.00699999998733,1.0,0.0,78662,1.0,0,20755,7119,0.09050113142305052,15463,47972,,0,,1964406,2042700,2046112,44056576,46268416,46268416
B,post-hoc-tail,post-hoc-diagnostic,8,16384,211.80133312009275,211.67299999996203,1.6036615853458385,79.72774910740554,125511,1.5955734662225725,46849,376,433,0.003449896821792512,28193,80858,16384,37951,45,287838,291548,296056,44367872,44367872,44367872
B,post-hoc-tail,post-hoc-diagnostic,8,32768,214.20945809222758,214.09199999999373,1.62189479216109,82.13587407954037,124018,1.5765935267346367,45356,534,640,0.005160541211759583,28059,79545,32768,37457,58,560306,564492,568824,44515328,44515328,44515328
B,post-hoc-tail,post-hoc-diagnostic,8,65536,215.88245895691216,215.75500000000147,1.6345619797534543,83.80887494422495,123457,1.5694617477307975,44795,629,770,0.006236989397118025,27949,79069,65536,37187,62,1090830,1095332,1099664,45170688,45170688,45170688
B,post-hoc-tail,post-hoc-diagnostic,10,unbounded,740.701291942969,740.2250000000095,1.0,0.0,423857,1.0,0,119958,47944,0.1131136208674152,93664,236149,,0,,13184786,13634268,13980744,44072960,63307776,63307776
B,post-hoc-tail,post-hoc-diagnostic,10,16384,1628.2940830569714,1626.6790000000242,2.1983140852714262,887.5927911140025,886773,2.0921513623698558,462916,1110,4276,0.00482197811615825,223441,537058,16384,292608,224,336574,342860,347848,44253184,44285952,44285952
B,post-hoc-tail,post-hoc-diagnostic,10,32768,1638.7626249343157,1637.7489999999852,2.2124473694862865,898.0613329913467,878020,2.0715005296597675,454163,1669,5627,0.006408737841962598,222176,530048,32768,289705,294,635498,643716,648672,44384256,44417024,44417024
B,post-hoc-tail,post-hoc-diagnostic,10,65536,1626.333833904937,1625.3190000000473,2.1956676079757105,885.632541961968,872152,2.05765623783493,448295,2083,6760,0.007750942496262119,221100,525317,65536,287549,343,1186986,1196660,1201544,45121536,45121536,45121536
B,additional-00,additional,4,unbounded,1.266959123313427,1.2659999999868887,1.0,0.0,776,1.0,0,179,25,0.03221649484536082,95,572,,0,,21926,24176,30816,44236800,44236800,44236800
B,additional-00,additional,4,16384,1.3776661362498999,1.3769999999340143,1.0873800984572772,0.11070701293647289,792,1.0206185567010309,16,22,1,0.0012626262626262627,111,588,16384,181,0,264634,266800,269880,44302336,44302336,44302336
B,additional-00,additional,4,32768,1.4320830814540386,1.4320000000225264,1.1303309278903724,0.16512395814061165,792,1.0206185567010309,16,22,1,0.0012626262626262627,111,588,32768,181,0,526778,528944,532024,44433408,44433408,44433408
B,additional-00,additional,4,65536,1.544083934277296,1.5439999999671272,1.218732243104352,0.2771248109638691,791,1.0193298969072164,15,30,5,0.006321112515802781,110,587,65536,169,3,1051610,1053712,1056824,44990464,44990464,44990464
B,additional-00,additional,6,unbounded,10.68395795300603,10.679999999979373,1.0,0.0,6248,1.0,0,1627,547,0.08754801536491677,1054,3948,,0,,180722,187716,209064,44285952,44285952,44285952
B,additional-00,additional,6,16384,13.78308399580419,13.765000000034888,1.290072841584536,3.0991260427981615,7939,1.2706466069142126,1691,91,29,0.0036528530041566947,1554,5369,16384,2293,1,269326,271928,275600,44531712,44531712,44531712
B,additional-00,additional,6,32768,13.769750017672777,13.743999999974221,1.2888248042756976,3.085792064666748,7939,1.2706466069142126,1691,91,29,0.0036528530041566947,1554,5369,32768,2293,1,531470,534072,537744,44400640,44400640,44400640
B,additional-00,additional,6,65536,13.809832977131009,13.794999999959145,1.2925765000081721,3.12587502412498,7891,1.262964148527529,1643,128,53,0.006716512482575086,1529,5328,65536,2225,4,1058246,1060864,1064536,45170688,45170688,45170688
B,additional-00,additional,8,unbounded,62.49774992465973,62.47200000007069,1.0,0.0,35432,1.0,0,9994,4315,0.12178256942876496,7308,19510,,0,,941350,976828,979948,44318720,45154304,45154304
B,additional-00,additional,8,16384,99.98141694813967,99.89200000006804,1.5997602644681774,37.48366702347994,56470,1.5937570557687966,21038,330,298,0.005277138303523995,13675,32822,16384,18812,13,284990,288364,292472,44220416,44236800,44236800
B,additional-00,additional,8,32768,99.78666715323925,99.70099999998183,1.596644155566094,37.28891722857952,56452,1.5932490404154436,21020,352,301,0.005331963437964997,13665,32816,32768,18779,13,548602,552028,556136,44449792,44449792,44449792
B,additional-00,additional,8,65536,99.81312486343086,99.75899999994908,1.5970674941698597,37.31537493877113,56049,1.581875141115376,20617,486,546,0.009741476208317721,13420,32562,65536,18362,33,1081806,1085580,1089624,45072384,45072384,45072384
B,additional-00,additional,10,unbounded,280.4322079755366,280.23400000006404,1.0,0.0,153647,1.0,0,45821,23650,0.15392425494803022,35571,73882,,0,,5595510,5758684,6926896,44613632,52690944,52690944
B,additional-00,additional,10,16384,635.6197909917682,635.1110000000517,2.266572001769555,355.18758301623166,341706,2.2239679264808294,188059,840,2120,0.006204163813336611,85866,193301,16384,117800,68,319082,324316,328888,44236800,44253184,44253184
B,additional-00,additional,10,32768,637.6941250637174,637.0689999999968,2.273968919858686,357.2619170881808,340795,2.218038751163381,187148,1017,2413,0.00708050294165114,85452,192666,32768,117122,85,592814,598660,603232,44564480,44580864,44580864
B,additional-00,additional,10,65536,634.4550000503659,633.9649999999892,2.2624184455507064,354.02279207482934,337788,2.1984679167181915,184141,1394,3432,0.01016021883548261,84093,190696,65536,115114,149,1141254,1148204,1152712,45219840,45219840,45219840
B,additional-01,additional,4,unbounded,1.4226250350475311,1.422000000047774,1.0,0.0,880,1.0,0,196,27,0.03068181818181818,105,639,,0,,23250,26104,31520,44318720,44318720,44318720
B,additional-01,additional,4,16384,1.562874997034669,1.5630000000328437,1.098585332418568,0.1402499619871378,903,1.0261363636363636,23,21,1,0.0011074197120708748,126,662,16384,201,0,264566,266920,270128,44466176,44466176,44466176
B,additional-01,additional,4,32768,1.6412499826401472,1.619000000005144,1.1536771406425528,0.21862494759261608,903,1.0261363636363636,23,21,1,0.0011074197120708748,126,662,32768,201,0,526710,529064,532272,44793856,44810240,44810240
B,additional-01,additional,4,65536,1.7375419847667217,1.7370000000482833,1.2213632840424946,0.3149169497191906,903,1.0261363636363636,23,21,1,0.0011074197120708748,126,662,65536,201,0,1050998,1053352,1056560,44957696,44957696,44957696
B,additional-01,additional,6,unbounded,13.187125092372298,13.170999999942978,1.0,0.0,7529,1.0,0,2055,584,0.07756674193119936,1465,4442,,0,,211506,220644,223800,44417024,44417024,44417024
B,additional-01,additional,6,16384,16.88808319158852,16.87000000003991,1.2806493510368635,3.7009580992162228,9451,1.2552795856023375,1922,98,24,0.0025394138186435296,2160,5725,16384,2906,1,269802,272496,276168,44531712,44531712,44531712
B,additional-01,additional,6,32768,16.62950008176267,16.61699999999655,1.2610405956777884,3.4423749893903732,9451,1.2552795856023375,1922,98,24,0.0025394138186435296,2160,5725,32768,2906,1,531946,534640,538312,44630016,44630016,44630016
B,additional-01,additional,6,65536,17.08150003105402,17.071999999984655,1.2953164477778638,3.8943749386817217,9451,1.2552795856023375,1922,98,24,0.0025394138186435296,2160,5725,65536,2906,1,1056234,1058928,1062600,44744704,44744704,44744704
B,additional-01,additional,8,unbounded,66.80041598156095,66.74199999997654,1.0,0.0,36500,1.0,0,11342,4027,0.11032876712328767,8954,17473,,0,,1345994,1390020,1658280,44285952,45760512,45760512
B,additional-01,additional,8,16384,106.88016703352332,106.80300000001353,1.5999925369181185,40.079751051962376,57725,1.5815068493150686,21225,305,270,0.0046773495019488956,16537,29405,16384,21023,9,283710,287460,291664,44122112,44122112,44122112
B,additional-01,additional,8,32768,106.17554211057723,106.08600000000479,1.589444325315056,39.37512612901628,57723,1.5814520547945206,21223,327,275,0.004764132148363737,16535,29403,32768,20996,12,547322,551156,555360,44548096,44548096,44548096
B,additional-01,additional,8,65536,106.30020895041525,106.18800000008832,1.5913105837508186,39.49979296885431,57723,1.5814520547945206,21223,327,275,0.004764132148363737,16535,29403,65536,20996,12,1071610,1075444,1079648,37535744,37306368,42942464
B,additional-01,additional,10,unbounded,224.1496671922505,223.87900000001082,1.0,0.0,117199,1.0,0,39129,15273,0.1303168115768906,31798,47055,,0,,3918430,4067892,4071360,44122112,49119232,49119232
B,additional-01,additional,10,16384,499.69437485560775,499.11200000008193,2.2292889439225707,275.54470766335726,255748,2.1821687898360906,138549,722,1760,0.006881774246523922,79869,116239,16384,100273,31,311926,317452,322120,44253184,44285952,44285952
B,additional-01,additional,10,32768,508.6172497831285,507.8090000000657,2.2690966092173297,284.467582590878,255436,2.1795066510806405,138237,853,1850,0.007242518673953554,79719,116060,32768,99963,36,582810,588740,593408,44367872,44367872,44367872
B,additional-01,additional,10,65536,507.55887501873076,506.1759999999822,2.2643748767353893,283.40920782648027,255436,2.1795066510806405,138237,854,1850,0.007242518673953554,79719,116060,65536,99962,36,1107166,1113100,1117768,44892160,44892160,44892160
B,additional-02,additional,4,unbounded,0.700708944350481,0.7009999999354477,1.0,0.0,414,1.0,0,109,15,0.036231884057971016,75,233,,0,,12774,15440,18368,44400640,44400640,44400640
B,additional-02,additional,4,16384,0.7786659989506006,0.7799999999633656,1.1112545447416566,0.07795705460011959,419,1.0120772946859904,5,19,2,0.00477326968973747,78,237,16384,103,0,264430,266672,269824,44269568,44269568,44269568
B,additional-02,additional,4,32768,0.8360000792890787,0.8360000000493528,1.1930775053314113,0.13529113493859768,419,1.0120772946859904,5,22,2,0.00477326968973747,78,237,32768,100,0,526778,529032,532184,44531712,44531712,44531712
B,additional-02,additional,4,65536,0.9570000693202019,0.9569999999712309,1.3657597452352899,0.25629112496972084,419,1.0120772946859904,5,22,2,0.00477326968973747,78,237,65536,100,0,1051066,1053320,1056472,44974080,44974080,44974080
B,additional-02,additional,6,unbounded,2.55937478505075,2.559000000019296,1.0,0.0,1336,1.0,0,441,133,0.09955089820359281,330,527,,0,,49174,53356,58568,44269568,44269568,44269568
B,additional-02,additional,6,16384,3.2766249496489763,3.2690000000457076,1.2802442880924156,0.7172501645982265,1716,1.284431137724551,380,43,21,0.012237762237762238,456,780,16384,598,0,266062,268720,272496,44105728,44105728,44105728
B,additional-02,additional,6,32768,3.323375014588237,3.3230000000230575,1.2985104932657754,0.764000229537487,1714,1.282934131736527,378,61,24,0.014002333722287048,454,778,32768,577,1,529430,532160,535936,44744704,44744704,44744704
B,additional-02,additional,6,65536,3.433458972722292,3.429999999980282,1.34152254401233,0.8740841876715422,1714,1.282934131736527,378,61,24,0.014002333722287048,454,778,65536,577,1,1053718,1056448,1060224,45121536,45121536,45121536
B,additional-02,additional,8,unbounded,7.04812491312623,7.046999999943182,1.0,0.0,3584,1.0,0,1308,403,0.11244419642857142,993,1224,,0,,126514,134276,137308,44384256,44384256,44384256
B,additional-02,additional,8,16384,13.64754093810916,13.634000000024571,1.9363364166109431,6.599416024982929,7024,1.9598214285714286,3440,97,80,0.011389521640091117,2046,3082,16384,2703,1,269734,272792,277096,44351488,44367872,44367872
B,additional-02,additional,8,32768,13.310541864484549,13.290999999981068,1.8885224124923452,6.262416951358318,6903,1.9260602678571428,3319,138,113,0.01636969433579603,1998,2998,32768,2598,7,534666,537888,542192,44482560,44482560,44482560
B,additional-02,additional,8,65536,13.356916140764952,13.347999999950844,1.895102074012537,6.3087912276387215,6903,1.9260602678571428,3319,138,113,0.01636969433579603,1998,2998,65536,2598,7,1058954,1062176,1066480,44793856,44793856,44793856
B,additional-02,additional,10,unbounded,16.256958013400435,16.237000000046464,1.0,0.0,8271,1.0,0,2979,1106,0.13372022730020552,2317,2755,,0,,349922,363956,423008,44515328,44613632,44613632
B,additional-02,additional,10,16384,45.68025004118681,45.60700000001816,2.8098891566019346,29.423292027786374,24236,2.9302381815983556,15965,201,365,0.015060240963855422,7053,10359,16384,9550,13,276750,280272,285200,44236800,44253184,44253184
B,additional-02,additional,10,32768,44.551625149324536,44.50099999996837,2.740465043497136,28.2946671359241,23743,2.8706323298271066,15472,284,438,0.018447542433559366,6873,10091,32768,9228,21,544538,548420,553320,44515328,44531712,44531712
B,additional-02,additional,10,65536,46.06974986381829,46.028999999975895,2.833848117577931,29.812791850417852,23743,2.8706323298271066,15472,284,438,0.018447542433559366,6873,10091,65536,9228,21,1068826,1072708,1077608,45006848,45023232,45023232
B,additional-03,additional,4,unbounded,0.4443749785423279,0.44499999989966454,1.0,0.0,211,1.0,0,87,13,0.061611374407582936,69,56,,0,,11278,13792,18456,44285952,44285952,44285952
B,additional-03,additional,4,16384,0.5287500098347664,0.5280000000311702,1.1898734973089884,0.08437503129243851,221,1.04739336492891,10,16,1,0.004524886877828055,79,57,16384,83,0,264226,266424,269600,44302336,44302336,44302336
B,additional-03,additional,4,32768,0.5973330698907375,0.5919999999832726,1.3442095048874134,0.15295809134840965,221,1.04739336492891,10,16,1,0.004524886877828055,79,57,32768,83,0,526370,528568,531744,44367872,44367872,44367872
B,additional-03,additional,4,65536,0.7059590425342321,0.7060000000365108,1.5886561499253895,0.26158406399190426,221,1.04739336492891,10,16,1,0.004524886877828055,79,57,65536,83,0,1050658,1052856,1056032,45056000,45056000,45056000
B,additional-03,additional,6,unbounded,1.1367499828338623,1.1319999999841457,1.0,0.0,533,1.0,0,211,64,0.1200750469043152,161,140,,0,,24242,27296,32064,44253184,44253184,44253184
B,additional-03,additional,6,16384,1.2894170358777046,1.2889999999288193,1.1343013462496394,0.15266705304384232,588,1.103189493433396,55,22,3,0.00510204081632653,216,159,16384,250,0,264634,267072,270680,44204032,44204032,44204032
B,additional-03,additional,6,32768,1.3309589121490717,1.3310000000501532,1.1708457728154575,0.1942089293152094,586,1.099437148217636,53,29,5,0.008532423208191127,214,157,32768,241,0,527254,529720,533296,44564480,44564480,44564480
B,additional-03,additional,6,65536,1.4648339711129665,1.4650000000528962,1.288615784678709,0.32808398827910423,586,1.099437148217636,53,29,5,0.008532423208191127,214,157,65536,241,0,1051542,1054008,1057584,44990464,45006848,45006848
B,additional-03,additional,8,unbounded,2.2890411783009768,2.2819999999228457,1.0,0.0,1072,1.0,0,449,154,0.14365671641791045,343,235,,0,,49466,53500,58408,44318720,44318720,44318720
B,additional-03,additional,8,16384,2.9336661100387573,2.9329999999845313,1.281613514797601,0.6446249317377806,1336,1.2462686567164178,264,54,21,0.015718562874251496,524,351,16384,601,0,266810,269528,273600,44433408,44433408,44433408
B,additional-03,additional,8,32768,2.9636251274496317,2.9640000000199507,1.2947015350983593,0.6745839491486549,1332,1.242537313432836,260,71,25,0.01876876876876877,520,348,32768,580,0,530082,532832,536904,44662784,44662784,44662784
B,additional-03,additional,8,65536,3.1101249624043703,3.10300000001007,1.3587020591358854,0.8210837841033936,1332,1.242537313432836,260,71,25,0.01876876876876877,520,348,65536,580,0,1054370,1057120,1061192,45072384,45072384,45072384
B,additional-03,additional,10,unbounded,5.593334091827273,5.59099999998125,1.0,0.0,2762,1.0,0,1056,341,0.12346125995655322,783,855,,0,,108454,114220,117016,44531712,44531712,44531712
B,additional-03,additional,10,16384,7.783874869346619,7.772000000045409,1.391634174100214,2.1905407775193453,3845,1.39210716871832,1083,80,73,0.018985695708712613,1270,1374,16384,1601,3,268494,271448,275816,44302336,44302336,44302336
B,additional-03,additional,10,32768,7.795165991410613,7.795000000101027,1.393652848808112,2.2018318995833397,3831,1.387038377986966,1069,108,76,0.019838162359697206,1262,1368,32768,1564,3,532570,535544,539912,44548096,44548096,44548096
B,additional-03,additional,10,65536,7.9014168586581945,7.898999999952139,1.4126488296494548,2.308082766830921,3831,1.387038377986966,1069,108,76,0.019838162359697206,1262,1368,65536,1564,3,1056858,1059832,1064200,45088768,45105152,45105152
