experiment,position,group,depth,variant,wall_ms,cpu_ms,wall_ratio,added_ms,nodes,node_ratio,extra_nodes,entries,hits,hit_per_node,cutoffs,leaves,capacity,evictions,replacements,reachable_tt_bytes,traced_current_bytes,traced_peak_bytes,rss_before_bytes,rss_retained_bytes,rss_high_water_bytes
A,empty,phase3a,4,baseline,0.8004999253898859,0.8009999999999406,1.0,0.0,594,1.0,0,143,15,0.025252525252525252,71,436,,0,,31256,33256,36312,44367872,44367872,44367872
A,empty,phase3a,4,packed-key,0.8158751297742128,0.8160000000000389,1.0192070028948952,0.015375204384326935,594,1.0,0,143,15,0.025252525252525252,71,436,,0,,20956,22504,25520,44531712,44531712,44531712
A,empty,phase3a,4,packed-entry,0.83754095248878,0.8390000000000342,1.0462723679591266,0.03704102709889412,594,1.0,0,143,15,0.025252525252525252,71,436,,0,,14302,16648,19704,44072960,44072960,44072960
A,empty,phase3a,6,baseline,7.2469578590244055,7.246000000000086,1.0,0.0,5052,1.0,0,1447,396,0.07838479809976247,914,3209,,0,,340624,347844,372792,44253184,44384256,44384256
A,empty,phase3a,6,packed-key,7.424625102430582,7.403999999999966,1.024516113776615,0.17766724340617657,5052,1.0,0,1447,396,0.07838479809976247,914,3209,,0,,228184,229860,260992,44285952,44285952,44285952
A,empty,phase3a,6,packed-entry,7.708166027441621,7.701999999999987,1.0636416241668754,0.46120816841721535,5052,1.0,0,1447,396,0.07838479809976247,914,3209,,0,,164226,170308,204832,44220416,44220416,44220416
A,empty,phase3a,8,baseline,46.04625003412366,45.995000000000005,1.0,0.0,29425,1.0,0,8400,2725,0.09260832625318606,5639,17534,,0,,1880616,1918508,1921408,44302336,46104576,46104576
A,empty,phase3a,8,packed-key,46.4600829873234,46.42800000000014,1.0089873323645913,0.4138329531997442,29425,1.0,0,8400,2725,0.09260832625318606,5639,17534,,0,,1217196,1225260,1228224,44580864,45694976,45694976
A,empty,phase3a,8,packed-entry,48.148333095014095,48.07499999999987,1.0456515581471377,2.102083060890436,29425,1.0,0,8400,2725,0.09260832625318606,5639,17534,,0,,834050,863980,867328,44351488,44957696,44957696
A,empty,phase3a,10,baseline,209.61929112672806,209.46700000000007,1.0,0.0,128308,1.0,0,38395,15828,0.12335941640427721,27477,68511,,0,,8659808,8821316,8824440,44384256,54149120,54149120
A,empty,phase3a,10,packed-key,209.7110419999808,209.62700000000024,1.0004377024307236,0.09175087325274944,128308,1.0,0,38395,15828,0.12335941640427721,27477,68511,,0,,5583652,5624708,5627864,44351488,51003392,51003392
A,empty,phase3a,10,packed-entry,218.66254205815494,218.5600000000001,1.0431413105292855,9.043250931426883,128308,1.0,0,38395,15828,0.12335941640427721,27477,68511,,0,,3800282,3937252,3940824,44335104,49299456,49299456
A,near-opening,phase3a,4,baseline,0.8870000019669533,0.8870000000023026,1.0,0.0,569,1.0,0,155,19,0.033391915641476276,91,383,,0,,36492,38600,41140,44498944,44498944,44498944
A,near-opening,phase3a,4,packed-key,0.9051249362528324,0.9049999999994895,1.0204339732194887,0.018124934285879135,569,1.0,0,155,19,0.033391915641476276,91,383,,0,,23660,25064,27668,44187648,44187648,44433408
A,near-opening,phase3a,4,packed-entry,0.9262498933821917,0.9270000000007883,1.0442501593328077,0.03924989141523838,569,1.0,0,155,19,0.033391915641476276,91,383,,0,,15846,18632,21448,44302336,44302336,44302336
A,near-opening,phase3a,6,baseline,6.88216695562005,6.882000000000943,1.0,0.0,4258,1.0,0,1186,394,0.09253170502583373,806,2516,,0,,269308,276612,279144,44269568,44367872,44367872
A,near-opening,phase3a,6,packed-key,6.949041970074177,6.93899999999914,1.0097171450337332,0.06687501445412636,4258,1.0,0,1186,394,0.09253170502583373,806,2516,,0,,172976,175684,178472,44531712,44531712,44531712
A,near-opening,phase3a,6,packed-entry,7.249332964420319,7.248000000000587,1.0533503489769942,0.3671660088002682,4258,1.0,0,1186,394,0.09253170502583373,806,2516,,0,,117042,123716,126920,44335104,44335104,44335104
A,near-opening,phase3a,8,baseline,39.54949998296797,39.545000000000385,1.0,0.0,24054,1.0,0,6699,2903,0.12068678806019789,4939,13224,,0,,1612028,1643012,1645896,44498944,45891584,45891584
A,near-opening,phase3a,8,packed-key,39.74916599690914,39.73400000000282,1.0050485091853791,0.19966601394116879,24054,1.0,0,6699,2903,0.12068678806019789,4939,13224,,0,,1065352,1076612,1082368,44335104,45236224,45236224
A,near-opening,phase3a,8,packed-entry,41.435749968513846,41.422000000000736,1.0476933965374577,1.8862499855458736,24054,1.0,0,6699,2903,0.12068678806019789,4939,13224,,0,,741678,768484,833216,44154880,44679168,44679168
A,near-opening,phase3a,10,baseline,168.58095885254443,168.4739999999998,1.0,0.0,99441,1.0,0,28999,14340,0.1442061121670136,22095,49039,,0,,7073368,7199972,7203144,44056576,52117504,52117504
A,near-opening,phase3a,10,packed-key,169.58566708490252,169.48000000000008,1.0059597966413094,1.004708232358098,99441,1.0,0,28999,14340,0.1442061121670136,22095,49039,,0,,4687584,4739716,4743144,44367872,49938432,49938432
A,near-opening,phase3a,10,packed-entry,176.4316251501441,176.35199999999784,1.0465691164116973,7.850666297599673,99441,1.0,0,28999,14340,0.1442061121670136,22095,49039,,0,,3244654,3356100,3444776,44564480,48775168,48775168
A,midgame,phase3a,4,baseline,0.5308329127728939,0.5300000000048044,1.0,0.0,339,1.0,0,81,0,0.0,37,184,,0,,20272,22560,25264,44580864,44580864,44580864
A,midgame,phase3a,4,packed-key,0.5305421072989702,0.5300000000048044,0.9994521713576413,-0.00029080547392368317,339,1.0,0,81,0,0.0,37,184,,0,,13876,16192,18928,44367872,44367872,44367872
A,midgame,phase3a,4,packed-entry,0.549249816685915,0.549000000006572,1.034694351970034,0.018416903913021088,339,1.0,0,81,0,0.0,37,184,,0,,8446,11008,14000,44531712,44531712,44843008
A,midgame,phase3a,6,baseline,1.9088329281657934,1.908999999997718,1.0,0.0,1166,1.0,0,333,61,0.05231560891938251,167,492,,0,,79764,83188,86120,44367872,44384256,44384256
A,midgame,phase3a,6,packed-key,1.9260840490460396,1.9259999999974298,1.0090375226797994,0.017251120880246162,1166,1.0,0,333,61,0.05231560891938251,167,492,,0,,54292,57716,60680,44302336,44302336,44302336
A,midgame,phase3a,6,packed-entry,1.9997910130769014,2.0009999999999195,1.0476511503804107,0.09095808491110802,1166,1.0,0,333,61,0.05231560891938251,167,492,,0,,32622,36404,39752,44384256,44384256,44384256
A,midgame,phase3a,8,baseline,4.685875028371811,4.685999999999524,1.0,0.0,2784,1.0,0,880,284,0.10201149425287356,452,948,,0,,219488,224964,228120,44187648,44204032,44204032
A,midgame,phase3a,8,packed-key,4.769499879330397,4.768999999996026,1.0178461547634663,0.08362485095858574,2784,1.0,0,880,284,0.10201149425287356,452,948,,0,,153668,159172,162360,44531712,44531712,44531712
A,midgame,phase3a,8,packed-entry,4.9734588246792555,4.972000000002197,1.06137248530236,0.2875837963074446,2784,1.0,0,880,284,0.10201149425287356,452,948,,0,,97410,103428,110912,44318720,44318720,44630016
A,midgame,phase3a,10,baseline,9.474833030253649,9.461999999999193,1.0,0.0,5389,1.0,0,1881,700,0.12989422898496938,993,1543,,0,,458776,467676,470984,44417024,44679168,44679168
A,midgame,phase3a,10,packed-key,9.67129203490913,9.647999999998547,1.0207348249861687,0.19645900465548038,5389,1.0,0,1881,700,0.12989422898496938,993,1543,,0,,319576,328404,331848,44318720,44417024,44417024
A,midgame,phase3a,10,packed-entry,10.080042062327266,10.069000000001438,1.0638754297981983,0.605209032073617,5389,1.0,0,1881,700,0.12989422898496938,993,1543,,0,,201914,211828,215912,44302336,44335104,44335104
A,midgame-wide,phase3a,4,baseline,1.182790845632553,1.183000000004597,1.0,0.0,726,1.0,0,169,25,0.03443526170798898,100,494,,0,,40636,41880,44424,44236800,44236800,44236800
A,midgame-wide,phase3a,4,packed-key,1.1749591212719679,1.1749999999963734,0.9933786058714406,-0.007831724360585213,726,1.0,0,169,25,0.03443526170798898,100,494,,0,,26012,27256,29864,44498944,44498944,44498944
A,midgame-wide,phase3a,4,packed-entry,1.2199168559163809,1.218999999998971,1.0313884829434683,0.03712601028382778,726,1.0,0,169,25,0.03443526170798898,100,494,,0,,16742,19320,22120,44253184,44253184,44253184
A,midgame-wide,phase3a,6,baseline,5.23991696536541,5.2400000000005775,1.0,0.0,3036,1.0,0,830,242,0.07971014492753623,582,1577,,0,,212004,215724,218304,44548096,44580864,44580864
A,midgame-wide,phase3a,6,packed-key,5.267750006169081,5.268000000000939,1.0053117331796746,0.027833040803670883,3036,1.0,0,830,242,0.07971014492753623,582,1577,,0,,142308,145956,148664,44367872,44367872,44367872
A,midgame-wide,phase3a,6,packed-entry,5.5217500776052475,5.519999999997083,1.0537857973900515,0.28183311223983765,3036,1.0,0,830,242,0.07971014492753623,582,1577,,0,,93646,98724,109840,44335104,44335104,44335104
A,midgame-wide,phase3a,8,baseline,14.865541830658913,14.853000000002226,1.0,0.0,8069,1.0,0,2682,796,0.09864915107200396,1950,3203,,0,,637768,647108,649864,44613632,45056000,45056000
A,midgame-wide,phase3a,8,packed-key,14.938791049644351,14.928000000004715,1.0049274503290804,0.07324921898543835,8069,1.0,0,2682,796,0.09864915107200396,1950,3203,,0,,410440,419708,422600,44449792,44630016,44630016
A,midgame-wide,phase3a,8,packed-entry,15.565542038530111,15.554999999999097,1.0470887785891199,0.7000002078711987,8069,1.0,0,2682,796,0.09864915107200396,1950,3203,,0,,254562,266524,269864,44253184,44318720,44318720
A,midgame-wide,phase3a,10,baseline,36.246208008378744,36.23400000000032,1.0,0.0,19097,1.0,0,6730,2759,0.14447295386709955,5110,5850,,0,,1711592,1733892,1736648,44580864,46186496,46186496
A,midgame-wide,phase3a,10,packed-key,36.44683305174112,36.41299999999603,1.0055350629593032,0.20062504336237907,19097,1.0,0,6730,2759,0.14447295386709955,5110,5850,,0,,1143336,1165564,1168456,44285952,45285376,45285376
A,midgame-wide,phase3a,10,packed-entry,38.37845800444484,38.32299999999833,1.0588268432265575,2.1322499960660934,19097,1.0,0,6730,2759,0.14447295386709955,5110,5850,,0,,748602,776348,836400,44285952,44924928,44924928
A,late,phase3a,4,baseline,0.0838330015540123,0.08400000000108321,1.0,0.0,41,1.0,0,20,3,0.07317073170731707,4,18,,0,,5516,6904,9512,44433408,44433408,44433408
A,late,phase3a,4,packed-key,0.08433312177658081,0.08400000000108321,1.0059656723879353,0.000500120222568512,41,1.0,0,20,3,0.07317073170731707,4,18,,0,,3856,5272,7944,44367872,44367872,44367872
A,late,phase3a,4,packed-entry,0.08741696365177631,0.0879999999980896,1.042751208131978,0.003583962097764015,41,1.0,0,20,3,0.07317073170731707,4,18,,0,,2610,4344,7176,44351488,44351488,44351488
A,late,phase3a,6,baseline,0.22612488828599453,0.22599999999783904,1.0,0.0,119,1.0,0,63,6,0.05042016806722689,18,47,,0,,15424,16816,19552,44351488,44351488,44351488
A,late,phase3a,6,packed-key,0.2278340980410576,0.2270000000024197,1.0075586980629099,0.001709209755063057,119,1.0,0,63,6,0.05042016806722689,18,47,,0,,10464,11856,14656,44630016,44630016,44630016
A,late,phase3a,6,packed-entry,0.238833948969841,0.23900000000054433,1.0562037234387598,0.012709060683846474,119,1.0,0,63,6,0.05042016806722689,18,47,,0,,6970,8880,12032,44285952,44285952,44285952
A,late,phase3a,8,baseline,0.5715829320251942,0.5719999999982406,1.0,0.0,276,1.0,0,166,11,0.03985507246376811,72,70,,0,,37568,39296,42128,44285952,44285952,44285952
A,late,phase3a,8,packed-key,0.5567499902099371,0.5570000000005848,0.9740493618962659,-0.014832941815257072,276,1.0,0,166,11,0.03985507246376811,72,70,,0,,24524,26336,29232,44171264,44171264,44171264
A,late,phase3a,8,packed-entry,0.5978750996291637,0.5979999999965457,1.045998867584819,0.026292167603969574,276,1.0,0,166,11,0.03985507246376811,72,70,,0,,15222,17536,20944,44482560,44482560,44482560
A,late,phase3a,10,baseline,1.0835418943315744,1.0830000000012774,1.0,0.0,506,1.0,0,328,22,0.043478260869565216,166,78,,0,,73656,76308,79268,44318720,44318720,44318720
A,late,phase3a,10,packed-key,1.082083908841014,1.0809999999992215,0.9986544262864335,-0.0014579854905605316,506,1.0,0,328,22,0.043478260869565216,166,78,,0,,48648,51412,54436,44318720,44318720,44318720
A,late,phase3a,10,packed-entry,1.144916983321309,1.145999999998537,1.0566430235054236,0.06137508898973465,506,1.0,0,328,22,0.043478260869565216,166,78,,0,,28978,32180,35780,44384256,44400640,45268992
A,immediate-win,phase3a,4,baseline,0.5282498896121979,0.5290000000002237,1.0,0.0,316,1.0,0,101,25,0.07911392405063292,81,153,,0,,26386,28496,30968,44597248,44597248,44597248
A,immediate-win,phase3a,4,packed-key,0.5313751753419638,0.5310000000022796,1.0059163017186057,0.003125285729765892,316,1.0,0,101,25,0.07911392405063292,81,153,,0,,17682,19248,22128,44154880,44154880,44154880
A,immediate-win,phase3a,4,packed-entry,0.561125110834837,0.5609999999975912,1.062234222607739,0.032875221222639084,316,1.0,0,101,25,0.07911392405063292,81,153,,0,,12146,14512,18192,44335104,44335104,44335104
A,immediate-win,phase3a,6,baseline,3.240792080760002,3.233999999999071,1.0,0.0,2015,1.0,0,569,212,0.10521091811414392,412,1155,,0,,130040,134724,137488,44269568,44269568,44269568
A,immediate-win,phase3a,6,packed-key,3.2480419613420963,3.2470000000017762,1.002237070568376,0.0072498805820941925,2015,1.0,0,569,212,0.10521091811414392,412,1155,,0,,83732,85668,88592,44269568,44269568,44269568
A,immediate-win,phase3a,6,packed-entry,3.393166931346059,3.3870000000035816,1.0470177804650531,0.1523748505860567,2015,1.0,0,569,212,0.10521091811414392,412,1155,,0,,57346,61060,64336,44367872,44384256,44384256
A,immediate-win,phase3a,8,baseline,20.40266594849527,20.39800000000014,1.0,0.0,12470,1.0,0,3636,1470,0.11788291900561347,2697,6857,,0,,850896,870708,873476,44302336,44892160,44892160
A,immediate-win,phase3a,8,packed-key,20.660625072196126,20.6450000000018,1.0126434027960882,0.25795912370085716,12470,1.0,0,3636,1470,0.11788291900561347,2697,6857,,0,,557380,562836,565764,44302336,44564480,44564480
A,immediate-win,phase3a,8,packed-entry,21.517999935895205,21.50400000000019,1.0546660907067487,1.1153339873999357,12470,1.0,0,3636,1470,0.11788291900561347,2697,6857,,0,,387822,402420,416200,44072960,44367872,44367872
A,immediate-win,phase3a,10,baseline,101.18600004352629,101.15799999999808,1.0,0.0,59934,1.0,0,18565,8028,0.13394734207628392,14178,30391,,0,,4192216,4279908,4283640,44253184,48709632,48709632
A,immediate-win,phase3a,10,packed-key,101.86295886524022,101.76400000000285,1.0066902419447623,0.6769588217139244,59934,1.0,0,18565,8028,0.13394734207628392,14178,30391,,0,,2687744,2712364,2716184,44285952,47251456,47251456
A,immediate-win,phase3a,10,packed-entry,106.21791705489159,106.1639999999997,1.049729379649366,5.0319170113652945,59934,1.0,0,18565,8028,0.13394734207628392,14178,30391,,0,,1816354,1886316,1890488,44285952,46333952,46333952
A,forced-reply,phase3a,4,baseline,0.5369579885154963,0.537000000001342,1.0,0.0,345,1.0,0,92,0,0.0,52,211,,0,,24308,26768,30424,44564480,44564480,44564480
A,forced-reply,phase3a,4,packed-key,0.5417091306298971,0.542000000002929,1.0088482566905022,0.004751142114400864,345,1.0,0,92,0,0.0,52,211,,0,,17192,19312,23320,44253184,44253184,44253184
A,forced-reply,phase3a,4,packed-entry,0.5588748026639223,0.5590000000026407,1.0408166274032322,0.021916814148426056,345,1.0,0,92,0,0.0,52,211,,0,,11590,14064,18552,44564480,44564480,44564480
A,forced-reply,phase3a,6,baseline,2.540375106036663,2.540999999993687,1.0,0.0,1540,1.0,0,479,85,0.05519480519480519,315,815,,0,,114648,119428,122124,44335104,44335104,44335104
A,forced-reply,phase3a,6,packed-key,2.5814578402787447,2.5809999999992783,1.0161719165584866,0.04108273424208164,1540,1.0,0,479,85,0.05519480519480519,315,815,,0,,76752,79460,82220,44089344,44089344,44089344
A,forced-reply,phase3a,6,packed-entry,2.662917133420706,2.6620000000008304,1.0482377689392592,0.12254202738404274,1540,1.0,0,479,85,0.05519480519480519,315,815,,0,,51394,55108,58188,44597248,44597248,44597248
A,forced-reply,phase3a,8,baseline,14.06329101882875,14.036999999994748,1.0,0.0,8293,1.0,0,2663,632,0.07620885083805619,1865,4384,,0,,593424,610788,613484,44171264,44580864,44580864
A,forced-reply,phase3a,8,packed-key,14.015000080689788,14.009999999998968,0.9965661708860104,-0.04829093813896179,8293,1.0,0,2663,632,0.07620885083805619,1865,4384,,0,,381724,387396,390156,44367872,44531712,44531712
A,forced-reply,phase3a,8,packed-entry,14.658416854217649,14.635000000005505,1.0423176790263466,0.5951258353888988,8293,1.0,0,2663,632,0.07620885083805619,1865,4384,,0,,248622,259556,262636,44105728,44154880,44154880
A,forced-reply,phase3a,10,baseline,52.70812497474253,52.66100000000051,1.0,0.0,30407,1.0,0,10297,3522,0.11582859210050317,7563,13904,,0,,2307076,2368116,2370812,44220416,46383104,46383104
A,forced-reply,phase3a,10,packed-key,53.14637487754226,53.06699999999864,1.0083146555300484,0.43824990279972553,30407,1.0,0,10297,3522,0.11582859210050317,7563,13904,,0,,1487648,1506356,1509116,44384256,45678592,45678592
A,forced-reply,phase3a,10,packed-entry,55.50400004722178,55.43999999999727,1.053044479837198,2.795875072479248,30407,1.0,0,10297,3522,0.11582859210050317,7563,13904,,0,,967722,1006132,1009212,44269568,45039616,45039616
A,double-threat-loss,phase3a,4,baseline,0.18762494437396526,0.18800000000140926,1.0,0.0,81,1.0,0,38,0,0.0,32,0,,0,,10470,12568,15100,44318720,44318720,44318720
A,double-threat-loss,phase3a,4,packed-key,0.1890838611871004,0.1889999999988845,1.007775708171443,0.001458916813135147,81,1.0,0,38,0,0.0,32,0,,0,,7022,9112,11708,44154880,44154880,44154880
A,double-threat-loss,phase3a,4,packed-entry,0.1959581859409809,0.19599999999542206,1.0444143586281696,0.008333241567015648,81,1.0,0,38,0,0.0,32,0,,0,,4426,6680,9468,44253184,44253184,44335104
A,double-threat-loss,phase3a,6,baseline,0.19254186190664768,0.1920000000055211,1.0,0.0,81,1.0,0,38,0,0.0,32,0,,0,,10498,12568,15100,44384256,44384256,44384256
A,double-threat-loss,phase3a,6,packed-key,0.19020820036530495,0.19100000000094042,0.9878797186324385,-0.0023336615413427353,81,1.0,0,38,0,0.0,32,0,,0,,7022,9112,11708,44335104,44335104,44335104
A,double-threat-loss,phase3a,6,packed-entry,0.201165908947587,0.20099999999700913,1.0447905040261876,0.008624047040939331,81,1.0,0,38,0,0.0,32,0,,0,,4426,6680,9468,44138496,44138496,44138496
A,double-threat-loss,phase3a,8,baseline,0.1949579454958439,0.19499999999794682,1.0,0.0,81,1.0,0,38,0,0.0,32,0,,0,,10470,12568,15100,44318720,44318720,44318720
A,double-threat-loss,phase3a,8,packed-key,0.1962499227374792,0.19600000000252749,1.0066269535122017,0.0012919772416353226,81,1.0,0,38,0,0.0,32,0,,0,,7022,9112,11708,44236800,44236800,44236800
A,double-threat-loss,phase3a,8,packed-entry,0.1998329535126686,0.19999999999953388,1.025005433886913,0.004875008016824722,81,1.0,0,38,0,0.0,32,0,,0,,4426,6680,9468,44515328,44515328,44515328
A,double-threat-loss,phase3a,10,baseline,0.18991692923009396,0.1889999999988845,1.0,0.0,81,1.0,0,38,0,0.0,32,0,,0,,10498,12568,15100,44318720,44318720,44318720
A,double-threat-loss,phase3a,10,packed-key,0.19162497483193874,0.19100000000094042,1.0089936458469977,0.0017080456018447876,81,1.0,0,38,0,0.0,32,0,,0,,7022,9112,11708,44482560,44482560,44482560
A,double-threat-loss,phase3a,10,packed-entry,0.19533303566277027,0.19600000000252749,1.0285182919428653,0.005416106432676315,81,1.0,0,38,0,0.0,32,0,,0,,4426,6680,9468,44597248,44597248,44597248
A,dense-endgame,phase3a,4,baseline,0.02054101787507534,0.019999999999242846,1.0,0.0,4,1.0,0,3,0,0.0,0,0,,0,,1572,2992,5592,44580864,44580864,44580864
A,dense-endgame,phase3a,4,packed-key,0.02037500962615013,0.019999999999242846,0.991918207270213,-0.00016600824892520905,4,1.0,0,3,0,0.0,0,0,,0,,1264,2768,5368,44318720,44318720,44318720
A,dense-endgame,phase3a,4,packed-entry,0.020832987502217293,0.021000000003823516,1.0142139804812804,0.0002919696271419525,4,1.0,0,3,0,0.0,0,0,,0,,1018,2576,5336,44105728,44105728,44105728
A,dense-endgame,phase3a,6,baseline,0.021792016923427582,0.02199999999419333,1.0,0.0,4,1.0,0,3,0,0.0,0,0,,0,,1572,2992,5592,44285952,44285952,44285952
A,dense-endgame,phase3a,6,packed-key,0.02208305522799492,0.02200000000129876,1.0133552715928031,0.00029103830456733704,4,1.0,0,3,0,0.0,0,0,,0,,1264,2768,5368,44138496,44138496,44138496
A,dense-endgame,phase3a,6,packed-entry,0.02233288250863552,0.022999999998774,1.0248194367280652,0.0005408655852079391,4,1.0,0,3,0,0.0,0,0,,0,,1018,2576,5336,44318720,44318720,44318720
A,dense-endgame,phase3a,8,baseline,0.02191588282585144,0.02200000000129876,1.0,0.0,4,1.0,0,3,0,0.0,0,0,,0,,1572,2992,5592,44498944,44498944,44498944
A,dense-endgame,phase3a,8,packed-key,0.02166605554521084,0.02200000000129876,0.9886006289308176,-0.0002498272806406021,4,1.0,0,3,0,0.0,0,0,,0,,1264,2768,5368,44351488,44351488,44351488
A,dense-endgame,phase3a,8,packed-entry,0.02229190431535244,0.02200000000129876,1.0171574876763556,0.00037602148950099945,4,1.0,0,3,0,0.0,0,0,,0,,1018,2576,5336,44220416,44220416,44220416
A,dense-endgame,phase3a,10,baseline,0.02195802517235279,0.02200000000129876,1.0,0.0,4,1.0,0,3,0,0.0,0,0,,0,,1600,2992,5592,44384256,44384256,44384256
A,dense-endgame,phase3a,10,packed-key,0.022209016606211662,0.022999999998774,1.0114305103436576,0.00025099143385887146,4,1.0,0,3,0,0.0,0,0,,0,,1264,2768,5368,44400640,44400640,44400640
A,dense-endgame,phase3a,10,packed-entry,0.02229120582342148,0.02200000000129876,1.015173525326321,0.00033318065106868744,4,1.0,0,3,0,0.0,0,0,,0,,1018,2576,5336,44056576,44056576,44056576
A,quiet-5,phase3a,4,baseline,0.6304169073700905,0.6300000000010186,1.0,0.0,399,1.0,0,103,13,0.03258145363408521,64,250,,0,,27492,29056,31608,44335104,44335104,44335104
A,quiet-5,phase3a,4,packed-key,0.6335829384624958,0.633999999998025,1.0050221227498688,0.003166031092405319,399,1.0,0,103,13,0.03258145363408521,64,250,,0,,18504,20096,22712,44580864,44580864,44580864
A,quiet-5,phase3a,4,packed-entry,0.6617079488933086,0.6619999999983861,1.0496354732200235,0.031291041523218155,399,1.0,0,103,13,0.03258145363408521,64,250,,0,,12366,15008,18456,44318720,44318720,44318720
A,quiet-5,phase3a,6,baseline,3.737417049705982,3.7370000000009895,1.0,0.0,2255,1.0,0,678,201,0.08913525498891353,490,1065,,0,,163372,166332,169048,44302336,44335104,44335104
A,quiet-5,phase3a,6,packed-key,3.7974168080836535,3.7880000000001246,1.0160538033566233,0.05999975837767124,2255,1.0,0,678,201,0.08913525498891353,490,1065,,0,,104588,107548,110328,44433408,44433408,44433408
A,quiet-5,phase3a,6,packed-entry,3.9528750348836184,3.95300000000276,1.0576489009152954,0.21545798517763615,2255,1.0,0,678,201,0.08913525498891353,490,1065,,0,,65290,70524,73592,44580864,44580864,44580864
A,quiet-5,phase3a,8,baseline,11.578500038012862,11.556999999996265,1.0,0.0,6563,1.0,0,2261,824,0.12555233886941947,1688,2274,,0,,554928,563172,565952,44285952,44646400,44646400
A,quiet-5,phase3a,8,packed-key,11.76024996675551,11.74800000000431,1.0156971911859007,0.18174992874264717,6563,1.0,0,2261,824,0.12555233886941947,1688,2274,,0,,360720,368964,371808,44335104,44482560,44482560
A,quiet-5,phase3a,8,packed-entry,12.34079198911786,12.333000000005256,1.0658368483484348,0.7622919511049986,6563,1.0,0,2261,824,0.12555233886941947,1688,2274,,0,,228230,239748,242976,44318720,44335104,44335104
A,quiet-5,phase3a,10,baseline,20.184624940156937,20.142999999997357,1.0,0.0,10140,1.0,0,4174,1539,0.15177514792899408,3124,2152,,0,,1032336,1047756,1050864,44433408,45268992,45268992
A,quiet-5,phase3a,10,packed-key,20.19075001589954,20.169000000002768,1.000303452541762,0.006125075742602348,10140,1.0,0,4174,1539,0.15177514792899408,3124,2152,,0,,681904,697252,700472,44220416,44630016,44630016
A,quiet-5,phase3a,10,packed-entry,21.305999951437116,21.283000000003938,1.0555559003253623,1.121375011280179,10140,1.0,0,4174,1539,0.15177514792899408,3124,2152,,0,,431462,450372,454104,44613632,44761088,44892160
A,supplement-main-003,phase3a,4,baseline,1.1471251491457224,1.1439999999964812,1.0,0.0,746,1.0,0,158,46,0.06166219839142091,89,540,,0,,37036,38528,41104,44204032,44204032,44204032
A,supplement-main-003,phase3a,4,packed-key,1.1443749535828829,1.1450000000010618,0.9976025322390607,-0.002750195562839508,746,1.0,0,158,46,0.06166219839142091,89,540,,0,,23160,24416,27056,44253184,44253184,44253184
A,supplement-main-003,phase3a,4,packed-entry,1.2084171175956726,1.1980000000022528,1.0534309342756498,0.06129196844995022,746,1.0,0,158,46,0.06166219839142091,89,540,,0,,15462,17504,20368,44236800,44236800,44236800
A,supplement-main-003,phase3a,6,baseline,9.13300015963614,9.128000000004022,1.0,0.0,5647,1.0,0,1422,711,0.12590756153709934,1027,3399,,0,,356068,359732,388744,44302336,44449792,44564480
A,supplement-main-003,phase3a,6,packed-key,9.360875003039837,9.357999999998867,1.0249507105464428,0.227874843403697,5647,1.0,0,1422,711,0.12590756153709934,1027,3399,,0,,232892,235444,269096,44269568,44269568,44269568
A,supplement-main-003,phase3a,6,packed-entry,9.77504183538258,9.763999999996997,1.0702990982726557,0.6420416757464409,5647,1.0,0,1422,711,0.12590756153709934,1027,3399,,0,,165634,171316,207432,44154880,44154880,44154880
A,supplement-main-003,phase3a,8,baseline,42.169874999672174,42.15000000000657,1.0,0.0,24897,1.0,0,7303,4032,0.16194722255693458,5624,12416,,0,,1748580,1762748,1765424,44548096,46071808,46071808
A,supplement-main-003,phase3a,8,packed-key,42.626707814633846,42.59799999999814,1.0108331555397123,0.45683281496167183,24897,1.0,0,7303,4032,0.16194722255693458,5624,12416,,0,,1124108,1134828,1137648,43646976,43663360,43859968
A,supplement-main-003,phase3a,8,packed-entry,44.61345891468227,44.57299999999975,1.0579461977307045,2.4435839150100946,24897,1.0,0,7303,4032,0.16194722255693458,5624,12416,,0,,769198,795244,822048,44056576,44597248,44597248
A,supplement-main-003,phase3a,10,baseline,157.31820813380182,157.1260000000052,1.0,0.0,87810,1.0,0,28395,16340,0.18608358956838628,22427,36833,,0,,7005732,7061724,7064784,44367872,52281344,52281344
A,supplement-main-003,phase3a,10,packed-key,160.2157501038164,159.67700000000207,1.0184183509613214,2.897541970014572,87810,1.0,0,28395,16340,0.18608358956838628,22427,36833,,0,,4600212,4649052,4652176,44318720,49790976,49790976
A,supplement-main-003,phase3a,10,packed-entry,165.34454189240932,165.2209999999883,1.0510197379808761,8.026333758607507,87810,1.0,0,28395,16340,0.18608358956838628,22427,36833,,0,,3170822,3274268,3421792,44367872,48496640,48496640
A,seeded-00,seeded,4,baseline,1.3249160256236792,1.3249999999942474,1.0,0.0,883,1.0,0,173,36,0.04077010192525481,102,648,,0,,45792,47488,54400,44351488,44351488,44351488
A,seeded-00,seeded,4,packed-key,1.3443338684737682,1.3450000000005957,1.0146559045815364,0.019417842850089073,883,1.0,0,173,36,0.04077010192525481,102,648,,0,,31044,32352,39296,44285952,44285952,44285952
A,seeded-00,seeded,4,packed-entry,1.3839169405400753,1.3840000000016062,1.0445318146775548,0.05900091491639614,883,1.0,0,173,36,0.04077010192525481,102,648,,0,,21742,24672,31776,44072960,44072960,44072960
A,seeded-00,seeded,6,baseline,11.262749787420034,11.262999999999579,1.0,0.0,7103,1.0,0,1548,620,0.08728706180487118,1073,4524,,0,,388584,395756,398464,44318720,44498944,44498944
A,seeded-00,seeded,6,packed-key,11.355791939422488,11.346000000003187,1.0082610511428016,0.0930421520024538,7103,1.0,0,1548,620,0.08728706180487118,1073,4524,,0,,258456,262508,279888,44367872,44384256,44384256
A,seeded-00,seeded,6,packed-entry,11.828209040686488,11.82500000000175,1.0502061453853877,0.5654592532664537,7103,1.0,0,1548,620,0.08728706180487118,1073,4524,,0,,178822,187052,214000,44187648,44187648,44662784
A,seeded-00,seeded,8,baseline,56.8142079282552,56.79600000000562,1.0,0.0,35049,1.0,0,8279,3622,0.10334103683414649,6073,20457,,0,,1980012,2014020,2016824,44335104,46120960,46120960
A,seeded-00,seeded,8,packed-key,57.14729195460677,57.11800000000267,1.0058626889029623,0.3330840263515711,35049,1.0,0,8279,3622,0.10334103683414649,6073,20457,,0,,1285364,1304388,1307256,44351488,45498368,45498368
A,seeded-00,seeded,8,packed-entry,59.263709001243114,59.21700000000385,1.0431142343140845,2.449501072987914,35049,1.0,0,8279,3622,0.10334103683414649,6073,20457,,0,,852366,886244,889496,44269568,44892160,44892160
A,seeded-00,seeded,10,baseline,226.28724994137883,226.09100000001092,1.0,0.0,134238,1.0,0,34557,17305,0.12891282647238486,26855,70300,,0,,8359048,8488380,8491304,44040192,53444608,53444608
A,seeded-00,seeded,10,packed-key,229.07545906491578,228.55599999999754,1.0123215476093295,2.7882091235369444,134238,1.0,0,34557,17305,0.12891282647238486,26855,70300,,0,,5447980,5525972,5529032,44466176,50905088,50905088
A,seeded-00,seeded,10,packed-entry,234.51370792463422,234.33199999999488,1.036354049931609,8.226457983255386,134238,1.0,0,34557,17305,0.12891282647238486,26855,70300,,0,,3635898,3771636,3775176,44138496,48824320,48824320
A,seeded-01,seeded,4,baseline,0.26387511752545834,0.26400000000137425,1.0,0.0,126,1.0,0,53,0,0.0,42,31,,0,,14976,16960,19492,44187648,44187648,44187648
A,seeded-01,seeded,4,packed-key,0.2658329904079437,0.2660000000105356,1.0074196949710368,0.0019578728824853897,126,1.0,0,53,0,0.0,42,31,,0,,10208,12192,14788,44466176,44466176,44466176
A,seeded-01,seeded,4,packed-entry,0.2733750734478235,0.27399999999033753,1.0360017117621887,0.009499955922365189,126,1.0,0,53,0,0.0,42,31,,0,,6542,9024,11812,44138496,44138496,44138496
A,seeded-01,seeded,6,baseline,0.8345420937985182,0.8339999999975589,1.0,0.0,443,1.0,0,158,15,0.033860045146726865,113,187,,0,,39376,41536,44068,44548096,44548096,44548096
A,seeded-01,seeded,6,packed-key,0.8542498107999563,0.8540000000039072,1.0236150065381797,0.01970771700143814,443,1.0,0,158,15,0.033860045146726865,113,187,,0,,25876,28064,30660,44400640,44400640,44400640
A,seeded-01,seeded,6,packed-entry,0.8800409268587828,0.8799999999951069,1.0545195184261722,0.04549883306026459,443,1.0,0,158,15,0.033860045146726865,113,187,,0,,16050,19104,21928,44204032,44204032,44204032
A,seeded-01,seeded,8,baseline,3.087082877755165,3.084000000001197,1.0,0.0,1835,1.0,0,568,123,0.0670299727520436,384,910,,0,,137224,140556,143060,44056576,44056576,44056576
A,seeded-01,seeded,8,packed-key,3.0905420426279306,3.090000000000259,1.00112052867051,0.003459164872765541,1835,1.0,0,568,123,0.0670299727520436,384,910,,0,,90376,93708,96276,44351488,44351488,44351488
A,seeded-01,seeded,8,packed-entry,3.2167909666895866,3.21800000000394,1.0420163934920792,0.12970808893442154,1835,1.0,0,568,123,0.0670299727520436,384,910,,0,,56998,61484,64568,44056576,44056576,44056576
A,seeded-01,seeded,10,baseline,9.36941709369421,9.365999999999985,1.0,0.0,5221,1.0,0,1796,691,0.13235012449722275,1291,2033,,0,,440104,446220,448724,44302336,44564480,44564480
A,seeded-01,seeded,10,packed-key,9.471957804635167,9.45399999999097,1.0109441932102659,0.10254071094095707,5221,1.0,0,1796,691,0.13235012449722275,1291,2033,,0,,291976,298092,300660,44269568,44335104,44335104
A,seeded-01,seeded,10,packed-entry,9.917458053678274,9.916000000004033,1.0584925352883379,0.5480409599840641,5221,1.0,0,1796,691,0.13235012449722275,1291,2033,,0,,193614,202412,211520,44187648,44187648,44187648
A,seeded-02,seeded,4,baseline,0.43570902198553085,0.4349999999959664,1.0,0.0,232,1.0,0,93,20,0.08620689655172414,71,42,,0,,26240,28432,31416,44548096,44548096,44548096
A,seeded-02,seeded,4,packed-key,0.4440408665686846,0.4449999999991405,1.0191224972693598,0.008331844583153725,232,1.0,0,93,20,0.08620689655172414,71,42,,0,,17800,20048,23608,44515328,44515328,44515328
A,seeded-02,seeded,4,packed-entry,0.4585408605635166,0.4590000000064265,1.0524015740457722,0.022831838577985764,232,1.0,0,93,20,0.08620689655172414,71,42,,0,,11686,14256,18360,44302336,44302336,44302336
A,seeded-02,seeded,6,baseline,0.9905830956995487,0.9900000000016007,1.0,0.0,527,1.0,0,167,20,0.03795066413662239,108,251,,0,,41484,43576,46224,44007424,44007424,44007424
A,seeded-02,seeded,6,packed-key,1.0132079478353262,1.0130000000003747,1.0228399336047622,0.022624852135777473,527,1.0,0,167,20,0.03795066413662239,108,251,,0,,27344,29464,32176,43991040,43991040,43991040
A,seeded-02,seeded,6,packed-entry,1.046250108629465,1.0460000000023228,1.0561962072355013,0.05566701292991638,527,1.0,0,167,20,0.03795066413662239,108,251,,0,,16718,19768,22744,44056576,44056576,44056576
A,seeded-02,seeded,8,baseline,2.538708969950676,2.529999999993038,1.0,0.0,1328,1.0,0,421,110,0.08283132530120482,269,573,,0,,108696,111804,114424,44040192,44040192,44040192
A,seeded-02,seeded,8,packed-key,2.5194999761879444,2.5189999999923884,0.9924335581627914,-0.019208993762731552,1328,1.0,0,421,110,0.08283132530120482,269,573,,0,,74332,77468,80152,44531712,44548096,44548096
A,seeded-02,seeded,8,packed-entry,2.6855829637497663,2.6730000000014797,1.0578538129173365,0.14687399379909039,1328,1.0,0,421,110,0.08283132530120482,269,573,,0,,47730,51836,58048,44269568,44269568,44269568
A,seeded-02,seeded,10,baseline,4.563333000987768,4.562999999990325,1.0,0.0,2290,1.0,0,835,367,0.16026200873362445,585,516,,0,,215612,221036,223656,44302336,44335104,44335104
A,seeded-02,seeded,10,packed-key,4.654041025787592,4.649999999998045,1.0198775817544303,0.09070802479982376,2290,1.0,0,835,367,0.16026200873362445,585,516,,0,,147588,153068,155920,44285952,44285952,44285952
A,seeded-02,seeded,10,packed-entry,4.805915988981724,4.8019999999979746,1.0531591685159611,0.2425829879939556,2290,1.0,0,835,367,0.16026200873362445,585,516,,0,,94406,100652,111560,44105728,44105728,44105728
A,seeded-03,seeded,4,baseline,0.29324996285140514,0.29299999999921056,1.0,0.0,148,1.0,0,60,0,0.0,46,47,,0,,16392,18416,20956,44417024,44417024,44417024
A,seeded-03,seeded,4,packed-key,0.2960409037768841,0.29600000000584714,1.0095172763138358,0.0027909409254789352,148,1.0,0,60,0,0.0,46,47,,0,,11020,13072,15676,44335104,44335104,44335104
A,seeded-03,seeded,4,packed-entry,0.3090829122811556,0.309000000001447,1.0539913092428022,0.015832949429750443,148,1.0,0,60,0,0.0,46,47,,0,,7018,9424,12220,44400640,44400640,44400640
A,seeded-03,seeded,6,baseline,0.8857909124344587,0.8850000000109048,1.0,0.0,478,1.0,0,185,30,0.06276150627615062,133,188,,0,,48808,50992,55696,44285952,44285952,44285952
A,seeded-03,seeded,6,packed-key,0.8815000765025616,0.881000000006793,0.9951559268991544,-0.004290835931897163,478,1.0,0,185,30,0.06276150627615062,133,188,,0,,33160,35344,40904,44367872,44367872,44367872
A,seeded-03,seeded,6,packed-entry,0.9394579101353884,0.9399999999999409,1.060586530012409,0.05366699770092964,478,1.0,0,185,30,0.06276150627615062,133,188,,0,,22082,24880,31400,44433408,44433408,44433408
A,seeded-03,seeded,8,baseline,3.2132079359143972,3.213000000002353,1.0,0.0,1801,1.0,0,618,250,0.138811771238201,440,743,,0,,146660,149660,152172,44318720,44318720,44318720
A,seeded-03,seeded,8,packed-key,3.277125069871545,3.2770000000112987,1.0198920005278023,0.0639171339571476,1801,1.0,0,618,250,0.138811771238201,440,743,,0,,95268,98268,100960,44105728,44105728,44105728
A,seeded-03,seeded,8,packed-entry,3.4240831155329943,3.4229999999979555,1.0656276169561332,0.21087517961859703,1801,1.0,0,618,250,0.138811771238201,440,743,,0,,60594,65340,68640,44204032,44204032,44204032
A,seeded-03,seeded,10,baseline,10.904334019869566,10.889000000005922,1.0,0.0,5772,1.0,0,2112,1192,0.20651420651420652,1641,1876,,0,,512580,519644,522304,44531712,44843008,44843008
A,seeded-03,seeded,10,packed-key,11.046125087887049,11.020000000002028,1.013003184583223,0.14179106801748276,5772,1.0,0,2112,1192,0.20651420651420652,1641,1876,,0,,334948,342012,344928,44269568,44384256,44384256
A,seeded-03,seeded,10,packed-entry,11.637458112090826,11.622000000002686,1.067232358334345,0.7331240922212601,5772,1.0,0,2112,1192,0.20651420651420652,1641,1876,,0,,215466,225660,229280,44236800,44236800,44236800
A,seeded-04,seeded,4,baseline,1.4927498996257782,1.4859999999998763,1.0,0.0,992,1.0,0,215,32,0.03225806451612903,116,739,,0,,52460,53968,56512,44302336,44302336,44302336
A,seeded-04,seeded,4,packed-key,1.4886250719428062,1.4879999999948268,0.9972367590284172,-0.004124827682971954,992,1.0,0,215,32,0.03225806451612903,116,739,,0,,33452,34960,37568,44122112,44122112,44122112
A,seeded-04,seeded,4,packed-entry,1.5631658025085926,1.563000000004422,1.0471719361029381,0.07041590288281441,992,1.0,0,215,32,0.03225806451612903,116,739,,0,,24178,26288,30336,44433408,44433408,44433408
A,seeded-04,seeded,6,baseline,13.2856669370085,13.272000000000617,1.0,0.0,8304,1.0,0,2241,620,0.07466281310211946,1577,5261,,0,,512128,514900,517576,44367872,44662784,44662784
A,seeded-04,seeded,6,packed-key,13.485792092978954,13.473000000004731,1.0150632374663093,0.20012515597045422,8304,1.0,0,2241,620,0.07466281310211946,1577,5261,,0,,318880,321652,324392,44285952,44367872,44367872
A,seeded-04,seeded,6,packed-entry,14.04241705313325,14.032000000000266,1.0569598891581986,0.7567501161247492,8304,1.0,0,2241,620,0.07466281310211946,1577,5261,,0,,220094,228628,231624,44236800,44236800,44236800
A,seeded-04,seeded,8,baseline,85.57908283546567,85.49399999999707,1.0,0.0,50920,1.0,0,15094,5178,0.10168892380204242,11381,28589,,0,,3559828,3576044,3578744,44335104,48054272,48054272
A,seeded-04,seeded,8,packed-key,85.64695902168751,85.59500000001208,1.0007931399119143,0.067876186221838,50920,1.0,0,15094,5178,0.10168892380204242,11381,28589,,0,,2267316,2283460,2286320,44351488,46759936,46759936
A,seeded-04,seeded,8,packed-entry,89.265082962811,89.20400000000939,1.0430712740218544,3.6860001273453236,50920,1.0,0,15094,5178,0.10168892380204242,11381,28589,,0,,1574950,1629636,1638272,44318720,46071808,46071808
A,seeded-04,seeded,10,baseline,434.8301659338176,434.58799999999087,1.0,0.0,253274,1.0,0,78484,29767,0.11752884228148172,61262,130691,,0,,18180540,18280572,18283324,44122112,65060864,65060864
A,seeded-04,seeded,10,packed-key,439.04283293522894,438.4759999999943,1.0096880744057037,4.212667001411319,253274,1.0,0,78484,29767,0.11752884228148172,61262,130691,,0,,11478652,11578612,11581592,44122112,58310656,58310656
A,seeded-04,seeded,10,packed-entry,454.87787504680455,454.59799999999007,1.0461046879531313,20.047709112986922,253274,1.0,0,78484,29767,0.11752884228148172,61262,130691,,0,,7774706,8062676,8066040,44204032,54853632,54853632
A,seeded-05,seeded,4,baseline,0.7591659668833017,0.7600000000138607,1.0,0.0,473,1.0,0,114,0,0.0,56,311,,0,,29444,31392,34032,44302336,44302336,44302336
A,seeded-05,seeded,4,packed-key,0.769458943977952,0.7690000000195596,1.0135582699220662,0.010292977094650269,473,1.0,0,114,0,0.0,56,311,,0,,20068,22016,24720,44302336,44302336,44302336
A,seeded-05,seeded,4,packed-entry,0.7764999754726887,0.7760000000018863,1.0228329632063862,0.01733400858938694,473,1.0,0,114,0,0.0,56,311,,0,,13086,15616,18576,44498944,44498944,44498944
A,seeded-05,seeded,6,baseline,4.3280827812850475,4.328000000015209,1.0,0.0,2701,1.0,0,696,108,0.03998519067012218,397,1618,,0,,180768,183828,202712,44302336,44318720,44318720
A,seeded-05,seeded,6,packed-key,4.411709029227495,4.405999999988808,1.0193217764466183,0.08362624794244766,2701,1.0,0,696,108,0.03998519067012218,397,1618,,0,,124256,127316,146968,44449792,44449792,44449792
A,seeded-05,seeded,6,packed-entry,4.553875187411904,4.552999999987151,1.0521691514550506,0.2257924061268568,2701,1.0,0,696,108,0.03998519067012218,397,1618,,0,,84114,88852,109432,44548096,44548096,44548096
A,seeded-05,seeded,8,baseline,14.63937503285706,14.6349999999984,1.0,0.0,8475,1.0,0,2700,770,0.09085545722713864,1758,3909,,0,,626280,634348,637332,44302336,44728320,44728320
A,seeded-05,seeded,8,packed-key,14.781709061935544,14.772999999991043,1.0097226847976108,0.14233402907848358,8475,1.0,0,2700,770,0.09085545722713864,1758,3909,,0,,404584,412652,415700,44318720,44515328,44515328
A,seeded-05,seeded,8,packed-entry,15.236832899972796,15.235000000018317,1.040811705812221,0.597457867115736,8475,1.0,0,2700,770,0.09085545722713864,1758,3909,,0,,255310,267308,270808,44302336,44335104,44335104
A,seeded-05,seeded,10,baseline,50.93887494876981,50.92499999997813,1.0,0.0,28891,1.0,0,9961,3328,0.11519158215361185,6967,12072,,0,,2308032,2330740,2333760,44335104,46481408,46481408
A,seeded-05,seeded,10,packed-key,51.26275005750358,51.23899999998116,1.0063581127195977,0.32387510873377323,28891,1.0,0,9961,3328,0.11519158215361185,6967,12072,,0,,1484960,1507668,1510848,44007424,45318144,45318144
A,seeded-05,seeded,10,packed-entry,53.14750014804304,53.134000000000015,1.043358342748922,2.2086251992732286,28891,1.0,0,9961,3328,0.11519158215361185,6967,12072,,0,,959014,997684,1001568,44613632,45465600,45465600
A,seeded-06,seeded,4,baseline,0.4854169674217701,0.48599999999510146,1.0,0.0,307,1.0,0,76,0,0.0,37,153,,0,,19292,21560,24264,44204032,44204032,44204032
A,seeded-06,seeded,4,packed-key,0.4903748631477356,0.4909999999824777,1.0102136844377294,0.0049578957259655,307,1.0,0,76,0,0.0,37,153,,0,,13216,15512,18248,44498944,44498944,44498944
A,seeded-06,seeded,4,packed-entry,0.506207812577486,0.5060000000014497,1.0428308991054511,0.020790845155715942,307,1.0,0,76,0,0.0,37,153,,0,,8106,10648,13640,43974656,43974656,43974656
A,seeded-06,seeded,6,baseline,1.6640420071780682,1.6640000000052169,1.0,0.0,1005,1.0,0,283,54,0.05373134328358209,145,427,,0,,69392,72612,75544,44187648,44187648,44187648
A,seeded-06,seeded,6,packed-key,1.6745419707149267,1.674000000008391,1.0063099149490011,0.010499963536858559,1005,1.0,0,283,54,0.05373134328358209,145,427,,0,,47608,50884,53848,44302336,44302336,44302336
A,seeded-06,seeded,6,packed-entry,1.73287489451468,1.7330000000015389,1.0413648736268026,0.06883288733661175,1005,1.0,0,283,54,0.05373134328358209,145,427,,0,,29222,32804,36152,44367872,44367872,44367872
A,seeded-06,seeded,8,baseline,4.444499965757132,4.445000000004029,1.0,0.0,2666,1.0,0,785,228,0.08552138034508627,398,1077,,0,,200432,205444,208568,44335104,44367872,44367872
A,seeded-06,seeded,8,packed-key,4.5386250130832195,4.53600000000165,1.0211778710881492,0.09412504732608795,2666,1.0,0,785,228,0.08552138034508627,398,1077,,0,,141436,146532,154360,44335104,44335104,44335104
A,seeded-06,seeded,8,packed-entry,4.693708149716258,4.687999999987369,1.0560711409335501,0.24920818395912647,2666,1.0,0,785,228,0.08552138034508627,398,1077,,0,,91006,96836,111288,44417024,44417024,44417024
A,seeded-06,seeded,10,baseline,10.473165893927217,10.460999999992282,1.0,0.0,6129,1.0,0,1960,685,0.11176374612497961,1018,2110,,0,,477388,486604,489880,44548096,44826624,44826624
A,seeded-06,seeded,10,packed-key,10.57099993340671,10.5700000000013,1.0093414007254695,0.0978340394794941,6129,1.0,0,1960,685,0.11176374612497961,1018,2110,,0,,331348,340548,343960,44154880,44285952,44285952
A,seeded-06,seeded,10,packed-entry,11.084832949563861,11.079999999992651,1.0584032623785053,0.6116670556366444,6129,1.0,0,1960,685,0.11176374612497961,1018,2110,,0,,207762,218532,222584,44335104,44335104,44335104
A,seeded-07,seeded,4,baseline,0.2732090651988983,0.2729999999928623,1.0,0.0,125,1.0,0,58,6,0.048,48,18,,0,,16034,18112,20652,44335104,44335104,44335104
A,seeded-07,seeded,4,packed-key,0.2755408640950918,0.2750000000162345,1.008534851852357,0.0023317988961935043,125,1.0,0,58,6,0.048,48,18,,0,,10730,12864,15468,44335104,44335104,44335104
A,seeded-07,seeded,4,packed-entry,0.29004202224314213,0.29099999997583836,1.0616120004363299,0.016832957044243813,125,1.0,0,58,6,0.048,48,18,,0,,6882,9312,12108,44564480,44564480,44564480
A,seeded-07,seeded,6,baseline,0.5559590645134449,0.556999999986374,1.0,0.0,284,1.0,0,120,34,0.11971830985915492,92,28,,0,,31580,34080,36620,44580864,44580864,44580864
A,seeded-07,seeded,6,packed-key,0.5577078554779291,0.556999999986374,1.0031455390803183,0.0017487909644842148,284,1.0,0,120,34,0.11971830985915492,92,28,,0,,21476,24032,26636,44269568,44269568,44269568
A,seeded-07,seeded,6,packed-entry,0.5911670159548521,0.5909999999857973,1.063328316217346,0.035207951441407204,284,1.0,0,120,34,0.11971830985915492,92,28,,0,,13522,16416,19212,44367872,44367872,44367872
A,seeded-07,seeded,8,baseline,0.9774169884622097,0.9769999999775791,1.0,0.0,499,1.0,0,201,64,0.1282565130260521,145,32,,0,,52704,55496,58036,44318720,44318720,44318720
A,seeded-07,seeded,8,packed-key,0.9792500641196966,0.9799999999984266,1.0018754284805003,0.0018330756574869156,499,1.0,0,201,64,0.1282565130260521,145,32,,0,,36588,39464,43088,44318720,44318720,44318720
A,seeded-07,seeded,8,packed-entry,1.0117499623447657,1.0120000000028995,1.035126229938537,0.03433297388255596,499,1.0,0,201,64,0.1282565130260521,145,32,,0,,23590,26920,32560,44548096,44548096,44548096
A,seeded-07,seeded,10,baseline,1.4204999897629023,1.4209999999934553,1.0,0.0,730,1.0,0,289,94,0.12876712328767123,201,47,,0,,70784,74204,76716,44367872,44367872,44367872
A,seeded-07,seeded,10,packed-key,1.4686249196529388,1.4599999999802549,1.0338788667630114,0.04812492989003658,730,1.0,0,289,94,0.12876712328767123,201,47,,0,,48176,51708,54284,44318720,44318720,44318720
A,seeded-07,seeded,10,packed-entry,1.5091251116245985,1.5089999999986503,1.0623900897574021,0.08862512186169624,730,1.0,0,289,94,0.12876712328767123,201,47,,0,,29630,33596,36616,44515328,44531712,44531712
A,post-hoc-tail,post-hoc-diagnostic,4,baseline,1.8092910759150982,1.8049999999902866,1.0,0.0,1227,1.0,0,235,41,0.03341483292583537,132,925,,0,,57200,59376,61888,44187648,44187648,44187648
A,post-hoc-tail,post-hoc-diagnostic,4,packed-key,1.7781248316168785,1.7770000000041364,0.9827743337083247,-0.03116624429821968,1227,1.0,0,235,41,0.03341483292583537,132,925,,0,,36764,38448,41024,44466176,44466176,44466176
A,post-hoc-tail,post-hoc-diagnostic,4,packed-entry,1.8315829802304506,1.8320000000073833,1.0123207949301787,0.02229190431535244,1227,1.0,0,235,41,0.03341483292583537,132,925,,0,,25930,29008,31776,44449792,44449792,44449792
A,post-hoc-tail,post-hoc-diagnostic,6,baseline,16.86366694048047,16.85599999998999,1.0,0.0,10799,1.0,0,2604,715,0.06620983424391147,1805,7169,,0,,586024,594892,597664,44417024,44793856,44793856
A,post-hoc-tail,post-hoc-diagnostic,6,packed-key,16.752374824136496,16.75199999999677,0.9934004794605601,-0.11129211634397507,10799,1.0,0,2604,715,0.06620983424391147,1805,7169,,0,,364948,369036,371840,44302336,44466176,44466176
A,post-hoc-tail,post-hoc-diagnostic,6,packed-entry,17.549416981637478,17.544000000015103,1.0406643491938812,0.6857500411570072,10799,1.0,0,2604,715,0.06620983424391147,1805,7169,,0,,247354,258540,261664,44236800,44269568,44269568
A,post-hoc-tail,post-hoc-diagnostic,8,baseline,127.22916691564023,127.17100000000414,1.0,0.0,78662,1.0,0,20755,7119,0.09050113142305052,15463,47972,,0,,4674236,4726060,4729088,44318720,49217536,49217536
A,post-hoc-tail,post-hoc-diagnostic,8,packed-key,127.38225003704429,127.27599999999484,1.0012032077637163,0.15308312140405178,78662,1.0,0,20755,7119,0.09050113142305052,15463,47972,,0,,2915280,2940108,2943168,44351488,47562752,47562752
A,post-hoc-tail,post-hoc-diagnostic,8,packed-entry,132.47800013050437,132.4070000000006,1.0412549523203622,5.248833214864135,78662,1.0,0,20755,7119,0.09050113142305052,15463,47972,,0,,1964406,2042700,2046112,44384256,46694400,46694400
A,post-hoc-tail,post-hoc-diagnostic,10,baseline,711.3466667942703,711.0069999999951,1.0,0.0,423857,1.0,0,119958,47944,0.1131136208674152,93664,236149,,0,,28945896,29209732,29212940,44138496,78987264,78987264
A,post-hoc-tail,post-hoc-diagnostic,10,packed-key,715.2029999997467,714.7369999999853,1.0054211728057365,3.8563332054764032,423857,1.0,0,119958,47944,0.1131136208674152,93664,236149,,0,,18771836,18923004,18926348,44171264,68681728,68681728
A,post-hoc-tail,post-hoc-diagnostic,10,packed-entry,742.5425830297172,742.069999999984,1.0438547303188097,31.19591623544693,423857,1.0,0,119958,47944,0.1131136208674152,93664,236149,,0,,13184786,13634268,13980744,44351488,63602688,63602688
A,additional-00,additional,4,baseline,1.2587499804794788,1.259000000004562,1.0,0.0,776,1.0,0,179,25,0.03221649484536082,95,572,,0,,45408,46800,52544,44171264,44171264,44171264
A,additional-00,additional,4,packed-key,1.2615828309208155,1.2609999999995125,1.0022505267013053,0.0028328504413366318,776,1.0,0,179,25,0.03221649484536082,95,572,,0,,30016,31408,37664,44253184,44253184,44253184
A,additional-00,additional,4,packed-entry,1.3137501664459705,1.314000000007809,1.043694289429535,0.0550001859664917,776,1.0,0,179,25,0.03221649484536082,95,572,,0,,21926,24176,30816,44367872,44367872,44367872
A,additional-00,additional,6,baseline,10.611959034577012,10.613000000006423,1.0,0.0,6248,1.0,0,1627,547,0.08754801536491677,1054,3948,,0,,393668,396420,399096,44580864,44744704,44744704
A,additional-00,additional,6,packed-key,10.790667030960321,10.785999999995965,1.016840245594713,0.17870799638330936,6248,1.0,0,1627,547,0.08754801536491677,1054,3948,,0,,256228,258980,268552,44269568,44285952,44285952
A,additional-00,additional,6,packed-entry,11.206165887415409,11.20399999999222,1.05599407714469,0.594206852838397,6248,1.0,0,1627,547,0.08754801536491677,1054,3948,,0,,180722,187716,209064,44679168,44679168,44679168
A,additional-00,additional,8,baseline,62.84649996086955,62.815999999997985,1.0,0.0,35432,1.0,0,9994,4315,0.12178256942876496,7308,19510,,0,,2266164,2279324,2282060,44498944,46563328,46563328
A,additional-00,additional,8,packed-key,63.1716251373291,63.07599999999525,1.005173321929813,0.32512517645955086,35432,1.0,0,9994,4315,0.12178256942876496,7308,19510,,0,,1421108,1434268,1437068,44253184,45563904,45563904
A,additional-00,additional,8,packed-entry,65.35120797343552,65.30699999999001,1.0398543755678595,2.5047080125659704,35432,1.0,0,9994,4315,0.12178256942876496,7308,19510,,0,,941350,976828,979948,44236800,45072384,45072384
A,additional-00,additional,10,baseline,281.08562505804,280.9620000000166,1.0,0.0,153647,1.0,0,45821,23650,0.15392425494803022,35571,73882,,0,,11755308,11825052,12711888,44072960,58245120,58245120
A,additional-00,additional,10,packed-key,282.46516711078584,282.15000000000146,1.0049079068076177,1.379542052745819,153647,1.0,0,45821,23650,0.15392425494803022,35571,73882,,0,,7869516,7939260,9006352,44351488,54722560,54722560
A,additional-00,additional,10,packed-entry,294.48087490163743,294.18299999997544,1.0476554069274495,13.395249843597412,153647,1.0,0,45821,23650,0.15392425494803022,35571,73882,,0,,5595510,5758684,6926896,44171264,52248576,52248576
A,additional-01,additional,4,baseline,1.377166947349906,1.377999999988333,1.0,0.0,880,1.0,0,196,27,0.03068181818181818,105,639,,0,,50064,51416,54088,44335104,44335104,44335104
A,additional-01,additional,4,packed-key,1.3867919333279133,1.3870000000224536,1.0069889754445014,0.009624985978007317,880,1.0,0,196,27,0.03068181818181818,105,639,,0,,32848,34200,38368,44220416,44220416,44220416
A,additional-01,additional,4,packed-entry,1.4234590344130993,1.423999999985881,1.0336139980358034,0.04629208706319332,880,1.0,0,196,27,0.03068181818181818,105,639,,0,,23250,26104,31520,44597248,44597248,44597248
A,additional-01,additional,6,baseline,12.996040983125567,12.993999999991956,1.0,0.0,7529,1.0,0,2055,584,0.07756674193119936,1465,4442,,0,,489408,493444,496248,44302336,44597248,44597248
A,additional-01,additional,6,packed-key,13.040250167250633,13.034000000004653,1.0034017424369828,0.044209184125065804,7529,1.0,0,2055,584,0.07756674193119936,1465,4442,,0,,310400,314436,317304,44466176,44548096,44548096
A,additional-01,additional,6,packed-entry,13.566708890721202,13.564999999971405,1.043910903969648,0.5706679075956345,7529,1.0,0,2055,584,0.07756674193119936,1465,4442,,0,,211506,220644,223800,44269568,44269568,44269568
A,additional-01,additional,8,baseline,66.10275013372302,66.0769999999502,1.0,0.0,36500,1.0,0,11342,4027,0.11032876712328767,8954,17473,,0,,2904472,2926436,3136968,44597248,47628288,47628288
A,additional-01,additional,8,packed-key,66.70741690322757,66.66799999999284,1.0091473768985606,0.6046667695045471,36500,1.0,0,11342,4027,0.11032876712328767,8954,17473,,0,,1918744,1940708,2187208,44302336,46317568,46317568
A,additional-01,additional,8,packed-entry,69.31129097938538,69.27200000001221,1.0485386892250568,3.2085408456623554,36500,1.0,0,11342,4027,0.11032876712328767,8954,17473,,0,,1345994,1390020,1658280,44335104,46137344,46137344
A,additional-01,additional,10,baseline,218.38729199953377,218.1810000000155,1.0,0.0,117199,1.0,0,39129,15273,0.1303168115768906,31798,47055,,0,,9360288,9445204,9448196,44564480,55001088,55001088
A,additional-01,additional,10,packed-key,215.56508401408792,215.47200000003386,0.9870770503191556,-2.822207985445857,117199,1.0,0,39129,15273,0.1303168115768906,31798,47055,,0,,5970816,6055732,6058788,44335104,51331072,51331072
A,additional-01,additional,10,packed-entry,227.27916692383587,226.90000000000055,1.0407160821625148,8.891874924302101,117199,1.0,0,39129,15273,0.1303168115768906,31798,47055,,0,,3918430,4067892,4071360,44302336,49299456,49299456
A,additional-02,additional,4,baseline,0.6775408983230591,0.6779999999935171,1.0,0.0,414,1.0,0,109,15,0.036231884057971016,75,233,,0,,29304,30960,33416,44367872,44367872,44367872
A,additional-02,additional,4,packed-key,0.6884171161800623,0.688000000025113,1.0160524890584794,0.010876217857003212,414,1.0,0,109,15,0.036231884057971016,75,233,,0,,19576,21232,23752,44367872,44367872,44367872
A,additional-02,additional,4,packed-entry,0.7117500063031912,0.7119999999645188,1.0504901003980733,0.0342091079801321,414,1.0,0,109,15,0.036231884057971016,75,233,,0,,12774,15440,18368,44318720,44318720,44318720
A,additional-02,additional,6,baseline,2.418291987851262,2.4179999999773827,1.0,0.0,1336,1.0,0,441,133,0.09955089820359281,330,527,,0,,113156,115628,118276,44597248,44597248,44597248
A,additional-02,additional,6,packed-key,2.4277078919112682,2.4280000000089785,1.0038936175231563,0.009415904060006142,1336,1.0,0,441,133,0.09955089820359281,330,527,,0,,74788,77260,79972,44515328,44515328,44515328
A,additional-02,additional,6,packed-entry,2.550708130002022,2.551000000039494,1.0547560603996444,0.1324161421507597,1336,1.0,0,441,133,0.09955089820359281,330,527,,0,,49174,53356,58568,44269568,44269568,44269568
A,additional-02,additional,8,baseline,6.6209170036017895,6.620999999995547,1.0,0.0,3584,1.0,0,1308,403,0.11244419642857142,993,1224,,0,,311896,316580,319228,44269568,44417024,44417024
A,additional-02,additional,8,packed-key,6.6434170585125685,6.64000000000442,1.0033983290983015,0.022500054910779,3584,1.0,0,1308,403,0.11244419642857142,993,1224,,0,,200056,204740,207452,44154880,44171264,44171264
A,additional-02,additional,8,packed-entry,7.03633320517838,7.031999999981053,1.0627430009091796,0.41541620157659054,3584,1.0,0,1308,403,0.11244419642857142,993,1224,,0,,126514,134276,137308,44122112,44122112,44122112
A,additional-02,additional,10,baseline,15.320332953706384,15.312999999991916,1.0,0.0,8271,1.0,0,2979,1106,0.13372022730020552,2317,2755,,0,,766728,775700,799200,44400640,44924928,44924928
A,additional-02,additional,10,packed-key,15.310666989535093,15.30800000000454,0.9993690761029478,-0.009665964171290398,8271,1.0,0,2979,1106,0.13372022730020552,2317,2755,,0,,514056,523028,567040,44384256,44630016,44630016
A,additional-02,additional,10,packed-entry,16.114833066239953,16.10699999997678,1.05185919359157,0.7945001125335693,8271,1.0,0,2979,1106,0.13372022730020552,2317,2755,,0,,349922,363956,423008,44351488,44449792,44449792
A,additional-03,additional,4,baseline,0.42137480340898037,0.4220000000145774,1.0,0.0,211,1.0,0,87,13,0.061611374407582936,69,56,,0,,24686,26592,31064,44498944,44498944,44498944
A,additional-03,additional,4,packed-key,0.4284169990569353,0.42799999999942884,1.0167124270150532,0.007042195647954941,211,1.0,0,87,13,0.061611374407582936,69,56,,0,,16814,18720,23224,44335104,44335104,44335104
A,additional-03,additional,4,packed-entry,0.44195796363055706,0.440999999966607,1.0488476293671478,0.02058316022157669,211,1.0,0,87,13,0.061611374407582936,69,56,,0,,11278,13792,18456,44351488,44351488,44351488
A,additional-03,additional,6,baseline,1.0519998613744974,1.052000000015596,1.0,0.0,533,1.0,0,211,64,0.1200750469043152,161,140,,0,,55684,57920,60488,44154880,44154880,44154880
A,additional-03,additional,6,packed-key,1.04991695843637,1.049999999963802,0.9980200539804196,-0.0020829029381275177,533,1.0,0,211,64,0.1200750469043152,161,140,,0,,37320,39584,42216,44302336,44302336,44302336
A,additional-03,additional,6,packed-entry,1.0963331442326307,1.0959999999613501,1.0421419094107194,0.044333282858133316,533,1.0,0,211,64,0.1200750469043152,161,140,,0,,24242,27296,32064,44302336,44302336,44302336
A,additional-03,additional,8,baseline,2.1423751022666693,2.1419999999920947,1.0,0.0,1072,1.0,0,449,154,0.14365671641791045,343,235,,0,,114196,117084,119624,44285952,44285952,44285952
A,additional-03,additional,8,packed-key,2.1348341833800077,2.1349999999529246,0.996480112712903,-0.0075409188866615295,1072,1.0,0,449,154,0.14365671641791045,343,235,,0,,76180,79068,81672,44089344,44089344,44089344
A,additional-03,additional,8,packed-entry,2.2612500470131636,2.261999999973341,1.0554874562445775,0.1188749447464943,1072,1.0,0,449,154,0.14365671641791045,343,235,,0,,49466,53500,58408,44318720,44318720,44318720
A,additional-03,additional,10,baseline,5.247208988294005,5.2299999999831925,1.0,0.0,2762,1.0,0,1056,341,0.12346125995655322,783,855,,0,,256700,261132,263672,44351488,44433408,44433408
A,additional-03,additional,10,packed-key,5.281416932120919,5.274999999983265,1.00651926460395,0.034207943826913834,2762,1.0,0,1056,341,0.12346125995655322,783,855,,0,,167548,171980,174584,44367872,44367872,44367872
A,additional-03,additional,10,packed-entry,5.532541079446673,5.533000000013999,1.0543778781804223,0.285332091152668,2762,1.0,0,1056,341,0.12346125995655322,783,855,,0,,108454,114220,117016,44318720,44318720,44744704
B,empty,phase3a,4,unbounded,0.8173331152647734,0.8180000000000964,1.0,0.0,594,1.0,0,143,15,0.025252525252525252,71,436,,0,,14302,16648,19912,44302336,44302336,44302336
B,empty,phase3a,4,16384,0.9274589829146862,0.9289999999999576,1.1347380469396957,0.11012586764991283,594,1.0,0,142,15,0.025252525252525252,71,436,16384,1,0,272010,274320,277544,44335104,44335104,44335104
B,empty,phase3a,4,32768,0.9871248621493578,0.9870000000000712,1.2077387343220283,0.16979174688458443,594,1.0,0,142,15,0.025252525252525252,71,436,32768,1,0,534154,536464,539568,44580864,44580864,44597248
B,empty,phase3a,4,65536,1.107207965105772,1.1070000000000801,1.3546593725706249,0.28987484984099865,594,1.0,0,142,15,0.025252525252525252,71,436,65536,1,0,1058442,1060752,1063752,45056000,45056000,45056000
B,empty,phase3a,6,unbounded,7.594624999910593,7.589999999999986,1.0,0.0,5052,1.0,0,1447,396,0.07838479809976247,914,3209,,0,,164226,170308,204816,44269568,44269568,44711936
B,empty,phase3a,6,16384,8.226041914895177,8.218999999999976,1.0831399726769941,0.6314169149845839,5061,1.0017814726840855,9,1357,388,0.0766646907725746,923,3215,16384,101,33,347294,353092,356176,44269568,44269568,44269568
B,empty,phase3a,6,32768,8.184291189536452,8.177999999999908,1.0776425682153894,0.5896661896258593,5058,1.001187648456057,6,1392,392,0.077500988533017,920,3213,32768,61,35,611678,617596,620680,44318720,44318720,44318720
B,empty,phase3a,6,65536,8.32016603089869,8.31000000000004,1.0955334899348734,0.7255410309880972,5057,1.0009897070467142,5,1411,393,0.0777140597192011,919,3212,65536,41,35,1137174,1143156,1146240,45105152,45105152,45105152
B,empty,phase3a,8,unbounded,47.65137494541705,47.61099999999985,1.0,0.0,29425,1.0,0,8400,2725,0.09260832625318606,5639,17534,,0,,834050,863980,867328,44367872,44941312,44941312
B,empty,phase3a,8,16384,51.856332924216986,51.81600000000009,1.0882442108672954,4.204957978799939,29723,1.0101274426508071,298,6512,2651,0.08919018941560408,5795,17674,16384,2082,226,680306,703836,707536,44269568,44548096,44548096
B,empty,phase3a,8,32768,51.58804194070399,51.546999999999784,1.0826139224691051,3.9366669952869415,29604,1.0060832625318608,179,7276,2680,0.0905283069855425,5731,17622,32768,1236,237,991322,1017436,1021064,44597248,44941312,44941312
B,empty,phase3a,8,65536,51.70412501320243,51.67499999999991,1.0850500131932743,4.052750067785382,29516,1.0030926083262532,91,7773,2700,0.09147580973031576,5687,17583,65536,683,246,1547558,1575332,1578816,45006848,45383680,45383680
B,empty,phase3a,10,unbounded,219.1754998639226,218.9800000000002,1.0,0.0,128308,1.0,0,38395,15828,0.12335941640427721,27477,68511,,0,,3800282,3937252,3940824,44187648,49004544,49004544
B,empty,phase3a,10,16384,256.2682090792805,255.9950000000004,1.1692374797292,37.0927092153579,133835,1.043076035788883,5527,14774,14922,0.1114954981880674,29676,71141,16384,26773,1001,1222606,1276428,1280680,44285952,45236224,45236224
B,empty,phase3a,10,32768,247.8839170653373,247.72500000000088,1.130983696714453,28.708417201414704,131291,1.023248745206846,2983,22362,15219,0.11591807511558294,28739,69926,32768,17851,1203,1975982,2056396,2060576,44580864,46088192,46088192
B,empty,phase3a,10,65536,242.9265829268843,242.72099999999952,1.108365593224187,23.751083062961698,129764,1.011347694609845,1456,28711,15394,0.11863074504485065,28143,69258,65536,10656,1353,2911030,3013812,3017664,45023232,47005696,47005696
B,near-opening,phase3a,4,unbounded,0.926624983549118,0.9270000000007883,1.0,0.0,569,1.0,0,155,19,0.033391915641476276,91,383,,0,,15846,18632,21448,44384256,44384256,44384256
B,near-opening,phase3a,4,16384,1.0286250617355108,1.0290000000026112,1.1100769782784365,0.10200007818639278,569,1.0,0,153,19,0.033391915641476276,91,383,16384,2,2,273486,276232,279112,44236800,44236800,44236800
B,near-opening,phase3a,4,32768,1.1031669564545155,1.1040000000015482,1.1905214903975654,0.17654197290539742,569,1.0,0,153,19,0.033391915641476276,91,383,32768,2,2,535630,538376,541256,44761088,44761088,44761088
B,near-opening,phase3a,4,65536,1.212917035445571,1.2140000000009366,1.3089621551103767,0.2862920518964529,569,1.0,0,153,19,0.033391915641476276,91,383,65536,2,2,1059918,1062664,1065544,45105152,45105152,45105152
B,near-opening,phase3a,6,unbounded,7.283458951860666,7.272000000000389,1.0,0.0,4258,1.0,0,1186,394,0.09253170502583373,806,2516,,0,,117042,123716,126920,44269568,44269568,44531712
B,near-opening,phase3a,6,16384,7.893916219472885,7.887000000000199,1.083814197573842,0.6104572676122189,4308,1.0117426021606388,50,1121,406,0.09424326833797586,812,2540,16384,79,69,338246,344644,347912,44613632,44613632,44613632
B,near-opening,phase3a,6,32768,7.885541068390012,7.879999999996556,1.082664311079221,0.6020821165293455,4293,1.0082198215124472,35,1145,401,0.09340787328208712,811,2533,32768,52,69,601994,608484,611752,44646400,44662784,44662784
B,near-opening,phase3a,6,65536,7.976790890097618,7.967999999998199,1.0951926746370733,0.6933319382369518,4267,1.002113668388915,9,1157,398,0.09327396297164284,808,2517,65536,33,70,1127098,1133636,1136904,45039616,45039616,45039616
B,near-opening,phase3a,8,unbounded,41.68325010687113,41.63199999999989,1.0,0.0,24054,1.0,0,6699,2903,0.12068678806019789,4939,13224,,0,,741678,768484,833216,44302336,44777472,44777472
B,near-opening,phase3a,8,16384,45.525750145316124,45.47799999999924,1.0921833117281705,3.842500038444996,24383,1.013677558825975,329,5435,2836,0.1163105442316368,5066,13350,16384,1491,545,625802,648052,652128,44302336,44515328,44580864
B,near-opening,phase3a,8,32768,45.256791869178414,45.21399999999787,1.0857308811847717,3.5735417623072863,24272,1.0090629417144759,218,5984,2868,0.11816084377059986,5022,13301,32768,862,574,923906,948092,952024,44548096,44810240,44810240
B,near-opening,phase3a,8,65536,45.20400008186698,45.18899999999704,1.0844643823590783,3.5207499749958515,24212,1.0065685540866385,158,6290,2893,0.11948620518751032,4994,13282,65536,502,596,1468442,1493772,1497704,45170688,45449216,45449216
B,near-opening,phase3a,10,unbounded,177.43708309717476,177.31299999999806,1.0,0.0,99441,1.0,0,28999,14340,0.1442061121670136,22095,49039,,0,,3244654,3356100,3444776,44236800,48398336,48398336
B,near-opening,phase3a,10,16384,211.7598750628531,211.59899999999965,1.1934364078047948,34.322791965678334,105717,1.063112800555103,6276,13567,14453,0.13671405734177094,24020,51760,16384,18368,2031,1169734,1223220,1228112,44302336,45219840,45219840
B,near-opening,phase3a,10,32768,203.19066592492163,203.0290000000008,1.1451420547397226,25.753582827746868,102630,1.0320692672036684,3189,19099,14283,0.13916983338205202,23086,50418,32768,11487,2179,1799934,1874196,1878800,44466176,45776896,45776896
B,near-opening,phase3a,10,65536,196.53841690160334,196.3840000000019,1.1076513064293758,19.101333804428577,100994,1.0156173007109743,1553,23178,14254,0.14113709725330217,22610,49692,65536,6680,2290,2595154,2684748,2689352,45039616,46661632,46661632
B,midgame,phase3a,4,unbounded,0.5494160577654839,0.5500000000040473,1.0,0.0,339,1.0,0,81,0,0.0,37,184,,0,,8446,11008,14000,44564480,44564480,44564480
B,midgame,phase3a,4,16384,0.6479581352323294,0.6479999999982056,1.1793578401541875,0.09854207746684551,339,1.0,0,78,0,0.0,37,184,16384,3,0,268414,270928,273984,44007424,44007424,44007424
B,midgame,phase3a,4,32768,0.7044579833745956,0.704999999996403,1.2821940193005623,0.15504192560911179,339,1.0,0,78,0,0.0,37,184,32768,3,0,530558,533072,536128,44646400,44646400,44646400
B,midgame,phase3a,4,65536,0.8362920489162207,0.8369999999970901,1.522147081607849,0.2868759911507368,339,1.0,0,78,0,0.0,37,184,65536,3,0,1054846,1057360,1060416,45072384,45072384,45072384
B,midgame,phase3a,6,unbounded,1.9852500408887863,1.9860000000022637,1.0,0.0,1166,1.0,0,333,61,0.05231560891938251,167,492,,0,,32622,36404,39752,44302336,44302336,44302336
B,midgame,phase3a,6,16384,2.22866702824831,2.2239999999982274,1.122612760280084,0.24341698735952377,1166,1.0,0,316,61,0.05231560891938251,167,492,16384,17,0,284626,288308,291720,44056576,44056576,44056576
B,midgame,phase3a,6,32768,2.243499970063567,2.2440000000045757,1.1300843338903364,0.25824992917478085,1166,1.0,0,317,61,0.05231560891938251,167,492,32768,16,0,546838,550524,553936,44728320,44728320,44728320
B,midgame,phase3a,6,65536,2.374958014115691,2.3730000000057316,1.1963017076944296,0.38970797322690487,1166,1.0,0,321,61,0.05231560891938251,167,492,65536,12,0,1071398,1075100,1078512,45170688,45170688,45170688
B,midgame,phase3a,8,unbounded,4.971083020791411,4.971000000004722,1.0,0.0,2784,1.0,0,880,284,0.10201149425287356,452,948,,0,,97410,103428,110912,44498944,44498944,44498944
B,midgame,phase3a,8,16384,5.52212493494153,5.516000000000076,1.110849469189189,0.5510419141501188,2784,1.0,0,825,284,0.10201149425287356,452,948,16384,55,0,319182,324948,328712,44204032,44236800,44236800
B,midgame,phase3a,8,32768,5.572959082201123,5.566000000001736,1.121075439475137,0.6018760614097118,2784,1.0,0,833,284,0.10201149425287356,452,948,32768,47,0,581870,587668,591432,44498944,44498944,44498944
B,midgame,phase3a,8,65536,5.692542064934969,5.6889999999967245,1.1451311597746558,0.7214590441435575,2784,1.0,0,844,284,0.10201149425287356,452,948,65536,36,0,1106906,1112748,1116512,44892160,44892160,44892160
B,midgame,phase3a,10,unbounded,10.169416898861527,10.156000000002052,1.0,0.0,5389,1.0,0,1881,700,0.12989422898496938,993,1543,,0,,201914,211828,215912,44236800,44236800,44236800
B,midgame,phase3a,10,16384,11.060917051509023,11.058000000005563,1.0876648249859142,0.8915001526474953,5394,1.0009278159213213,5,1731,699,0.12958843159065628,993,1546,16384,151,0,380398,389684,393832,44302336,44302336,44302336
B,midgame,phase3a,10,32768,11.100874980911613,11.08899999999835,1.0915940502109185,0.9314580820500851,5389,1.0,0,1777,700,0.12989422898496938,993,1543,32768,104,0,645670,655140,659288,44531712,44548096,44548096
B,midgame,phase3a,10,65536,11.292082956060767,11.29099999999994,1.1103963057434416,1.1226660571992397,5389,1.0,0,1798,700,0.12989422898496938,993,1543,65536,83,0,1171358,1180908,1185056,44941312,44957696,44957696
B,midgame-wide,phase3a,4,unbounded,1.2377500534057617,1.2380000000007385,1.0,0.0,726,1.0,0,169,25,0.03443526170798898,100,494,,0,,16742,19320,22120,44335104,44335104,44335104
B,midgame-wide,phase3a,4,16384,1.3907081447541714,1.3909999999981437,1.1235775275691033,0.15295809134840965,728,1.002754820936639,2,150,20,0.027472527472527472,102,496,16384,24,9,273226,275664,278528,44253184,44269568,44269568
B,midgame-wide,phase3a,4,32768,1.4573750086128712,1.4579999999995152,1.177438857387075,0.21962495520710945,728,1.002754820936639,2,150,20,0.027472527472527472,102,496,32768,24,9,535370,537808,540672,44433408,44433408,44433408
B,midgame-wide,phase3a,4,65536,1.5781670808792114,1.5780000000020777,1.2750288933834153,0.3404170274734497,728,1.002754820936639,2,150,20,0.027472527472527472,102,496,65536,24,9,1059658,1062096,1064960,45056000,45056000,45056000
B,midgame-wide,phase3a,6,unbounded,5.5603329092264175,5.557000000003143,1.0,0.0,3036,1.0,0,830,242,0.07971014492753623,582,1577,,0,,93646,98724,109840,44236800,44236800,44236800
B,midgame-wide,phase3a,6,16384,6.163707934319973,6.1590000000038,1.108514190596818,0.6033750250935555,3070,1.0111989459815547,34,741,215,0.07003257328990228,602,1599,16384,117,56,313106,317796,320952,44302336,44302336,44302336
B,midgame-wide,phase3a,6,32768,6.168083054944873,6.162999999993701,1.1093010356825934,0.6077501457184553,3070,1.0111989459815547,34,746,217,0.07068403908794789,602,1599,32768,110,58,575590,580300,583456,44941312,44941312,44941312
B,midgame-wide,phase3a,6,65536,6.3020410016179085,6.301000000000556,1.1333927490493876,0.7417080923914909,3070,1.0111989459815547,34,750,218,0.07100977198697069,602,1599,65536,105,59,1100150,1104876,1108032,45105152,45105152,45105152
B,midgame-wide,phase3a,8,unbounded,15.735541936010122,15.717999999999677,1.0,0.0,8069,1.0,0,2682,796,0.09864915107200396,1950,3203,,0,,254562,266524,269864,44335104,44335104,44335104
B,midgame-wide,phase3a,8,16384,17.26574986241758,17.26099999999775,1.0972453273379572,1.5302079264074564,8134,1.0080555211302515,65,2329,745,0.09159085320875338,1983,3234,16384,427,88,419550,430180,433592,44367872,44367872,44367872
B,midgame-wide,phase3a,8,32768,17.214333172887564,17.203999999999553,1.0939777761001857,1.4787912368774414,8124,1.0068162101871359,55,2422,744,0.0915805022156573,1980,3232,32768,327,91,687906,698892,702304,44990464,44990464,44990464
B,midgame-wide,phase3a,8,65536,17.352540977299213,17.340000000004352,1.1027609374920007,1.616999041289091,8124,1.0068162101871359,55,2467,745,0.09170359428852781,1980,3232,65536,281,92,1215226,1226388,1229800,44990464,44990464,44990464
B,midgame-wide,phase3a,10,unbounded,37.95229201205075,37.931999999997856,1.0,0.0,19097,1.0,0,6730,2759,0.14447295386709955,5110,5850,,0,,748602,776348,836400,44302336,44924928,44924928
B,midgame-wide,phase3a,10,16384,42.59054199792445,42.52899999999471,1.1222126448753331,4.638249985873699,19370,1.0142954390742,273,5253,2573,0.13283427981414558,5280,5965,16384,1763,298,617262,639556,643288,44285952,44515328,44515328
B,midgame-wide,phase3a,10,32768,42.029250180348754,41.99599999999748,1.1074232398666062,4.076958168298006,19323,1.0118343195266273,226,5715,2595,0.1342959167831082,5255,5946,32768,1266,306,910346,934388,938120,44498944,44761088,44761088
B,midgame-wide,phase3a,10,65536,42.02216607518494,41.983999999999355,1.1072365817021514,4.069874063134193,19311,1.0112059485783107,214,5975,2611,0.13520791258868003,5244,5944,65536,984,317,1452062,1477108,1480840,45088768,45350912,45350912
B,late,phase3a,4,unbounded,0.08999998681247234,0.09000000000014552,1.0,0.0,41,1.0,0,20,3,0.07317073170731707,4,18,,0,,2610,4344,7176,44384256,44384256,44384256
B,late,phase3a,4,16384,0.15616603195667267,0.15700000000151704,1.735178387104285,0.06616604514420033,41,1.0,0,20,3,0.07317073170731707,4,18,16384,0,0,264414,266112,269008,44285952,44285952,44285952
B,late,phase3a,4,32768,0.21612504497170448,0.21600000000887576,2.401389740445534,0.12612505815923214,41,1.0,0,20,3,0.07317073170731707,4,18,32768,0,0,526558,528256,531152,44744704,44761088,44761088
B,late,phase3a,4,65536,0.3372500650584698,0.3379999999992833,3.7472234941675917,0.24725007824599743,41,1.0,0,20,3,0.07317073170731707,4,18,65536,0,0,1050846,1052544,1055440,44990464,44990464,44990464
B,late,phase3a,6,unbounded,0.24850014597177505,0.24899999999661304,1.0,0.0,119,1.0,0,63,6,0.05042016806722689,18,47,,0,,6970,8880,12032,44351488,44351488,44351488
B,late,phase3a,6,16384,0.33074989914894104,0.33100000000274576,1.3309847278178581,0.08224975317716599,119,1.0,0,60,6,0.05042016806722689,18,47,16384,3,0,266966,268800,272016,44302336,44318720,44433408
B,late,phase3a,6,32768,0.39008306339383125,0.38999999999589363,1.5697498360348543,0.1415829174220562,119,1.0,0,60,6,0.05042016806722689,18,47,32768,3,0,529110,530944,534160,44761088,44761088,44761088
B,late,phase3a,6,65536,0.5108329933136702,0.5100000000055616,2.055664761547831,0.2623328473418951,119,1.0,0,60,6,0.05042016806722689,18,47,65536,3,0,1053398,1055232,1058448,45203456,45203456,45203456
B,late,phase3a,8,unbounded,0.5913330242037773,0.5919999999974834,1.0,0.0,276,1.0,0,166,11,0.03985507246376811,72,70,,0,,15222,17536,20944,44236800,44236800,44236800
B,late,phase3a,8,16384,0.7111669983714819,0.7109999999954653,1.202650569582275,0.11983397416770458,276,1.0,0,159,11,0.03985507246376811,72,70,16384,7,4,272522,274744,278216,44269568,44269568,44269568
B,late,phase3a,8,32768,0.7664589211344719,0.766000000012923,1.2961544337330042,0.17512589693069458,276,1.0,0,159,11,0.03985507246376811,72,70,32768,7,4,534666,536888,540360,44744704,44744704,44744704
B,late,phase3a,8,65536,0.8871250320225954,0.8869999999916445,1.5002122251113887,0.2957920078188181,276,1.0,0,159,11,0.03985507246376811,72,70,65536,7,4,1058954,1061176,1064648,44941312,44941312,44941312
B,late,phase3a,10,unbounded,1.1506248265504837,1.1520000000047048,1.0,0.0,506,1.0,0,328,22,0.043478260869565216,166,78,,0,,28978,32180,35780,44269568,44269568,44269568
B,late,phase3a,10,16384,1.3204161077737808,1.3209999999901356,1.147564416572101,0.16979128122329712,508,1.0039525691699605,2,315,22,0.04330708661417323,168,78,16384,15,4,281478,284628,288292,44466176,44466176,44466176
B,late,phase3a,10,32768,1.388499978929758,1.3879999999915071,1.2067356334491863,0.23787515237927437,508,1.0039525691699605,2,318,22,0.04330708661417323,168,78,32768,12,4,543770,546924,550588,44433408,44433408,44433408
B,late,phase3a,10,65536,1.5198751352727413,1.520999999996775,1.32091286421244,0.3692503087222576,508,1.0039525691699605,2,318,22,0.04330708661417323,168,78,65536,12,4,1068058,1071212,1074876,45268992,45268992,45268992
B,immediate-win,phase3a,4,unbounded,0.5619169678539038,0.5620000000021719,1.0,0.0,316,1.0,0,101,25,0.07911392405063292,81,153,,0,,12146,14512,18192,44318720,44318720,44318720
B,immediate-win,phase3a,4,16384,0.6555421277880669,0.6559999999922184,1.1666174280014006,0.0936251599341631,316,1.0,0,101,25,0.07911392405063292,81,153,16384,0,10,269922,272224,275176,44302336,44302336,44302336
B,immediate-win,phase3a,4,32768,0.707375118508935,0.7070000000055643,1.2588605772318477,0.1454581506550312,316,1.0,0,101,25,0.07911392405063292,81,153,32768,0,10,532066,534368,537320,44777472,44777472,44777472
B,immediate-win,phase3a,4,65536,0.8318331092596054,0.8320000000026084,1.4803488003513694,0.26991614140570164,316,1.0,0,101,25,0.07911392405063292,81,153,65536,0,10,1056354,1058656,1061608,45039616,45039616,45039616
B,immediate-win,phase3a,6,unbounded,3.401207970455289,3.3959999999950696,1.0,0.0,2015,1.0,0,569,212,0.10521091811414392,412,1155,,0,,57346,61060,64336,44367872,44367872,44367872
B,immediate-win,phase3a,6,16384,3.6677909083664417,3.6669999999929814,1.078378899563577,0.26658293791115284,2021,1.0029776674937965,6,559,208,0.10291934685799109,417,1159,16384,16,48,300618,304324,307736,44351488,44351488,44351488
B,immediate-win,phase3a,6,32768,3.753459081053734,3.753000000003226,1.1035664721646798,0.35225111059844494,2021,1.0029776674937965,6,560,208,0.10291934685799109,417,1159,32768,15,48,562830,566540,569880,44695552,44695552,44695552
B,immediate-win,phase3a,6,65536,3.851959016174078,3.8520000000090704,1.132526752152251,0.4507510457187891,2021,1.0029776674937965,6,561,208,0.10291934685799109,417,1159,65536,14,48,1087130,1090868,1094208,45367296,45367296,45367296
B,immediate-win,phase3a,8,unbounded,21.571250166743994,21.562000000002968,1.0,0.0,12470,1.0,0,3636,1470,0.11788291900561347,2697,6857,,0,,387822,402420,416200,44253184,44335104,44335104
B,immediate-win,phase3a,8,16384,23.377374978736043,23.362999999989142,1.0837283327591518,1.8061248119920492,12551,1.006495589414595,81,3250,1424,0.11345709505218708,2747,6903,16384,454,262,477362,490636,494156,44367872,44400640,44400640
B,immediate-win,phase3a,8,32768,23.243374889716506,23.227999999988924,1.0775163567269919,1.6721247229725122,12520,1.004009623095429,50,3405,1435,0.11461661341853036,2727,6891,32768,274,266,749766,763620,767068,44531712,44580864,44580864
B,immediate-win,phase3a,8,65536,23.385750129818916,23.366999999993254,1.0841165880071386,1.8144999630749226,12513,1.0034482758620689,43,3482,1443,0.11532006713018461,2720,6886,65536,189,267,1279178,1293260,1296708,45170688,45236224,45236224
B,immediate-win,phase3a,10,unbounded,106.93320911377668,106.83699999999874,1.0,0.0,59934,1.0,0,18565,8028,0.13394734207628392,14178,30391,,0,,1816354,1886316,1890488,44384256,46383104,46383104
B,immediate-win,phase3a,10,16384,122.21879186108708,122.06799999999873,1.1429451418693193,15.2855827473104,62062,1.035505722961925,2128,10989,7725,0.12447230189165673,15031,31338,16384,8815,1056,988942,1030964,1035552,44171264,44810240,44810240
B,immediate-win,phase3a,10,32768,119.3924997933209,119.30499999999711,1.116514699061239,12.45929067954421,61126,1.0198885440651384,1192,13971,7827,0.12804698491640218,14649,30954,32768,5282,1160,1447478,1500516,1505000,44793856,45678592,45678592
B,immediate-win,phase3a,10,65536,117.77399992570281,117.66000000000076,1.101379084213133,10.840790811926126,60682,1.012480395101278,748,15854,7921,0.1305329422233941,14457,30760,65536,3124,1215,2096254,2156220,2160672,44843008,45891584,45891584
B,forced-reply,phase3a,4,unbounded,0.5751671269536018,0.5749999999977717,1.0,0.0,345,1.0,0,92,0,0.0,52,211,,0,,11590,14064,18552,44285952,44285952,44285952
B,forced-reply,phase3a,4,16384,0.6549579557031393,0.655000000008954,1.1387263371120548,0.07979082874953747,345,1.0,0,91,0,0.0,52,211,16384,1,0,269270,271704,274632,44580864,44580864,44580864
B,forced-reply,phase3a,4,32768,0.7173339836299419,0.7180000000062137,1.2471748645116998,0.1421668566763401,345,1.0,0,91,0,0.0,52,211,32768,1,0,531414,533848,536776,44433408,44433408,44433408
B,forced-reply,phase3a,4,65536,0.8450839668512344,0.8449999999982083,1.4692841910615773,0.2699168398976326,345,1.0,0,91,0,0.0,52,211,65536,1,0,1055702,1058136,1061064,44974080,44974080,44974080
B,forced-reply,phase3a,6,unbounded,2.67220800742507,2.6720000000040045,1.0,0.0,1540,1.0,0,479,85,0.05519480519480519,315,815,,0,,51394,55108,58188,44351488,44351488,44351488
B,forced-reply,phase3a,6,16384,2.8728749603033066,2.871999999996433,1.075094061660117,0.20066695287823677,1540,1.0,0,472,85,0.05519480519480519,315,815,16384,7,0,294870,298556,301700,44318720,44318720,44318720
B,forced-reply,phase3a,6,32768,2.9327089432626963,2.932000000001267,1.097485276263596,0.26050093583762646,1540,1.0,0,473,85,0.05519480519480519,315,815,32768,6,0,557082,560772,563916,44695552,44695552,44695552
B,forced-reply,phase3a,6,65536,3.0617080628871918,3.061999999999898,1.1457596318774013,0.38950005546212196,1540,1.0,0,476,85,0.05519480519480519,315,815,65536,3,0,1081574,1085244,1088388,45154304,45154304,45154304
B,forced-reply,phase3a,8,unbounded,14.474833849817514,14.466999999996233,1.0,0.0,8293,1.0,0,2663,632,0.07620885083805619,1865,4384,,0,,248622,259556,262636,44433408,44433408,44433408
B,forced-reply,phase3a,8,16384,15.579083934426308,15.565000000009377,1.0762875827153424,1.1042500846087933,8307,1.0016881707464127,14,2438,618,0.07439508847959553,1878,4390,16384,241,43,422510,432588,435732,44253184,44253184,44253184
B,forced-reply,phase3a,8,32768,15.619500074535608,15.603999999996176,1.0790797487967383,1.1446662247180939,8302,1.0010852526226939,9,2508,622,0.07492170561310528,1873,4389,32768,166,43,689218,699548,702692,44318720,44318720,44318720
B,forced-reply,phase3a,8,65536,15.714208129793406,15.68799999999726,1.085622694728998,1.2393742799758911,8299,1.0007235017484626,6,2561,627,0.0755512712374985,1870,4388,65536,108,45,1216942,1227460,1230604,45187072,45187072,45187072
B,forced-reply,phase3a,10,unbounded,54.21445914544165,54.17099999999664,1.0,0.0,30407,1.0,0,10297,3522,0.11582859210050317,7563,13904,,0,,967722,1006132,1009212,44580864,45301760,45301760
B,forced-reply,phase3a,10,16384,60.15470810234547,60.09199999999737,1.109569458969753,5.940248956903815,30650,1.0079915808859803,243,7543,3476,0.1134094616639478,7682,14000,16384,2904,252,756014,784660,788408,44351488,44761088,44761088
B,forced-reply,phase3a,10,32768,59.56470803357661,59.51799999999707,1.0986867520670416,5.350248888134956,30546,1.0045713158154372,139,8664,3490,0.11425391213252144,7637,13955,32768,1726,259,1090970,1123612,1126928,44613632,45072384,45072384
B,forced-reply,phase3a,10,65536,59.46379201486707,59.420000000002915,1.0968253294816237,5.249332869425416,30507,1.0032887164139836,100,9343,3485,0.11423607696594225,7622,13947,65536,1024,264,1659582,1694676,1697820,45088768,45629440,45629440
B,double-threat-loss,phase3a,4,unbounded,0.20562484860420227,0.20600000000570162,1.0,0.0,81,1.0,0,38,0,0.0,32,0,,0,,4426,6680,9468,44269568,44269568,44269568
B,double-threat-loss,phase3a,4,16384,0.2781660296022892,0.27799999999444935,1.3527841187021035,0.07254118099808693,81,1.0,0,37,0,0.0,32,0,16384,1,0,265626,267840,270692,44285952,44285952,44285952
B,double-threat-loss,phase3a,4,32768,0.33716578036546707,0.3370000000018081,1.6397132090512165,0.1315409317612648,81,1.0,0,37,0,0.0,32,0,32768,1,0,527770,529984,532836,44548096,44548096,44548096
B,double-threat-loss,phase3a,4,65536,0.4630410112440586,0.46400000000801356,2.2518728372918817,0.25741616263985634,81,1.0,0,38,0,0.0,32,0,65536,0,0,1052098,1054344,1057196,44843008,44843008,44843008
B,double-threat-loss,phase3a,6,unbounded,0.19837496802210808,0.19799999999747797,1.0,0.0,81,1.0,0,38,0,0.0,32,0,,0,,4426,6680,9468,44367872,44367872,44367872
B,double-threat-loss,phase3a,6,16384,0.278624938800931,0.27900000000613545,1.4045367799120672,0.0802499707788229,81,1.0,0,37,0,0.0,32,0,16384,1,0,265626,267840,270692,44269568,44269568,44269568
B,double-threat-loss,phase3a,6,32768,0.3366251476109028,0.33600000000433283,1.69691343099996,0.1382501795887947,81,1.0,0,37,0,0.0,32,0,32768,1,0,527770,529984,532836,44498944,44498944,44498944
B,double-threat-loss,phase3a,6,65536,0.45012496411800385,0.44900000000325235,2.2690613065043532,0.25174999609589577,81,1.0,0,38,0,0.0,32,0,65536,0,0,1052098,1054344,1057196,45137920,45137920,45137920
B,double-threat-loss,phase3a,8,unbounded,0.19820802845060825,0.19899999999495321,1.0,0.0,81,1.0,0,38,0,0.0,32,0,,0,,4426,6680,9468,44285952,44285952,44285952
B,double-threat-loss,phase3a,8,16384,0.2700409386307001,0.27000000000043656,1.3624117082522316,0.07183291018009186,81,1.0,0,37,0,0.0,32,0,16384,1,0,265626,267840,270692,44498944,44498944,44498944
B,double-threat-loss,phase3a,8,32768,0.3286250866949558,0.3279999999961092,1.65798070473642,0.13041705824434757,81,1.0,0,37,0,0.0,32,0,32768,1,0,527770,529984,532836,44498944,44498944,44498944
B,double-threat-loss,phase3a,8,65536,0.45050005428493023,0.45099999999820284,2.2728648168618,0.252292025834322,81,1.0,0,38,0,0.0,32,0,65536,0,0,1052098,1054344,1057196,44761088,44761088,44761088
B,double-threat-loss,phase3a,10,unbounded,0.2049580216407776,0.20499999999401552,1.0,0.0,81,1.0,0,38,0,0.0,32,0,,0,,4426,6680,9468,44302336,44302336,44302336
B,double-threat-loss,phase3a,10,16384,0.2764579840004444,0.27700000001118497,1.3488517394307318,0.07149996235966682,81,1.0,0,37,0,0.0,32,0,16384,1,0,265626,267840,270692,44269568,44269568,44269568
B,double-threat-loss,phase3a,10,32768,0.33729197457432747,0.3370000000018081,1.6456636918826566,0.13233395293354988,81,1.0,0,37,0,0.0,32,0,32768,1,0,527770,529984,532836,44793856,44793856,44793856
B,double-threat-loss,phase3a,10,65536,0.45454083010554314,0.4540000000048394,2.2177264713366536,0.24958280846476555,81,1.0,0,38,0,0.0,32,0,65536,0,0,1052098,1054344,1057196,44990464,44990464,44990464
B,dense-endgame,phase3a,4,unbounded,0.021209008991718292,0.021000000003823516,1.0,0.0,4,1.0,0,3,0,0.0,0,0,,0,,1018,2576,5336,44269568,44269568,44269568
B,dense-endgame,phase3a,4,16384,0.08283392526209354,0.08300000000360797,3.905600930926975,0.06162491627037525,4,1.0,0,3,0,0.0,0,0,16384,0,0,263202,264752,267736,44417024,44417024,44417024
B,dense-endgame,phase3a,4,32768,0.14341692440211773,0.14400000000591717,6.762075703684188,0.12220791541039944,4,1.0,0,3,0,0.0,0,0,32768,0,0,525346,526896,529880,44548096,44548096,44548096
B,dense-endgame,phase3a,4,65536,0.2645410131663084,0.2649999999988495,12.473049224959382,0.2433320041745901,4,1.0,0,3,0,0.0,0,0,65536,0,0,1049634,1051184,1054168,44974080,44974080,44974080
B,dense-endgame,phase3a,6,unbounded,0.0227498821914196,0.022999999998774,1.0,0.0,4,1.0,0,3,0,0.0,0,0,,0,,1018,2576,5336,44171264,44171264,44171264
B,dense-endgame,phase3a,6,16384,0.08462509140372276,0.08499999999855845,3.7198035001535157,0.06187520921230316,4,1.0,0,3,0,0.0,0,0,16384,0,0,263202,264752,267736,44318720,44318720,44318720
B,dense-endgame,phase3a,6,32768,0.1451659481972456,0.14500000000339242,6.38095384300481,0.122416066005826,4,1.0,0,3,0,0.0,0,0,32768,0,0,525346,526896,529880,44548096,44548096,44548096
B,dense-endgame,phase3a,6,65536,0.2664588391780853,0.2660000000105356,11.712537099580391,0.24370895698666573,4,1.0,0,3,0,0.0,0,0,65536,0,0,1049634,1051184,1054168,45105152,45105152,45105152
B,dense-endgame,phase3a,8,unbounded,0.023625092580914497,0.023999999996249244,1.0,0.0,4,1.0,0,3,0,0.0,0,0,,0,,1018,2576,5336,44367872,44367872,44367872
B,dense-endgame,phase3a,8,16384,0.08616712875664234,0.08600000001024455,3.647271580482709,0.06254203617572784,4,1.0,0,3,0,0.0,0,0,16384,0,0,263202,264752,267736,44269568,44269568,44269568
B,dense-endgame,phase3a,8,32768,0.14591705985367298,0.1459999999866568,6.1763592821452855,0.12229196727275848,4,1.0,0,3,0,0.0,0,0,32768,0,0,525346,526896,529880,44564480,44564480,44564480
B,dense-endgame,phase3a,8,65536,0.2674579154700041,0.2669999999938,11.320925602893494,0.24383282288908958,4,1.0,0,3,0,0.0,0,0,65536,0,0,1049634,1051184,1054168,45432832,45432832,45432832
B,dense-endgame,phase3a,10,unbounded,0.022916123270988464,0.022999999998774,1.0,0.0,4,1.0,0,3,0,0.0,0,0,,0,,1018,2576,5336,44548096,44548096,44548096
B,dense-endgame,phase3a,10,16384,0.085500068962574,0.0859999999960337,3.731000568966919,0.06258394569158554,4,1.0,0,3,0,0.0,0,0,16384,0,0,263202,264752,267736,44269568,44285952,44285952
B,dense-endgame,phase3a,10,32768,0.14583300799131393,0.14600000000086766,6.363773063480452,0.12291688472032547,4,1.0,0,3,0,0.0,0,0,32768,0,0,525346,526896,529880,44580864,44580864,44580864
B,dense-endgame,phase3a,10,65536,0.2661249600350857,0.26599999999632473,11.613000894090872,0.2432088367640972,4,1.0,0,3,0,0.0,0,0,65536,0,0,1049634,1051184,1054168,45137920,45137920,45137920
B,quiet-5,phase3a,4,unbounded,0.6585000082850456,0.658999999998855,1.0,0.0,399,1.0,0,103,13,0.03258145363408521,64,250,,0,,12366,15008,18456,44367872,44367872,44384256
B,quiet-5,phase3a,4,16384,0.7584588602185249,0.7579999999904885,1.15179779905213,0.09995885193347931,399,1.0,0,103,13,0.03258145363408521,64,250,16384,0,10,270142,272720,275592,44335104,44335104,44335104
B,quiet-5,phase3a,4,32768,0.819833017885685,0.821000000001959,1.2450007707984765,0.16133300960063934,399,1.0,0,103,13,0.03258145363408521,64,250,32768,0,10,532286,534864,537736,44679168,44679168,44679168
B,quiet-5,phase3a,4,65536,0.9370001498609781,0.9369999999933043,1.4229311132451465,0.2785001415759325,399,1.0,0,103,13,0.03258145363408521,64,250,65536,0,10,1056574,1059152,1062024,44924928,44924928,44924928
B,quiet-5,phase3a,6,unbounded,3.9310830179601908,3.923999999997818,1.0,0.0,2255,1.0,0,678,201,0.08913525498891353,490,1065,,0,,65290,70524,73592,44433408,44433408,44433408
B,quiet-5,phase3a,6,16384,4.34920797124505,4.34699999999566,1.1063638064560186,0.41812495328485966,2255,1.0,0,672,201,0.08913525498891353,490,1065,16384,6,76,308834,314012,317144,44023808,44023808,44023808
B,quiet-5,phase3a,6,32768,4.389416892081499,4.389000000003307,1.1165922652936326,0.4583338741213083,2255,1.0,0,676,201,0.08913525498891353,490,1065,32768,2,76,571250,576444,579576,44449792,44449792,44449792
B,quiet-5,phase3a,6,65536,4.50233300216496,4.497000000000639,1.1453161842664892,0.5712499842047691,2255,1.0,0,676,201,0.08913525498891353,490,1065,65536,2,76,1095538,1100732,1103864,44941312,44941312,44941312
B,quiet-5,phase3a,8,unbounded,12.16649985872209,12.152000000000385,1.0,0.0,6563,1.0,0,2261,824,0.12555233886941947,1688,2274,,0,,228230,239748,242976,44630016,44630016,44630016
B,quiet-5,phase3a,8,16384,13.30666709691286,13.301999999995928,1.0937136605786741,1.1401672381907701,6584,1.0031997562090507,21,2122,810,0.12302551640340219,1695,2284,16384,158,218,407434,418396,421760,44351488,44351488,44351488
B,quiet-5,phase3a,8,32768,13.351165922358632,13.327000000003864,1.0973711484315896,1.1846660636365414,6567,1.0006094773731524,4,2201,818,0.12456220496421501,1688,2277,32768,67,222,674950,686196,689560,44695552,44695552,44695552
B,quiet-5,phase3a,8,65536,13.400582829490304,13.387999999991962,1.1014328677186074,1.2340829707682133,6567,1.0006094773731524,4,2232,821,0.12501903456677327,1688,2277,65536,33,225,1201346,1212716,1216080,44990464,44990464,44990464
B,quiet-5,phase3a,10,unbounded,20.69220901466906,20.672000000004687,1.0,0.0,10140,1.0,0,4174,1539,0.15177514792899408,3124,2152,,0,,431462,450372,454104,44351488,44466176,44466176
B,quiet-5,phase3a,10,16384,23.384165950119495,23.353999999997654,1.1300951934876582,2.6919569354504347,10223,1.0081854043392504,83,3704,1524,0.14907561381199255,3153,2177,16384,527,370,514590,531740,535536,44138496,44253184,44253184
B,quiet-5,phase3a,10,32768,23.185084108263254,23.165000000005875,1.1204740920520835,2.4928750935941935,10171,1.0030571992110453,31,3969,1536,0.15101759905614,3134,2161,32768,225,380,794670,812804,816600,44597248,44711936,44711936
B,quiet-5,phase3a,10,65536,23.26849987730384,23.25500000000602,1.1245053566203782,2.576290862634778,10152,1.0011834319526627,12,4076,1535,0.15120173364854217,3128,2156,65536,107,383,1326178,1344700,1348496,45105152,45252608,45252608
B,supplement-main-003,phase3a,4,unbounded,1.1639578733593225,1.1640000000028294,1.0,0.0,746,1.0,0,158,46,0.06166219839142091,89,540,,0,,15462,17504,20368,44351488,44351488,44351488
B,supplement-main-003,phase3a,4,16384,1.2877918779850006,1.287000000004923,1.106390452317899,0.12383400462567806,746,1.0,0,145,44,0.058981233243967826,89,540,16384,15,18,272410,274408,277336,44417024,44417024,44417024
B,supplement-main-003,phase3a,4,32768,1.3387498911470175,1.3389999999873226,1.150170398592884,0.17479201778769493,746,1.0,0,145,44,0.058981233243967826,89,540,32768,15,18,534554,536552,539480,44515328,44515328,44515328
B,supplement-main-003,phase3a,4,65536,1.4792091678828,1.4770000000083883,1.2708442476647581,0.31525129452347755,746,1.0,0,147,45,0.06032171581769437,89,540,65536,12,19,1058978,1060952,1063880,44990464,44990464,44990464
B,supplement-main-003,phase3a,6,unbounded,9.569625137373805,9.570000000010737,1.0,0.0,5647,1.0,0,1422,711,0.12590756153709934,1027,3399,,0,,165634,171316,207432,44302336,44302336,44302336
B,supplement-main-003,phase3a,6,16384,10.600666981190443,10.59399999999755,1.1077410900652673,1.031041843816638,5760,1.0200106251106782,113,1237,685,0.1189236111111111,1049,3483,16384,251,195,342382,347388,350744,44171264,44187648,44187648
B,supplement-main-003,phase3a,6,32768,10.57533291168511,10.565999999997189,1.1050937481744767,1.005707774311304,5748,1.017885602975031,101,1265,687,0.11951983298538622,1046,3475,32768,217,197,606402,611548,614904,44498944,44498944,44498944
B,supplement-main-003,phase3a,6,65536,10.730542009696364,10.702000000009093,1.1213126800326423,1.1609168723225594,5718,1.012573047635913,71,1282,690,0.12067156348373557,1039,3455,65536,187,200,1131818,1136996,1140352,45072384,45072384,45072384
B,supplement-main-003,phase3a,8,unbounded,44.23524998128414,44.20399999999347,1.0,0.0,24897,1.0,0,7303,4032,0.16194722255693458,5624,12416,,0,,769198,795244,822048,44302336,44908544,44908544
B,supplement-main-003,phase3a,8,16384,51.70737509615719,51.65900000000079,1.1689178905518676,7.472125114873052,26676,1.0714543920954331,1779,5495,3877,0.14533663217873743,5958,13590,16384,2593,795,619298,639036,642624,44269568,44482560,44482560
B,supplement-main-003,phase3a,8,32768,50.8521250449121,50.82899999999313,1.1495837610599589,6.616875063627958,26434,1.0617343455034742,1537,6016,3906,0.14776424302035257,5892,13450,32768,1956,818,915470,937060,940576,44531712,44793856,44793856
B,supplement-main-003,phase3a,8,65536,50.69429078139365,50.661000000005174,1.1460156956916105,6.459040800109506,26182,1.051612644093666,1285,6343,3894,0.14872813383240394,5820,13337,65536,1517,834,1460958,1483676,1487120,45023232,45301760,45301760
B,supplement-main-003,phase3a,10,unbounded,164.24195910803974,164.1040000000089,1.0,0.0,87810,1.0,0,28395,16340,0.18608358956838628,22427,36833,,0,,3170822,3274268,3421792,44171264,48250880,48250880
B,supplement-main-003,phase3a,10,16384,217.64654200524092,217.44700000000705,1.3251579753872225,53.40458289720118,103365,1.1771438332763922,15555,13093,16936,0.16384656315000243,26670,43930,16384,22404,2796,1120674,1168748,1172992,44285952,45105152,45105152
B,supplement-main-003,phase3a,10,32768,199.85691620968282,199.6780000000058,1.2168444488549681,35.614957101643085,96748,1.1017879512583988,8938,18077,16352,0.16901641377599536,24739,41249,32768,14590,2983,1708486,1774452,1778416,44515328,45711360,45711360
B,supplement-main-003,phase3a,10,65536,192.5750421360135,192.36099999999112,1.1725081896358531,28.33308302797377,93769,1.0678624302471245,5959,21663,16013,0.17077072379997654,23819,40110,65536,9719,3041,2467578,2546572,2550320,45072384,46546944,46546944
B,seeded-00,seeded,4,unbounded,1.4082500711083412,1.4079999999978554,1.0,0.0,883,1.0,0,173,36,0.04077010192525481,102,648,,0,,21742,24672,31776,44335104,44335104,44335104
B,seeded-00,seeded,4,16384,1.517334021627903,1.516999999992663,1.0774606390992112,0.10908395051956177,883,1.0,0,171,36,0.04077010192525481,102,648,16384,2,16,274766,277624,280520,44269568,44285952,44285952
B,seeded-00,seeded,4,32768,1.5841671265661716,1.5829999999965594,1.1249189040121104,0.17591705545783043,883,1.0,0,172,36,0.04077010192525481,102,648,32768,1,16,536978,539840,542736,44564480,44564480,44564480
B,seeded-00,seeded,4,65536,1.7055829521268606,1.7050000000011778,1.2111364218036276,0.2973328810185194,883,1.0,0,173,36,0.04077010192525481,102,648,65536,0,16,1061334,1064200,1067096,45154304,45154304,45154304
B,seeded-00,seeded,6,unbounded,11.861333157867193,11.84700000000305,1.0,0.0,7103,1.0,0,1548,620,0.08728706180487118,1073,4524,,0,,178822,187052,214000,44318720,44318720,44318720
B,seeded-00,seeded,6,16384,12.689584167674184,12.681999999998084,1.0698278177320768,0.8282510098069906,7120,1.0023933549204562,17,1457,612,0.08595505617977528,1076,4533,16384,107,128,361290,369156,372312,44580864,44580864,44580864
B,seeded-00,seeded,6,32768,12.63470808044076,12.62199999999325,1.0652013489782652,0.7733749225735664,7104,1.0001407855835562,1,1504,614,0.08643018018018019,1074,4524,32768,51,133,626630,634684,637840,44728320,44728320,44728320
B,seeded-00,seeded,6,65536,12.753166956827044,12.740999999991232,1.0751883272386065,0.8918337989598513,7104,1.0001407855835562,1,1519,616,0.08671171171171171,1074,4524,65536,34,135,1151938,1160052,1163208,44892160,44892160,44892160
B,seeded-00,seeded,8,unbounded,59.64695801958442,59.545999999997434,1.0,0.0,35049,1.0,0,8279,3622,0.10334103683414649,6073,20457,,0,,852366,886244,889496,44318720,44908544,44908544
B,seeded-00,seeded,8,16384,66.12395797856152,66.06399999999724,1.1085889402247546,6.476999958977103,35547,1.0142086792775828,498,6499,3491,0.0982080063015163,6213,20762,16384,2031,620,700422,727572,731032,44269568,44580864,44580864
B,seeded-00,seeded,8,32768,65.0557498447597,64.99800000000278,1.0906800950921818,5.408791825175285,35325,1.007874689720106,276,7261,3565,0.10092002830856334,6148,20616,32768,1156,661,1013794,1043908,1047296,44597248,44957696,44957696
B,seeded-00,seeded,8,65536,64.93679201230407,64.86300000000256,1.0886857296391006,5.28983399271965,35226,1.0050500727552854,177,7702,3595,0.10205530006245386,6123,20549,65536,666,682,1567622,1599372,1602688,45137920,45547520,45547520
B,seeded-00,seeded,10,unbounded,235.64341687597334,235.43700000001877,1.0,0.0,134238,1.0,0,34557,17305,0.12891282647238486,26855,70300,,0,,3635898,3771636,3775176,44154880,48775168,48775168
B,seeded-00,seeded,10,16384,274.01324990205467,273.7689999999873,1.1628300655913362,38.369833026081324,140281,1.0450170592529686,6043,14406,15993,0.1140068861784561,28652,73690,16384,23374,2458,1233590,1291500,1295712,44367872,45301760,45301760
B,seeded-00,seeded,10,32768,266.06066594831645,265.8750000000225,1.129081683993543,30.41724907234311,137372,1.0233465933640251,3134,21251,16445,0.11971144046821769,27780,72078,32768,15102,2819,1956014,2040372,2044408,44531712,46022656,46022656
B,seeded-00,seeded,10,65536,260.5623749550432,260.36200000001486,1.1057485857633167,24.918958079069853,135717,1.0110177446028696,1479,26609,16716,0.12316806295453038,27343,71155,65536,8932,3088,2840278,2945348,2949024,45154304,47071232,47071232
B,seeded-01,seeded,4,unbounded,0.28737494722008705,0.2869999999859374,1.0,0.0,126,1.0,0,53,0,0.0,42,31,,0,,6542,9024,11812,44285952,44285952,44285952
B,seeded-01,seeded,4,16384,0.3588749095797539,0.35900000000310683,1.248803742467183,0.07149996235966682,126,1.0,0,53,0,0.0,42,31,16384,0,0,266686,269160,272012,44318720,44318720,44318720
B,seeded-01,seeded,4,32768,0.4154159687459469,0.415000000003829,1.4455538757447746,0.12804102152585983,126,1.0,0,53,0,0.0,42,31,32768,0,0,528830,531304,534156,44498944,44498944,44498944
B,seeded-01,seeded,4,65536,0.5381249357014894,0.5380000000059226,1.8725534042094654,0.2507499884814024,126,1.0,0,53,0,0.0,42,31,65536,0,0,1053118,1055592,1058444,45268992,45268992,45268992
B,seeded-01,seeded,6,unbounded,0.8567909244447947,0.8569999999963329,1.0,0.0,443,1.0,0,158,15,0.033860045146726865,113,187,,0,,16050,19104,21928,44351488,44351488,44351488
B,seeded-01,seeded,6,16384,0.9628329426050186,0.9630000000129257,1.1237665049135992,0.10604201816022396,443,1.0,0,156,15,0.033860045146726865,113,187,16384,2,0,273690,276672,279560,44335104,44335104,44335104
B,seeded-01,seeded,6,32768,1.041665906086564,1.0419999999840002,1.2157760736804832,0.1848749816417694,443,1.0,0,156,15,0.033860045146726865,113,187,32768,2,0,535834,538816,541704,44466176,44466176,44466176
B,seeded-01,seeded,6,65536,1.164749963209033,1.1580000000037671,1.3594331242056485,0.30795903876423836,443,1.0,0,156,15,0.033860045146726865,113,187,65536,2,0,1060122,1063104,1065992,45285376,45285376,45285376
B,seeded-01,seeded,8,unbounded,3.2187500037252903,3.2130000000165637,1.0,0.0,1835,1.0,0,568,123,0.0670299727520436,384,910,,0,,56998,61484,64568,44253184,44253184,44253184
B,seeded-01,seeded,8,16384,3.4636252094060183,3.4639999999797055,1.076077733715671,0.24487520568072796,1835,1.0,0,556,123,0.0670299727520436,384,910,16384,12,11,300190,304636,307784,44204032,44204032,44204032
B,seeded-01,seeded,8,32768,3.515792079269886,3.5159999999905267,1.0922849165672412,0.2970420755445957,1835,1.0,0,559,123,0.0670299727520436,384,910,32768,9,11,562510,566996,570144,44826624,44826624,44826624
B,seeded-01,seeded,8,65536,3.6391669418662786,3.634000000005244,1.1306149709217583,0.42041693814098835,1835,1.0,0,560,123,0.0670299727520436,384,910,65536,8,11,1086866,1091324,1094472,44957696,44957696,44957696
B,seeded-01,seeded,10,unbounded,9.7552090883255,9.742999999986068,1.0,0.0,5221,1.0,0,1796,691,0.13235012449722275,1291,2033,,0,,193614,202412,211520,44285952,44285952,44285952
B,seeded-01,seeded,10,16384,10.540208080783486,10.533000000009451,1.0804697249797988,0.7849989924579859,5236,1.0028730128327907,15,1688,689,0.13158899923605805,1299,2039,16384,118,46,375178,383644,387328,44351488,44367872,44449792
B,seeded-01,seeded,10,32768,10.58091688901186,10.564999999985503,1.0846427578548288,0.8257078006863594,5229,1.0015322735108216,8,1729,683,0.13061770893096195,1299,2039,32768,76,46,640026,648612,652156,44761088,44761088,44761088
B,seeded-01,seeded,10,65536,10.67266589961946,10.662999999993872,1.094047887952696,0.9174568112939596,5228,1.0013407393219689,7,1751,684,0.13083397092578425,1298,2039,65536,53,46,1165726,1174356,1177828,45072384,45072384,45072384
B,seeded-02,seeded,4,unbounded,0.4664170555770397,0.46700000001465014,1.0,0.0,232,1.0,0,93,20,0.08620689655172414,71,42,,0,,11686,14256,18360,44253184,44253184,44253184
B,seeded-02,seeded,4,16384,0.5464169662445784,0.5460000000141463,1.1715201228406296,0.07999991066753864,232,1.0,0,93,20,0.08620689655172414,71,42,16384,0,0,269434,271968,274928,44351488,44351488,44351488
B,seeded-02,seeded,4,32768,0.6089159287512302,0.6089999999971951,1.3055181440522032,0.14249887317419052,232,1.0,0,93,20,0.08620689655172414,71,42,32768,0,0,531578,534112,537072,44466176,44466176,44466176
B,seeded-02,seeded,4,65536,0.7502499502152205,0.7509999999797401,1.60853884146031,0.28383289463818073,232,1.0,0,93,20,0.08620689655172414,71,42,65536,0,0,1055866,1058400,1061360,45105152,45105152,45105152
B,seeded-02,seeded,6,unbounded,1.0327089112251997,1.0329999999783013,1.0,0.0,527,1.0,0,167,20,0.03795066413662239,108,251,,0,,16718,19768,22744,44285952,44285952,44285952
B,seeded-02,seeded,6,16384,1.1439581867307425,1.142999999984795,1.1077256856179902,0.11124927550554276,527,1.0,0,164,20,0.03795066413662239,108,251,16384,3,0,274290,277264,280304,44236800,44236800,44236800
B,seeded-02,seeded,6,32768,1.2036249972879887,1.2030000000038399,1.165502673797997,0.17091608606278896,527,1.0,0,165,20,0.03795066413662239,108,251,32768,2,0,536502,539480,542520,44531712,44531712,44531712
B,seeded-02,seeded,6,65536,1.3332089874893427,1.3300000000242562,1.2909823600801813,0.300500076264143,527,1.0,0,165,20,0.03795066413662239,108,251,65536,2,0,1060790,1063768,1066808,45056000,45056000,45056000
B,seeded-02,seeded,8,unbounded,2.6004579849541187,2.600999999998521,1.0,0.0,1328,1.0,0,421,110,0.08283132530120482,269,573,,0,,47730,51836,58048,44367872,44367872,44367872
B,seeded-02,seeded,8,16384,2.8255830984562635,2.8250000000014097,1.0865713327439577,0.2251251135021448,1328,1.0,0,413,110,0.08283132530120482,269,573,16384,8,0,291138,295180,298480,44187648,44187648,44187648
B,seeded-02,seeded,8,32768,2.8718330431729555,2.8650000000141063,1.1043566401722213,0.2713750582188368,1328,1.0,0,416,110,0.08283132530120482,269,573,32768,5,0,553486,557540,560840,44761088,44761088,44761088
B,seeded-02,seeded,8,65536,2.99920910038054,2.992000000006101,1.1533388032929348,0.39875111542642117,1328,1.0,0,417,110,0.08283132530120482,269,573,65536,4,0,1077842,1081900,1085200,45105152,45105152,45105152
B,seeded-02,seeded,10,unbounded,4.741791868582368,4.740999999995665,1.0,0.0,2290,1.0,0,835,367,0.16026200873362445,585,516,,0,,94406,100652,111560,44138496,44154880,44154880
B,seeded-02,seeded,10,16384,5.246125161647797,5.242000000009739,1.1063592217969296,0.5043332930654287,2290,1.0,0,805,367,0.16026200873362445,585,516,16384,30,0,317878,323972,327656,44122112,44122112,44122112
B,seeded-02,seeded,10,32768,5.293958121910691,5.291999999997188,1.1164467502225908,0.5521662533283234,2290,1.0,0,819,367,0.16026200873362445,585,516,32768,16,0,580974,587124,590808,44564480,44564480,44564480
B,seeded-02,seeded,10,65536,5.438999971374869,5.438999999995531,1.1470347333066186,0.6972081027925014,2290,1.0,0,825,367,0.16026200873362445,585,516,65536,10,0,1105670,1111844,1115528,45088768,45088768,45088768
B,seeded-03,seeded,4,unbounded,0.3071660175919533,0.3079999999897609,1.0,0.0,148,1.0,0,60,0,0.0,46,47,,0,,7018,9424,12220,44351488,44351488,44351488
B,seeded-03,seeded,4,16384,0.38587511517107487,0.3859999999917818,1.2562428558867493,0.07870909757912159,148,1.0,0,60,0,0.0,46,47,16384,0,0,267162,269560,272420,44466176,44466176,44466176
B,seeded-03,seeded,4,32768,0.4513331223279238,0.45099999999820284,1.469345879684795,0.1441671047359705,148,1.0,0,60,0,0.0,46,47,32768,0,0,529306,531704,534564,44466176,44466176,44466176
B,seeded-03,seeded,4,65536,0.5708751268684864,0.5710000000078708,1.8585230597573805,0.2637091092765331,148,1.0,0,60,0,0.0,46,47,65536,0,0,1053594,1055992,1058852,45006848,45006848,45006848
B,seeded-03,seeded,6,unbounded,0.9375410154461861,0.9300000000109776,1.0,0.0,478,1.0,0,185,30,0.06276150627615062,133,188,,0,,22082,24880,31400,44285952,44285952,44285952
B,seeded-03,seeded,6,16384,1.0367499198764563,1.0379999999940992,1.1058182018661398,0.0992089044302702,478,1.0,0,185,30,0.06276150627615062,133,188,16384,0,4,275242,277976,281080,44351488,44367872,44367872
B,seeded-03,seeded,6,32768,1.1144999880343676,1.1140000000011696,1.1887479797392808,0.1769589725881815,478,1.0,0,185,30,0.06276150627615062,133,188,32768,0,4,537386,540120,543224,44351488,44351488,44351488
B,seeded-03,seeded,6,65536,1.2184579391032457,1.2189999999918655,1.2996316097417544,0.28091692365705967,478,1.0,0,185,30,0.06276150627615062,133,188,65536,0,4,1061674,1064408,1067512,45056000,45056000,45056000
B,seeded-03,seeded,8,unbounded,3.398291068151593,3.3920000000193795,1.0,0.0,1801,1.0,0,618,250,0.138811771238201,440,743,,0,,60594,65340,68640,44302336,44302336,44302336
B,seeded-03,seeded,8,16384,3.7359159905463457,3.7360000000035143,1.0993513844528904,0.3376249223947525,1807,1.0033314825097168,6,607,249,0.13779745434421695,440,749,16384,12,45,303854,308564,311928,44400640,44400640,44400640
B,seeded-03,seeded,8,32768,3.8268330972641706,3.8199999999903866,1.1261051571270118,0.42854202911257744,1801,1.0,0,612,250,0.138811771238201,440,743,32768,6,45,566310,571036,574400,44515328,44515328,44515328
B,seeded-03,seeded,8,65536,3.9057082030922174,3.906000000000631,1.1493153837515806,0.5074171349406242,1801,1.0,0,614,250,0.138811771238201,440,743,65536,4,45,1090734,1095436,1098800,45088768,45088768,45088768
B,seeded-03,seeded,10,unbounded,11.376375099644065,11.362000000019634,1.0,0.0,5772,1.0,0,2112,1192,0.20651420651420652,1641,1876,,0,,215466,225660,229280,44269568,44269568,44269568
B,seeded-03,seeded,10,16384,12.621667003259063,12.62199999999325,1.1094629785593093,1.2452919036149979,5802,1.0051975051975053,30,1995,1194,0.20579110651499483,1652,1881,16384,135,226,396390,406116,409872,44531712,44531712,44531712
B,seeded-03,seeded,10,32768,12.621000176295638,12.616000000008398,1.1094043634945294,1.2446250766515732,5792,1.0034650034650034,20,2052,1195,0.20631906077348067,1648,1881,32768,71,228,662326,672268,676024,44843008,44843008,44843008
B,seeded-03,seeded,10,65536,12.672542128711939,12.664999999998372,1.113934976450313,1.296167029067874,5787,1.0025987525987525,15,2084,1194,0.20632452047693106,1648,1881,65536,35,231,1188706,1198764,1202448,45105152,45105152,45105152
B,seeded-04,seeded,4,unbounded,1.520165940746665,1.5199999999992997,1.0,0.0,992,1.0,0,215,32,0.03225806451612903,116,739,,0,,24178,26288,30336,44138496,44138496,44138496
B,seeded-04,seeded,4,16384,1.6823329497128725,1.6829999999856682,1.1066771755763423,0.1621670089662075,995,1.003024193548387,3,198,28,0.02814070351758794,119,742,16384,21,9,276210,278288,281120,44302336,44302336,44302336
B,seeded-04,seeded,4,32768,1.7418330535292625,1.743000000004713,1.1458177076863862,0.22166711278259754,995,1.003024193548387,3,199,28,0.02814070351758794,119,742,32768,20,9,538394,540472,543304,44548096,44548096,44548096
B,seeded-04,seeded,4,65536,1.8524581100791693,1.8520000000137316,1.2185894055548245,0.3322921693325043,995,1.003024193548387,3,199,28,0.02814070351758794,119,742,65536,20,9,1062682,1064760,1067592,45023232,45023232,45023232
B,seeded-04,seeded,6,unbounded,13.848999980837107,13.832000000007838,1.0,0.0,8304,1.0,0,2241,620,0.07466281310211946,1577,5261,,0,,220094,228628,231624,44171264,44171264,44171264
B,seeded-04,seeded,6,16384,15.124334022402763,15.111000000018748,1.0920885293761526,1.2753340415656567,8360,1.0067437379576107,56,1993,600,0.07177033492822966,1607,5297,16384,296,111,392950,400708,403840,44204032,44204032,44204032
B,seeded-04,seeded,6,32768,15.133874956518412,15.127000000006774,1.092777455228478,1.284874975681305,8350,1.0055394990366089,46,2062,595,0.07125748502994012,1604,5296,32768,223,111,659394,667340,670472,44466176,44466176,44466176
B,seeded-04,seeded,6,65536,15.2793750166893,15.271999999981745,1.1032836333187528,1.4303750358521938,8348,1.0052986512524085,44,2080,597,0.07151413512218495,1603,5295,65536,202,113,1184878,1192924,1195984,45023232,45023232,45023232
B,seeded-04,seeded,8,unbounded,88.7082910630852,88.65500000001703,1.0,0.0,50920,1.0,0,15094,5178,0.10168892380204242,11381,28589,,0,,1574950,1629636,1638272,44318720,46022656,46022656
B,seeded-04,seeded,8,16384,102.36204112879932,102.29600000002392,1.1539174061644837,13.65375006571412,52766,1.036252945797329,1846,9556,5057,0.09583822916271842,12087,29463,16384,6554,714,887102,922172,925912,44580864,45105152,45105152
B,seeded-04,seeded,8,32768,98.71912514790893,98.67600000001175,1.1128511660505835,10.010834084823728,51800,1.0172820109976433,880,11636,5070,0.09787644787644788,11752,28975,32768,4038,742,1284946,1327356,1330952,44630016,45318144,45318144
B,seeded-04,seeded,8,65536,97.80466696247458,97.75099999998815,1.1025425672209204,9.096375899389386,51405,1.0095247446975648,485,12822,5054,0.0983172843108647,11629,28793,65536,2680,761,1886382,1933036,1936488,44892160,45678592,45678592
B,seeded-04,seeded,10,unbounded,453.3188329078257,453.05799999999863,1.0,0.0,253274,1.0,0,78484,29767,0.11752884228148172,61262,130691,,0,,7774706,8062676,8066040,44187648,54820864,54820864
B,seeded-04,seeded,10,16384,603.8349170703441,603.4829999999829,1.332031394321363,150.51608416251838,293308,1.1580659680819982,40034,16236,28607,0.09753228687932139,74580,150538,16384,80869,2672,1335714,1396828,1401592,44154880,45219840,45219840
B,seeded-04,seeded,10,32768,552.2914580069482,552.0019999999874,1.2183289506510462,98.97262509912252,272849,1.0772878384674305,19575,29489,28359,0.10393660962657,68319,140221,32768,59139,3178,2466750,2576132,2580696,44154880,46252032,46252032
B,seeded-04,seeded,10,65536,524.9272082000971,524.5769999999936,1.1579647040757992,71.60837529227138,262589,1.0367783507189843,9315,44741,28630,0.10902970040633843,64903,135085,65536,39275,3586,3989366,4154148,4158440,45121536,48414720,48414720
B,seeded-05,seeded,4,unbounded,0.7906248793005943,0.7909999999924366,1.0,0.0,473,1.0,0,114,0,0.0,56,311,,0,,13086,15616,18576,44285952,44285952,44285952
B,seeded-05,seeded,4,16384,0.8931660559028387,0.8929999999907068,1.1296963696525142,0.10254117660224438,473,1.0,0,114,0,0.0,56,311,16384,0,0,270806,273328,276352,44318720,44318720,44318720
B,seeded-05,seeded,4,32768,0.9525001514703035,0.9520000000122764,1.204743458507033,0.1618752721697092,473,1.0,0,114,0,0.0,56,311,32768,0,0,532950,535472,538496,44515328,44515328,44761088
B,seeded-05,seeded,4,65536,1.0743748862296343,1.073999999988473,1.3588933441862492,0.28375000692903996,473,1.0,0,114,0,0.0,56,311,65536,0,0,1057238,1059760,1062784,45105152,45105152,45105152
B,seeded-05,seeded,6,unbounded,4.525332944467664,4.519000000016149,1.0,0.0,2701,1.0,0,696,108,0.03998519067012218,397,1618,,0,,84114,88852,109432,44253184,44253184,44253184
B,seeded-05,seeded,6,16384,4.8767500557005405,4.874999999998408,1.0776555262442056,0.3514171112328768,2701,1.0,0,667,108,0.03998519067012218,397,1618,16384,29,0,307682,312276,315624,44056576,44056576,44056576
B,seeded-05,seeded,6,32768,4.949541995301843,4.94199999999978,1.0937409591824145,0.4242090508341789,2701,1.0,0,681,108,0.03998519067012218,397,1618,32768,15,0,570778,575428,578776,44613632,44613632,44613632
B,seeded-05,seeded,6,65536,5.017417017370462,5.009999999998627,1.1087398604569823,0.49208407290279865,2701,1.0,0,687,108,0.03998519067012218,397,1618,65536,9,0,1095474,1100148,1103496,45088768,45088768,45088768
B,seeded-05,seeded,8,unbounded,15.228167176246643,15.219999999999345,1.0,0.0,8475,1.0,0,2700,770,0.09085545722713864,1758,3909,,0,,255310,267308,270808,44236800,44236800,44236800
B,seeded-05,seeded,8,16384,16.71158312819898,16.697999999990998,1.0974126390118841,1.4834159519523382,8480,1.000589970501475,5,2438,769,0.09068396226415094,1762,3911,16384,266,18,426626,437740,441448,44335104,44335104,44335104
B,seeded-05,seeded,8,32768,16.717333113774657,16.707999999994172,1.0977902278253722,1.4891659375280142,8475,1.0,0,2542,770,0.09085545722713864,1758,3909,32768,158,18,695646,707084,710720,44531712,44531712,44531712
B,seeded-05,seeded,8,65536,16.849583014845848,16.851000000002614,1.106474785825069,1.621415838599205,8475,1.0,0,2610,770,0.09085545722713864,1758,3909,65536,90,18,1224446,1236108,1239744,45252608,45252608,45252608
B,seeded-05,seeded,10,unbounded,53.03112487308681,53.0029999999897,1.0,0.0,28891,1.0,0,9961,3328,0.11519158215361185,6967,12072,,0,,959014,997684,1001568,44318720,45154304,45154304
B,seeded-05,seeded,10,16384,59.53279207460582,59.51000000001727,1.1226009672070636,6.5016672015190125,29128,1.008203246685819,237,7383,3304,0.11343037627025543,7059,12192,16384,2695,128,755858,785044,789280,44335104,44711936,44711936
B,seeded-05,seeded,10,32768,58.39312495663762,58.367000000004055,1.1011104346057727,5.362000083550811,28955,1.0022152227337233,64,8485,3315,0.11448799861854601,7000,12100,32768,1516,131,1090866,1124004,1128240,44482560,44974080,44974080
B,seeded-05,seeded,10,65536,58.082333067432046,58.06000000001177,1.095249878376778,5.051208194345236,28912,1.0007268699595029,21,9136,3316,0.1146928610957388,6984,12083,65536,843,134,1658134,1693724,1697816,44974080,45498368,45498368
B,seeded-06,seeded,4,unbounded,0.5098751280456781,0.5099999999913507,1.0,0.0,307,1.0,0,76,0,0.0,37,153,,0,,8106,10648,13640,44531712,44531712,44531712
B,seeded-06,seeded,4,16384,0.6002909503877163,0.6000000000199179,1.1773293447134727,0.09041582234203815,307,1.0,0,76,0,0.0,37,153,16384,0,0,268250,270784,273840,44597248,44597248,44597248
B,seeded-06,seeded,4,32768,0.6556669250130653,0.6559999999922184,1.2859362791948663,0.1457917969673872,307,1.0,0,76,0,0.0,37,153,32768,0,0,530394,532928,535984,44400640,44400640,44400640
B,seeded-06,seeded,4,65536,0.7753339596092701,0.7760000000018863,1.5206349887688781,0.26545883156359196,307,1.0,0,76,0,0.0,37,153,65536,0,0,1054682,1057216,1060272,45072384,45072384,45072384
B,seeded-06,seeded,6,unbounded,1.723292050883174,1.7229999999983647,1.0,0.0,1005,1.0,0,283,54,0.05373134328358209,145,427,,0,,29222,32804,36152,44384256,44384256,44384256
B,seeded-06,seeded,6,16384,1.9209168385714293,1.9210000000100536,1.1146786394024009,0.1976247876882553,1012,1.0069651741293533,7,280,53,0.05237154150197629,146,432,16384,5,0,282178,285716,289128,44482560,44482560,44482560
B,seeded-06,seeded,6,32768,1.9637078512459993,1.9630000000177006,1.1395096090878003,0.2404158003628254,1005,1.0,0,282,54,0.05373134328358209,145,427,32768,1,0,544458,548004,551416,44744704,44744704,44744704
B,seeded-06,seeded,6,65536,2.103709150105715,2.1040000000027703,1.2207502199221427,0.38041709922254086,1005,1.0,0,283,54,0.05373134328358209,145,427,65536,0,0,1068786,1072364,1075776,45039616,45039616,45039616
B,seeded-06,seeded,8,unbounded,4.648957867175341,4.643000000015718,1.0,0.0,2666,1.0,0,785,228,0.08552138034508627,398,1077,,0,,91006,96836,111288,44285952,44285952,44285952
B,seeded-06,seeded,8,16384,4.943958017975092,4.94399999999473,1.0634551138616772,0.2950001507997513,2666,1.0,0,763,228,0.08552138034508627,398,1077,16384,22,0,315022,320732,324496,44564480,44564480,44630016
B,seeded-06,seeded,8,32768,5.022624973207712,5.017000000009375,1.0803765309792768,0.3736671060323715,2666,1.0,0,772,228,0.08552138034508627,398,1077,32768,13,0,577778,583524,587288,44482560,44498944,44498944
B,seeded-06,seeded,8,65536,5.157707957550883,5.157000000025391,1.109433147150601,0.5087500903755426,2666,1.0,0,779,228,0.08552138034508627,398,1077,65536,6,0,1102542,1108316,1112080,44924928,44941312,44941312
B,seeded-06,seeded,10,unbounded,11.040916899219155,11.034000000023525,1.0,0.0,6129,1.0,0,1960,685,0.11176374612497961,1018,2110,,0,,207762,218532,222584,44367872,44400640,44400640
B,seeded-06,seeded,10,16384,12.077166000381112,12.067000000001826,1.0938553483031146,1.0362491011619568,6136,1.0011421112742698,7,1820,689,0.11228813559322035,1019,2110,16384,142,0,386898,397076,401192,44236800,44269568,44269568
B,seeded-06,seeded,10,32768,11.860958067700267,11.853999999999587,1.0742729227985681,0.8200411684811115,6129,1.0,0,1897,685,0.11176374612497961,1018,2110,32768,63,0,654278,664764,668880,44515328,44548096,44548096
B,seeded-06,seeded,10,65536,12.136500095948577,12.131000000010772,1.0992293671558115,1.0955831967294216,6129,1.0,0,1924,685,0.11176374612497961,1018,2110,65536,36,0,1180402,1190996,1195112,45023232,45023232,45023232
B,seeded-07,seeded,4,unbounded,0.28620800003409386,0.28599999998846215,1.0,0.0,125,1.0,0,58,6,0.048,48,18,,0,,6882,9312,12108,44236800,44236800,44236800
B,seeded-07,seeded,4,16384,0.36287494003772736,0.3629999999930078,1.2678714081874047,0.0766669400036335,125,1.0,0,58,6,0.048,48,18,16384,0,0,267054,269448,272308,44351488,44351488,44351488
B,seeded-07,seeded,4,32768,0.4257501568645239,0.42600000000447835,1.4875550537155056,0.13954215683043003,125,1.0,0,58,6,0.048,48,18,32768,0,0,529198,531592,534452,44548096,44548096,44548096
B,seeded-07,seeded,4,65536,0.5454579368233681,0.545000000016671,1.9058095397696488,0.2592499367892742,125,1.0,0,58,6,0.048,48,18,65536,0,0,1053486,1055880,1058740,45383680,45383680,45383680
B,seeded-07,seeded,6,unbounded,0.5992499645799398,0.5999999999914962,1.0,0.0,284,1.0,0,120,34,0.11971830985915492,92,28,,0,,13522,16416,19212,44269568,44269568,44269568
B,seeded-07,seeded,6,16384,0.707083148881793,0.7070000000055643,1.1799469181069402,0.10783318430185318,284,1.0,0,120,34,0.11971830985915492,92,28,16384,0,0,271270,274128,276988,44204032,44204032,44204032
B,seeded-07,seeded,6,32768,0.7601669058203697,0.759999999985439,1.268530581146098,0.16091694124042988,284,1.0,0,120,34,0.11971830985915492,92,28,32768,0,0,533414,536272,539132,44924928,44924928,44924928
B,seeded-07,seeded,6,65536,0.8849999867379665,0.8849999999824831,1.4768461227333252,0.2857500221580267,284,1.0,0,120,34,0.11971830985915492,92,28,65536,0,0,1057702,1060560,1063420,45236224,45236224,45236224
B,seeded-07,seeded,8,unbounded,1.0268338955938816,1.0269999999934498,1.0,0.0,499,1.0,0,201,64,0.1282565130260521,145,32,,0,,23590,26920,32560,44351488,44351488,44351488
B,seeded-07,seeded,8,16384,1.1511249467730522,1.1510000000214404,1.1210429960605122,0.12429105117917061,499,1.0,0,200,64,0.1282565130260521,145,32,16384,1,0,276682,279944,283016,44253184,44253184,44253184
B,seeded-07,seeded,8,32768,1.222583930939436,1.2219999999842912,1.1906345672708243,0.19575003534555435,499,1.0,0,200,64,0.1282565130260521,145,32,32768,1,0,538826,542088,545160,44466176,44466176,44466176
B,seeded-07,seeded,8,65536,1.3304590247571468,1.3309999999933098,1.2956905985146312,0.30362512916326523,499,1.0,0,201,64,0.1282565130260521,145,32,65536,0,0,1063126,1066448,1069520,45056000,45056000,45056000
B,seeded-07,seeded,10,unbounded,1.4855829067528248,1.4859999999998763,1.0,0.0,730,1.0,0,289,94,0.12876712328767123,201,47,,0,,29630,33596,36616,44269568,44269568,44269568
B,seeded-07,seeded,10,16384,1.6506658867001534,1.64999999998372,1.1111233706290857,0.16508297994732857,730,1.0,0,289,94,0.12876712328767123,201,47,16384,0,0,282762,286724,289808,44335104,44335104,44335104
B,seeded-07,seeded,10,32768,1.7181250732392073,1.7179999999825668,1.1565326077927696,0.23254216648638248,730,1.0,0,289,94,0.12876712328767123,201,47,32768,0,0,544906,548868,551952,44466176,44466176,44466176
B,seeded-07,seeded,10,65536,1.8330831080675125,1.8340000000023338,1.2339150509440437,0.34750020131468773,730,1.0,0,289,94,0.12876712328767123,201,47,65536,0,0,1069194,1073156,1076240,45137920,45137920,45137920
B,post-hoc-tail,post-hoc-diagnostic,4,unbounded,1.8439579289406538,1.8379999999922347,1.0,0.0,1227,1.0,0,235,41,0.03341483292583537,132,925,,0,,25930,29008,31776,44302336,44302336,44302336
B,post-hoc-tail,post-hoc-diagnostic,4,16384,2.0089999306946993,2.0079999999893516,1.0895042121968919,0.1650420017540455,1227,1.0,0,235,41,0.03341483292583537,132,925,16384,0,12,279090,282104,284936,44236800,44236800,44400640
B,post-hoc-tail,post-hoc-diagnostic,4,32768,2.0540000405162573,2.0539999999868996,1.1139082992507707,0.21004211157560349,1227,1.0,0,235,41,0.03341483292583537,132,925,32768,0,12,541234,544248,547080,44531712,44531712,44531712
B,post-hoc-tail,post-hoc-diagnostic,4,65536,2.173749962821603,2.1729999999990923,1.1788500858424753,0.329792033880949,1227,1.0,0,235,41,0.03341483292583537,132,925,65536,0,12,1065522,1068536,1071368,44990464,44990464,44990464
B,post-hoc-tail,post-hoc-diagnostic,6,unbounded,17.433624947443604,17.428000000023758,1.0,0.0,10799,1.0,0,2604,715,0.06620983424391147,1805,7169,,0,,247354,258540,261664,44548096,44564480,44564480
B,post-hoc-tail,post-hoc-diagnostic,6,16384,18.86412501335144,18.842000000006465,1.0820540805610022,1.430500065907836,10819,1.001852023335494,20,2400,702,0.06488584896940568,1817,7187,16384,218,125,422614,433052,436456,44220416,44220416,44220416
B,post-hoc-tail,post-hoc-diagnostic,6,32768,18.855749862268567,18.847000000022263,1.0815736784009167,1.4221249148249626,10803,1.0003704046670987,4,2508,710,0.06572248449504767,1809,7173,32768,101,126,691934,702748,706008,44630016,44630016,44630016
B,post-hoc-tail,post-hoc-diagnostic,6,65536,19.088665954768658,19.079000000004953,1.0949338426353918,1.6550410073250532,10801,1.0001852023335494,2,2552,712,0.0659198222386816,1807,7171,65536,55,126,1219046,1230012,1233272,44957696,44957696,44957696
B,post-hoc-tail,post-hoc-diagnostic,8,unbounded,131.63941586390138,131.53800000000615,1.0,0.0,78662,1.0,0,20755,7119,0.09050113142305052,15463,47972,,0,,1964406,2042700,2046112,44236800,46399488,46399488
B,post-hoc-tail,post-hoc-diagnostic,8,16384,150.038291933015,149.9629999999854,1.1397672266195389,18.398876069113612,81059,1.0304721466527675,2397,11776,6693,0.08256948642346933,16287,49474,16384,10149,974,1042374,1087260,1090880,44253184,44974080,44974080
B,post-hoc-tail,post-hoc-diagnostic,8,32768,146.65662497282028,146.56199999998876,1.1140783633106122,15.017209108918905,79841,1.014988177264753,1179,15328,6867,0.08600844177803384,15894,48721,32768,6045,1057,1539642,1597692,1601168,44498944,45481984,45481984
B,post-hoc-tail,post-hoc-diagnostic,8,65536,143.8484590034932,143.78899999999817,1.0927461054082346,12.209043139591813,79309,1.0082250641987236,647,17732,6948,0.0876067028962665,15700,48414,65536,3367,1103,2223006,2290012,2293488,45006848,46186496,46186496
B,post-hoc-tail,post-hoc-diagnostic,10,unbounded,741.6047090664506,741.1840000000325,1.0,0.0,423857,1.0,0,119958,47944,0.1131136208674152,93664,236149,,0,,13184786,13634268,13980744,44040192,63225856,63225856
B,post-hoc-tail,post-hoc-diagnostic,10,16384,1002.0986669696867,1001.3260000000059,1.3512571518473124,260.49395790323615,505512,1.1926475202721674,81655,16372,45467,0.08994247416480716,117778,282341,16384,136680,4728,1347454,1409788,1421800,44138496,45219840,45219840
B,post-hoc-tail,post-hoc-diagnostic,10,32768,932.2618329897523,931.4960000000383,1.257087261707528,190.6571239233017,472202,1.1140596946611712,48345,31904,46028,0.09747523305703915,108617,262869,32768,108615,5512,2637858,2758140,2762540,44220416,46530560,46530560
B,post-hoc-tail,post-hoc-diagnostic,10,65536,875.9937919676304,875.423000000012,1.1812139017703271,134.3890829011798,447609,1.0560377674545895,23752,54794,45974,0.10271017785611997,101393,249564,65536,75921,6223,4678514,4884620,4888948,44990464,49102848,49102848
B,additional-00,additional,4,unbounded,1.2776670046150684,1.278000000013435,1.0,0.0,776,1.0,0,179,25,0.03221649484536082,95,572,,0,,21926,24176,30816,44302336,44302336,44302336
B,additional-00,additional,4,16384,1.408000010997057,1.4080000000262771,1.1020085874576175,0.13033300638198853,776,1.0,0,179,25,0.03221649484536082,95,572,16384,0,8,275086,277272,280104,44367872,44367872,44367872
B,additional-00,additional,4,32768,1.4709578827023506,1.4709999999809042,1.1512842371205447,0.19329087808728218,776,1.0,0,179,25,0.03221649484536082,95,572,32768,0,8,537230,539416,542248,44482560,44482560,44482560
B,additional-00,additional,4,65536,1.5994999557733536,1.5989999999987958,1.251891103077555,0.32183295115828514,776,1.0,0,179,25,0.03221649484536082,95,572,65536,0,8,1061518,1063704,1066536,44974080,44974080,44974080
B,additional-00,additional,6,unbounded,10.64779213629663,10.641000000020995,1.0,0.0,6248,1.0,0,1627,547,0.08754801536491677,1054,3948,,0,,180722,187716,209064,44449792,44449792,44449792
B,additional-00,additional,6,16384,11.420250171795487,11.410000000012133,1.0725463105976376,0.7724580354988575,6256,1.0012804097311139,8,1546,537,0.08583759590792839,1062,3955,16384,92,96,364262,370956,374048,44269568,44269568,44269568
B,additional-00,additional,6,32768,11.434250045567751,11.432000000013431,1.0738611253116233,0.786457909271121,6254,1.0009603072983355,6,1584,541,0.08650463703229933,1060,3953,32768,50,98,628878,635708,638800,44548096,44548096,44548096
B,additional-00,additional,6,65536,11.612833011895418,11.608000000023821,1.0906329559448402,0.9650408755987883,6251,1.0004801536491676,3,1605,544,0.08702607582786755,1057,3951,65536,25,99,1154342,1161220,1164312,45400064,45400064,45400064
B,additional-00,additional,8,unbounded,62.17795913107693,62.13600000000952,1.0,0.0,35432,1.0,0,9994,4315,0.12178256942876496,7308,19510,,0,,941350,976828,979948,44302336,44990464,44990464
B,additional-00,additional,8,16384,68.93429183401167,68.88800000001538,1.108661216890245,6.756332702934742,35835,1.0113738993000678,403,7514,4093,0.11421794335147202,7503,19761,16384,2801,770,749366,776460,779788,44564480,44924928,44924928
B,additional-00,additional,8,32768,67.99087510444224,67.95599999998103,1.0934883687821135,5.812915973365307,35640,1.0058703996387446,208,8619,4185,0.11742424242424243,7417,19635,32768,1554,815,1082618,1113396,1116724,44498944,44941312,44941312
B,additional-00,additional,8,65536,67.54120788536966,67.5019999999904,1.086256429597287,5.3632487542927265,35555,1.0034714382479115,123,9239,4244,0.11936436506820419,7370,19590,65536,855,845,1646602,1679508,1682692,44892160,45383680,45383680
B,additional-00,additional,10,unbounded,278.77633296884596,278.62900000002355,1.0,0.0,153647,1.0,0,45821,23650,0.15392425494803022,35571,73882,,0,,5595510,5758684,6926896,44253184,52314112,52314112
B,additional-00,additional,10,16384,340.42408294044435,340.2379999999994,1.2211369570546997,61.64774997159839,165850,1.079422312183121,12203,15373,22063,0.13302984624660838,39590,80301,16384,36706,3348,1261238,1316356,1321096,44335104,45334528,45334528
B,additional-00,additional,10,32768,324.26037499681115,324.1120000000137,1.1631560381886799,45.48404202796519,159793,1.0400007810110188,6146,24674,22485,0.14071329782906636,37795,77116,32768,24638,3798,2126730,2214828,2218928,44466176,46186496,46186496
B,additional-00,additional,10,65536,313.0885409191251,312.89700000002085,1.123081495422761,34.31220795027912,156712,1.0199483231042585,3065,32915,22892,0.14607687988156617,36724,75566,65536,14761,4120,3186430,3303924,3307816,45088768,47448064,47448064
B,additional-01,additional,4,unbounded,1.4433751348406076,1.4409999999998035,1.0,0.0,880,1.0,0,196,27,0.03068181818181818,105,639,,0,,23250,26104,31520,44285952,44285952,44285952
B,additional-01,additional,4,16384,1.58866704441607,1.5880000000265682,1.1006612252548655,0.14529190957546234,886,1.0068181818181818,6,173,22,0.024830699774266364,110,645,16384,28,5,274846,277576,280608,44056576,44056576,44056576
B,additional-01,additional,4,32768,1.6490418929606676,1.6489999999862448,1.1424901629213473,0.20566675812005997,886,1.0068181818181818,6,173,22,0.024830699774266364,110,645,32768,28,5,536990,539720,542752,44548096,44548096,44548096
B,additional-01,additional,4,65536,1.754583092406392,1.7540000000053624,1.2156112780757797,0.31120795756578445,886,1.0068181818181818,6,173,22,0.024830699774266364,110,645,65536,28,5,1061278,1064008,1067040,45154304,45154304,45154304
B,additional-01,additional,6,unbounded,12.948166811838746,12.942000000009557,1.0,0.0,7529,1.0,0,2055,584,0.07756674193119936,1465,4442,,0,,211506,220644,223800,44351488,44351488,44351488
B,additional-01,additional,6,16384,14.410791918635368,14.40500000001066,1.1129600141897553,1.4626251067966223,7737,1.0276265108248108,208,1749,519,0.0670802636680884,1536,4592,16384,417,83,379802,387876,391240,44597248,44597248,44597248
B,additional-01,additional,6,32768,14.390582917258143,14.384000000006836,1.111399252603123,1.4424161054193974,7725,1.0260326736618408,196,1807,533,0.0689967637540453,1526,4584,32768,343,89,645778,654068,657432,44761088,44761088,44761088
B,additional-01,additional,6,65536,14.611917082220316,14.604999999960455,1.1284931137016534,1.6637502703815699,7725,1.0260326736618408,196,1819,533,0.0689967637540453,1526,4584,65536,331,89,1170882,1179188,1182552,45383680,45383680,45383680
B,additional-01,additional,8,unbounded,66.6564169805497,66.61600000001044,1.0,0.0,36500,1.0,0,11342,4027,0.11032876712328767,8954,17473,,0,,1345994,1390020,1658280,44318720,45842432,45842432
B,additional-01,additional,8,16384,77.3841249756515,77.34900000002654,1.1609403637497069,10.72770799510181,38370,1.0512328767123287,1870,7727,3860,0.10059942663539223,9597,18375,16384,4552,657,778998,809620,813268,44302336,44711936,44711936
B,additional-01,additional,8,32768,75.47508412972093,75.41900000001078,1.1323003477931393,8.818667149171233,37874,1.0376438356164384,1374,8993,3899,0.10294661245181391,9418,18162,32768,3037,695,1124934,1160228,1163876,44646400,45137920,45137920
B,additional-01,additional,8,65536,75.42416686192155,75.40000000000191,1.1315364713337395,8.767749881371856,37675,1.0321917808219179,1175,9685,3920,0.10404777704047777,9348,18089,65536,2238,717,1694990,1732868,1736516,45121536,45662208,45662208
B,additional-01,additional,10,unbounded,220.88958392851055,220.7740000000058,1.0,0.0,117199,1.0,0,39129,15273,0.1303168115768906,31798,47055,,0,,3918430,4067892,4071360,44417024,49496064,49496064
B,additional-01,additional,10,16384,279.5977909117937,279.41499999997177,1.2657807848571243,58.70820698328316,130597,1.1143183815561566,13398,14698,14839,0.11362435584278352,36353,52664,16384,30951,1846,1246110,1303596,1307992,44351488,45301760,45301760
B,additional-01,additional,10,32768,264.05820809304714,263.9080000000149,1.195430782188932,43.168624164536595,125004,1.0665961313663086,7805,22222,15032,0.12025215193113821,34469,50200,32768,20883,2084,2008070,2093772,2098024,44384256,45924352,45924352
B,additional-01,additional,10,65536,256.4492500387132,256.33099999998876,1.1609838973743158,35.55966611020267,122360,1.0440362119130708,5161,28281,15035,0.1228751225890814,33544,49241,65536,13551,2231,2934430,3042916,3047024,44990464,47005696,47005696
B,additional-02,additional,4,unbounded,0.6997499149292707,0.7009999999922911,1.0,0.0,414,1.0,0,109,15,0.036231884057971016,75,233,,0,,12774,15440,18368,44285952,44285952,44285952
B,additional-02,additional,4,16384,0.7992079481482506,0.799000000029082,1.1421336839019591,0.09945803321897984,414,1.0,0,99,13,0.03140096618357488,75,233,16384,12,8,269870,272432,275208,44531712,44531712,44531712
B,additional-02,additional,4,32768,0.8602919988334179,0.8599999999887586,1.2294278005312431,0.16054208390414715,414,1.0,0,99,13,0.03140096618357488,75,233,32768,12,8,532014,534576,537352,44531712,44531712,44531712
B,additional-02,additional,4,65536,0.9817080572247505,0.9810000000243235,1.4029413027138125,0.2819581422954798,414,1.0,0,99,13,0.03140096618357488,75,233,65536,12,8,1056302,1058864,1061640,45203456,45203456,45203456
B,additional-02,additional,6,unbounded,2.523415954783559,2.5239999999939755,1.0,0.0,1336,1.0,0,441,133,0.09955089820359281,330,527,,0,,49174,53356,58568,44433408,44433408,44433408
B,additional-02,additional,6,16384,2.8152919840067625,2.815999999995711,1.1156670301104752,0.29187602922320366,1357,1.0157185628742516,21,399,115,0.0847457627118644,342,542,16384,66,30,290270,294252,297348,44285952,44285952,44285952
B,additional-02,additional,6,32768,2.888541901484132,2.8879999999844586,1.144695109028068,0.36512594670057297,1357,1.0157185628742516,21,402,115,0.0847457627118644,342,542,32768,63,30,552618,556612,559708,44548096,44548096,44679168
B,additional-02,additional,6,65536,3.0274998862296343,3.0259999999771026,1.1997625205192588,0.5040839314460754,1357,1.0157185628742516,21,404,115,0.0847457627118644,342,542,65536,61,30,1077042,1081044,1084140,44957696,44957696,44957696
B,additional-02,additional,8,unbounded,7.030915934592485,7.0240000000012515,1.0,0.0,3584,1.0,0,1308,403,0.11244419642857142,993,1224,,0,,126514,134276,137308,44417024,44417024,44417024
B,additional-02,additional,8,16384,7.825916167348623,7.812999999998738,1.1130720719962948,0.7950002327561378,3645,1.0170200892857142,61,1156,386,0.10589849108367627,1018,1254,16384,198,66,341746,348940,352076,44367872,44367872,44367872
B,additional-02,additional,8,32768,7.8637918923050165,7.852999999954591,1.1184590977136757,0.8328759577125311,3633,1.013671875,49,1178,386,0.10624827965868429,1013,1249,32768,170,66,605386,612668,615764,44400640,44400640,44400640
B,additional-02,additional,8,65536,7.93112488463521,7.931999999982509,1.1280358005154987,0.9002089500427246,3633,1.013671875,49,1186,386,0.10624827965868429,1013,1249,65536,162,66,1130218,1137532,1140628,45121536,45121536,45121536
B,additional-02,additional,10,unbounded,16.020207898691297,16.010999999991782,1.0,0.0,8271,1.0,0,2979,1106,0.13372022730020552,2317,2755,,0,,349922,363956,423008,44318720,44367872,44367872
B,additional-02,additional,10,16384,18.01712508313358,18.008000000008906,1.1246498920033,1.9969171844422817,8492,1.0267198645871116,221,2523,1109,0.13059349976448423,2398,2814,16384,597,234,434030,446396,449532,44253184,44269568,44269568
B,additional-02,additional,10,32768,18.053165869787335,18.04599999996981,1.126899599802454,2.032957971096039,8473,1.0244226816588078,202,2628,1108,0.1307683229080609,2392,2812,32768,481,237,703286,716036,719132,44826624,44826624,44826624
B,additional-02,additional,10,65536,18.143791938200593,18.131999999980053,1.1325565843426273,2.1235840395092964,8451,1.0217627856365614,180,2702,1105,0.13075375695184002,2383,2810,65536,394,239,1232606,1245652,1248748,45105152,45121536,45121536
B,additional-03,additional,4,unbounded,0.42608403600752354,0.4250000000070031,1.0,0.0,211,1.0,0,87,13,0.061611374407582936,69,56,,0,,11278,13792,18456,44154880,44154880,44154880
B,additional-03,additional,4,16384,0.5142500158399343,0.5140000000096734,1.2069215750454778,0.08816597983241081,211,1.0,0,86,13,0.061611374407582936,69,56,16384,1,2,268986,271432,274320,44318720,44318720,44318720
B,additional-03,additional,4,32768,0.5751668941229582,0.5750000000261934,1.3498907387199135,0.14908285811543465,211,1.0,0,86,13,0.061611374407582936,69,56,32768,1,2,531130,533576,536464,44646400,44646400,45187072
B,additional-03,additional,4,65536,0.7101250812411308,0.7099999999695683,1.6666315121662805,0.2840410452336073,211,1.0,0,86,13,0.061611374407582936,69,56,65536,1,2,1055418,1057864,1060752,44974080,44974080,44974080
B,additional-03,additional,6,unbounded,1.0849169921129942,1.0839999999916472,1.0,0.0,533,1.0,0,211,64,0.1200750469043152,161,140,,0,,24242,27296,32064,44302336,44302336,44302336
B,additional-03,additional,6,16384,1.220958074554801,1.220999999986816,1.125393079314623,0.1360410824418068,533,1.0,0,209,64,0.1200750469043152,161,140,16384,2,6,277266,280248,283136,44171264,44187648,44187648
B,additional-03,additional,6,32768,1.2775410432368517,1.2770000000159598,1.1775472709195025,0.1926240511238575,533,1.0,0,209,64,0.1200750469043152,161,140,32768,2,6,539410,542392,545280,44548096,44548096,44548096
B,additional-03,additional,6,65536,1.4063750859349966,1.4060000000313266,1.2962974090726773,0.3214580938220024,533,1.0,0,209,64,0.1200750469043152,161,140,65536,2,6,1063698,1066680,1069568,45023232,45023232,45023232
B,additional-03,additional,8,unbounded,2.2174590267241,2.218000000027587,1.0,0.0,1072,1.0,0,449,154,0.14365671641791045,343,235,,0,,49466,53500,58408,44564480,44564480,44564480
B,additional-03,additional,8,16384,2.4378751404583454,2.437000000043099,1.099400309578604,0.2204161137342453,1072,1.0,0,439,154,0.14365671641791045,343,235,16384,10,11,292738,296700,299632,44302336,44302336,44302336
B,additional-03,additional,8,32768,2.492000116035342,2.491999999961081,1.123808866816731,0.2745410893112421,1072,1.0,0,444,154,0.14365671641791045,343,235,32768,5,11,555222,559204,562136,44515328,44515328,44515328
B,additional-03,additional,8,65536,2.614124910905957,2.613999999994121,1.178883072652693,0.3966658841818571,1072,1.0,0,448,154,0.14365671641791045,343,235,65536,1,11,1079782,1083780,1086640,45154304,45154304,45154304
B,additional-03,additional,10,unbounded,5.524083040654659,5.523999999979878,1.0,0.0,2762,1.0,0,1056,341,0.12346125995655322,783,855,,0,,108454,114220,117016,44302336,44318720,44662784
B,additional-03,additional,10,16384,5.979540990665555,5.977000000029875,1.0824495118300972,0.45545795001089573,2763,1.0003620564808111,1,1019,339,0.12269272529858849,784,855,16384,39,30,331534,337164,340096,44285952,44285952,44285952
B,additional-03,additional,10,32768,6.019333144649863,6.0139999999933025,1.0896529071613146,0.49525010399520397,2763,1.0003620564808111,1,1035,340,0.12305465074194716,784,855,32768,22,31,594766,600460,603392,44630016,44630016,44630016
B,additional-03,additional,10,65536,6.123916944488883,6.123999999999796,1.1085852438168884,0.5998339038342237,2763,1.0003620564808111,1,1048,340,0.12305465074194716,784,855,65536,9,31,1119854,1125620,1128480,44892160,44892160,44892160
