position,group,depth,variant,wall_ms,cpu_ms,wall_speedup,total_nodes,final_nodes,total_entries_at_iteration_end,final_entries,total_hits,final_hits,total_cutoffs,final_cutoffs,final_leaves,leaves,hint_lookups,legal_hints,invalid_hints,changed_first,first_move_cutoffs,hinted_first_cutoffs,retained_bytes,score_tt_bytes,hint_bytes,hint_entries,peak_bytes,move,scores,minimum_wall_ms,maximum_wall_ms
empty,phase3a,4,direct,0.8213748224079609,0.8210000000000717,1.0,594,594,143,143,15,15,71,71,436,436,0,0,0,0,62,0,14302,13628,0,0,20000,3,"[[3, -2], [2, -3], [4, -3], [1, -5], [5, -5], [0, -6], [6, -6]]",0.8112499490380287,0.8530828636139631
empty,phase3a,4,hints,0.9323339909315109,0.9330000000000727,0.8809877473064253,668,612,159,152,15,15,78,78,445,494,152,7,0,2,71,0,15748,14296,716,7,21848,3,"[[3, -2], [2, -3], [4, -3], [1, -5], [5, -5], [0, -6], [6, -6]]",0.8953339420258999,0.9418749250471592
empty,phase3a,4,iterative,0.9007500484585762,0.9000000000000119,0.9118787435133114,650,594,150,143,15,15,71,71,436,485,0,0,0,0,62,0,14364,13628,0,0,20464,3,"[[3, -2], [2, -3], [4, -3], [1, -5], [5, -5], [0, -6], [6, -6]]",0.8594579994678497,0.9235420729964972
empty,phase3a,4,combined,0.9340408723801374,0.9350000000000191,0.8793778159995513,668,612,159,152,15,15,78,78,445,494,152,7,0,2,71,0,15748,14296,716,7,21696,3,"[[3, -2], [2, -3], [4, -3], [1, -5], [5, -5], [0, -6], [6, -6]]",0.9122081100940704,0.9914168622344732
empty,phase3a,6,direct,7.50520802102983,7.501000000000091,1.0,5052,5052,1447,1447,396,396,914,914,3209,3209,0,0,0,6,806,10,164226,163552,0,0,205016,3,"[[3, -2], [2, -4], [4, -4], [1, -4], [5, -4], [0, -5], [6, -5]]",7.369874976575375,7.735958090052009
empty,phase3a,6,hints,7.935041096061468,7.928000000000046,0.9458310209325842,5272,4678,1513,1370,324,309,922,851,2999,3435,1370,139,0,17,840,64,169432,158428,10268,143,215464,3,"[[3, -2], [2, -4], [4, -4], [1, -4], [5, -4], [0, -5], [6, -5]]",7.780832936987281,7.9829159658402205
empty,phase3a,6,iterative,8.406416047364473,8.398999999999933,0.8927952148386488,5702,5052,1597,1447,411,396,985,914,3209,3694,0,0,0,6,868,10,164288,163552,0,0,205672,3,"[[3, -2], [2, -4], [4, -4], [1, -4], [5, -4], [0, -5], [6, -5]]",8.279833011329174,8.552415994927287
empty,phase3a,6,combined,8.02837498486042,8.028000000000034,0.9348352605829752,5346,4678,1529,1370,324,309,929,851,2999,3493,1522,155,0,19,849,73,169792,158428,10628,152,216080,3,"[[3, -2], [2, -4], [4, -4], [1, -4], [5, -4], [0, -5], [6, -5]]",7.897542091086507,8.12058406881988
empty,phase3a,8,direct,46.812084037810564,46.795999999999616,1.0,29425,29425,8400,8400,2725,2725,5639,5639,17534,17534,0,0,0,92,4423,86,834050,833376,0,0,867496,3,"[[3, -4], [2, -4], [4, -4], [1, -6], [5, -6], [0, -6], [6, -6]]",46.63891694508493,47.071625012904406
empty,phase3a,8,hints,55.619833059608936,55.59400000000014,0.8416437350259768,34298,29246,10124,8677,2647,2251,6720,5806,17692,20901,8677,1149,0,264,5630,671,979740,848880,130124,1447,1015852,3,"[[3, -4], [2, -4], [4, -4], [1, -6], [5, -6], [0, -6], [6, -6]]",55.279500083997846,56.23879190534353
empty,phase3a,8,iterative,55.28512503951788,55.26699999999973,0.8467392269502733,35127,29425,9997,8400,3136,2725,6624,5639,17534,21228,0,0,0,98,5291,96,834112,833376,0,0,868476,3,"[[3, -4], [2, -4], [4, -4], [1, -6], [5, -6], [0, -6], [6, -6]]",55.04929204471409,55.54512492381036
empty,phase3a,8,combined,56.2196250539273,56.20200000000031,0.8326644653518628,34561,29215,10176,8647,2589,2265,6704,5775,17676,21169,10169,1288,0,256,5646,720,974644,846784,127124,1370,1011028,3,"[[3, -4], [2, -4], [4, -4], [1, -6], [5, -6], [0, -6], [6, -6]]",55.849374970421195,58.406042167916894
empty,phase3a,10,direct,217.48408279381692,217.3290000000012,1.0,128308,128308,38395,38395,15828,15828,27477,27477,68511,68511,0,0,0,532,21194,576,3800282,3799608,0,0,3940992,2,"[[3, -4], [2, -3], [4, -3], [1, -5], [5, -5], [0, -6], [6, -6]]",216.10829210840166,233.1927919294685
empty,phase3a,10,hints,257.7515000011772,257.47900000000004,0.843774266271287,150605,121180,45595,37195,14589,11864,31036,25397,67599,85133,37195,5972,0,1667,25327,3689,4334824,3712548,621540,8400,4479716,2,"[[3, -4], [2, -3], [4, -3], [1, -5], [5, -5], [0, -6], [6, -6]]",257.4637080542743,262.31679087504745
empty,phase3a,10,iterative,273.52879103273153,273.3060000000007,0.7951049027515057,163435,128308,48392,38395,18964,15828,34101,27477,68511,89739,0,0,0,630,26485,672,3800344,3799608,0,0,3942288,2,"[[3, -4], [2, -3], [4, -3], [1, -5], [5, -5], [0, -6], [6, -6]]",271.76912501454353,274.9258750118315
empty,phase3a,10,combined,272.3375828936696,272.1090000000004,0.7985827019649012,159259,124698,47743,37567,13856,11267,31928,25224,71321,92490,47736,7351,0,1771,26326,4271,4362836,3730928,631172,8647,4509112,2,"[[3, -4], [2, -3], [4, -3], [1, -5], [5, -5], [0, -6], [6, -6]]",271.4942079037428,305.2773750387132
near-opening,phase3a,4,direct,0.9302080143243074,0.9300000000003195,1.0,569,569,155,155,19,19,91,91,383,383,0,0,0,0,83,0,15846,15172,0,0,21616,3,"[[3, -8], [2, -8], [4, -14], [1, -20], [5, -8], [0, -20], [6, -8]]",0.9213329758495092,0.9629579726606607
near-opening,phase3a,4,hints,0.987333944067359,0.9869999999985168,0.9421412278122242,599,543,156,149,15,15,88,88,367,416,149,7,0,2,82,0,16216,14764,716,7,22496,3,"[[3, -8], [2, -8], [4, -14], [1, -20], [5, -8], [0, -20], [6, -8]]",0.9835828095674515,1.0314169339835644
near-opening,phase3a,4,iterative,1.0076668113470078,1.0070000000013124,0.9231305465750563,625,569,162,155,19,19,91,91,383,432,0,0,0,0,83,0,15908,15172,0,0,22296,3,"[[3, -8], [2, -8], [4, -14], [1, -20], [5, -8], [0, -20], [6, -8]]",1.0022090282291174,1.0530829895287752
near-opening,phase3a,4,combined,0.983834033831954,0.9850000000000136,0.9454928192524733,599,543,156,149,15,15,88,88,367,416,149,7,0,2,82,0,16216,14764,716,7,22496,3,"[[3, -8], [2, -8], [4, -14], [1, -20], [5, -8], [0, -20], [6, -8]]",0.9761250112205744,1.0047920513898134
near-opening,phase3a,6,direct,7.242582971230149,7.242999999999,1.0,4258,4258,1186,1186,394,394,806,806,2516,2516,0,0,0,16,618,8,117042,116368,0,0,127088,3,"[[3, -7], [2, -7], [4, -12], [1, -21], [5, -11], [0, -23], [6, -11]]",7.207583170384169,7.4109579436481
near-opening,phase3a,6,hints,6.992709124460816,6.985000000000241,1.0357334821629092,4012,3443,1184,1029,220,201,776,685,2110,2493,1029,132,0,57,650,68,117316,105748,10860,155,127092,3,"[[3, -7], [2, -7], [4, -12], [1, -21], [5, -11], [0, -23], [6, -11]]",6.928666029125452,7.2630420327186584
near-opening,phase3a,6,iterative,8.276375010609627,8.27499999999759,0.8750912038115429,4883,4258,1348,1186,413,394,897,806,2516,2948,0,0,0,16,701,8,117104,116368,0,0,127752,3,"[[3, -7], [2, -7], [4, -12], [1, -21], [5, -11], [0, -23], [6, -11]]",8.1944998819381,8.414332987740636
near-opening,phase3a,6,combined,7.127666147425771,7.127999999998025,1.016122643994189,4120,3521,1203,1047,220,205,784,696,2166,2582,1196,139,0,60,656,68,118300,106972,10620,149,128404,3,"[[3, -7], [2, -7], [4, -12], [1, -21], [5, -11], [0, -23], [6, -11]]",7.083999924361706,7.2302077896893024
near-opening,phase3a,8,direct,41.64341697469354,41.54899999999628,1.0,24054,24054,6699,6699,2903,2903,4939,4939,13224,13224,0,0,0,227,3471,175,741678,741004,0,0,833384,3,"[[3, -6], [2, -8], [4, -12], [1, -21], [5, -15], [0, -21], [6, -10]]",41.37929202988744,41.95512505248189
near-opening,phase3a,8,hints,42.717458913102746,42.670000000001096,0.9748570732965633,24043,19785,7143,5957,2292,1898,5052,4246,10856,13372,5957,894,0,484,3910,560,774828,690940,83152,1186,918020,3,"[[3, -6], [2, -8], [4, -12], [1, -21], [5, -15], [0, -21], [6, -10]]",42.429500026628375,43.69941703043878
near-opening,phase3a,8,iterative,49.73441711626947,49.716000000003646,0.8373158747862525,28937,24054,8047,6699,3316,2903,5836,4939,13224,16172,0,0,0,243,4172,183,741740,741004,0,0,834364,3,"[[3, -6], [2, -8], [4, -12], [1, -21], [5, -15], [0, -21], [6, -10]]",49.594041192904115,49.813833087682724
near-opening,phase3a,8,combined,42.238624999299645,42.211000000001775,0.9859084422228238,23853,19733,7147,5944,2070,1850,4986,4202,10939,13521,7140,996,0,479,3888,582,768576,690084,77756,1047,912836,3,"[[3, -6], [2, -8], [4, -12], [1, -21], [5, -15], [0, -21], [6, -10]]",42.084458051249385,42.30670887045562
near-opening,phase3a,10,direct,176.2871250975877,176.1290000000031,1.0,99441,99441,28999,28999,14340,14340,22095,22095,49039,49039,0,0,0,1063,15301,820,3244654,3243980,0,0,3444944,3,"[[3, -7], [2, -11], [4, -14], [1, -17], [5, -13], [0, -18], [6, -11]]",175.77679199166596,189.92641707882285
near-opening,phase3a,10,hints,176.456208107993,176.3559999999984,0.9990417848585875,97835,73781,29456,22757,10871,7968,21357,16418,38267,51491,22757,4220,0,2300,15863,2847,3382012,2825460,555816,6699,4007420,3,"[[3, -7], [2, -11], [4, -14], [1, -17], [5, -13], [0, -18], [6, -11]]",175.68275006487966,186.50391697883606
near-opening,phase3a,10,iterative,225.96645797602832,225.76799999999508,0.780147313351653,128378,99441,37046,28999,17656,14340,27931,22095,49039,65211,0,0,0,1306,19473,1003,3244716,3243980,0,0,3446240,3,"[[3, -7], [2, -11], [4, -14], [1, -17], [5, -13], [0, -18], [6, -11]]",225.54083401337266,230.191667098552
near-opening,phase3a,10,combined,181.49550002999604,181.41299999999916,0.9713030078897409,99992,76139,30934,23787,10295,8225,22266,17280,38976,52497,30927,5253,0,2340,16948,3261,3422524,2894996,526792,5944,3979360,3,"[[3, -7], [2, -11], [4, -14], [1, -17], [5, -13], [0, -18], [6, -11]]",180.99162494763732,183.99295792914927
midgame,phase3a,4,direct,0.5475832149386406,0.5480000000019913,1.0,339,339,81,81,0,0,37,37,184,184,0,0,0,0,37,0,8446,7772,0,0,14168,3,"[[3, -1000002], [2, -1000002], [4, -1000002], [1, -1000002], [5, -1000002], [0, -1000002], [6, -1000002]]",0.5431249737739563,0.5577921401709318
midgame,phase3a,4,hints,0.6499581504613161,0.6500000000002615,0.8424899580842035,395,339,88,81,0,0,37,37,184,221,81,7,0,0,37,0,9168,7772,688,7,15336,3,"[[3, -1000002], [2, -1000002], [4, -1000002], [1, -1000002], [5, -1000002], [0, -1000002], [6, -1000002]]",0.6422079168260098,0.6730000022798777
midgame,phase3a,4,iterative,0.623790780082345,0.6230000000044811,0.8778315300946826,395,339,88,81,0,0,37,37,184,221,0,0,0,0,37,0,8508,7772,0,0,14704,3,"[[3, -1000002], [2, -1000002], [4, -1000002], [1, -1000002], [5, -1000002], [0, -1000002], [6, -1000002]]",0.6170000415295362,0.6745420396327972
midgame,phase3a,4,combined,0.6533751729875803,0.6529999999997926,0.8380839027519176,395,339,88,81,0,0,37,37,184,221,81,7,0,0,37,0,9168,7772,688,7,15336,3,"[[3, -1000002], [2, -1000002], [4, -1000002], [1, -1000002], [5, -1000002], [0, -1000002], [6, -1000002]]",0.6444589234888554,0.6605831440538168
midgame,phase3a,6,direct,1.9851669203490019,1.9850000000047885,1.0,1166,1166,333,333,61,61,167,167,492,492,0,0,0,0,167,0,32622,31948,0,0,39920,3,"[[3, -1000004], [2, -1000004], [4, -1000004], [1, -1000004], [5, -1000004], [0, -1000004], [6, -1000004]]",1.9751249346882105,2.005999907851219
midgame,phase3a,6,hints,2.6557911187410355,2.651000000000181,0.7474860904309599,1505,1166,414,333,61,61,204,167,492,676,333,81,0,0,204,37,38180,31948,5496,81,45896,3,"[[3, -1000004], [2, -1000004], [4, -1000004], [1, -1000004], [5, -1000004], [0, -1000004], [6, -1000004]]",2.6415411848574877,2.696292009204626
midgame,phase3a,6,iterative,2.627125009894371,2.628000000001407,0.7556423515715454,1561,1166,421,333,61,61,204,167,492,713,0,0,0,0,204,0,32684,31948,0,0,40584,3,"[[3, -1000004], [2, -1000004], [4, -1000004], [1, -1000004], [5, -1000004], [0, -1000004], [6, -1000004]]",2.606583060696721,2.682833932340145
midgame,phase3a,6,combined,2.7476251125335693,2.7470000000064942,0.7225028302782146,1561,1166,421,333,61,61,204,167,492,713,414,88,0,0,204,37,38180,31948,5496,81,46152,3,"[[3, -1000004], [2, -1000004], [4, -1000004], [1, -1000004], [5, -1000004], [0, -1000004], [6, -1000004]]",2.7271672151982784,2.7780840173363686
midgame,phase3a,8,direct,4.975166171789169,4.9680000000051905,1.0,2784,2784,880,880,284,284,452,452,948,948,0,0,0,0,452,0,97410,96736,0,0,111080,3,"[[3, -1000006], [2, -1000006], [4, -1000006], [1, -1000006], [5, -1000006], [0, -1000006], [6, -1000006]]",4.964333027601242,5.014459136873484
midgame,phase3a,8,hints,7.317624986171722,7.309999999996819,0.6798881032016332,3950,2784,1213,880,345,284,619,452,948,1440,880,333,0,0,619,167,119792,96736,22320,333,134204,3,"[[3, -1000006], [2, -1000006], [4, -1000006], [1, -1000006], [5, -1000006], [0, -1000006], [6, -1000006]]",7.239500060677528,7.343207951635122
midgame,phase3a,8,iterative,7.573625072836876,7.568999999996606,0.6569068476379708,4345,2784,1301,880,345,284,656,452,948,1661,0,0,0,0,656,0,97472,96736,0,0,111996,3,"[[3, -1000006], [2, -1000006], [4, -1000006], [1, -1000006], [5, -1000006], [0, -1000006], [6, -1000006]]",7.556041004136205,7.591790985316038
midgame,phase3a,8,combined,8.027625037357211,8.025000000003502,0.6197556747651797,4345,2784,1301,880,345,284,656,452,948,1661,1294,421,0,0,656,204,119792,96736,22320,333,134684,3,"[[3, -1000006], [2, -1000006], [4, -1000006], [1, -1000006], [5, -1000006], [0, -1000006], [6, -1000006]]",8.010541088879108,8.134833071380854
midgame,phase3a,10,direct,10.116917081177235,10.108999999999924,1.0,5389,5389,1881,1881,700,700,993,993,1543,1543,0,0,0,0,993,0,201914,201240,0,0,216080,3,"[[3, -1000008], [2, -1000008], [4, -1000008], [1, -1000008], [5, -1000008], [0, -1000008], [6, -1000008]]",10.076083010062575,10.144792031496763
midgame,phase3a,10,hints,15.832541976124048,15.812000000003934,0.6389951213414656,8173,5389,2761,1881,984,700,1445,993,1543,2491,1881,880,0,12,1445,452,273172,201240,71196,880,288796,3,"[[3, -1000008], [2, -1000008], [4, -1000008], [1, -1000008], [5, -1000008], [0, -1000008], [6, -1000008]]",15.71170799434185,15.968959080055356
midgame,phase3a,10,iterative,17.833375139161944,17.825000000001978,0.5673024316614396,9734,5389,3182,1881,1045,700,1649,993,1543,3204,0,0,0,0,1649,0,201976,201240,0,0,217312,3,"[[3, -1000008], [2, -1000008], [4, -1000008], [1, -1000008], [5, -1000008], [0, -1000008], [6, -1000008]]",17.625333042815328,17.96970795840025
midgame,phase3a,10,combined,18.821875099092722,18.810000000001992,0.5375084590623441,9734,5389,3182,1881,1045,700,1649,993,1543,3204,3175,1301,0,12,1649,656,273172,201240,71196,880,289528,3,"[[3, -1000008], [2, -1000008], [4, -1000008], [1, -1000008], [5, -1000008], [0, -1000008], [6, -1000008]]",18.762874882668257,18.8809169922024
midgame-wide,phase3a,4,direct,1.2211669236421585,1.221999999998502,1.0,726,726,169,169,25,25,100,100,494,494,0,0,0,0,77,0,16742,16068,0,0,22288,3,"[[3, 2], [2, -4], [4, -4], [1, -29], [5, -21], [0, -26], [6, -29]]",1.209041103720665,1.2570829130709171
midgame-wide,phase3a,4,hints,1.3637091033160686,1.3569999999987203,0.8954746438758113,771,715,175,168,20,20,96,96,489,538,168,7,0,1,73,0,17424,16000,688,7,23576,3,"[[3, 2], [2, -4], [4, -4], [1, -29], [5, -21], [0, -26], [6, -29]]",1.3230000622570515,1.3862920459359884
midgame-wide,phase3a,4,iterative,1.3035000301897526,1.3039999999975294,0.9368368970918944,782,726,176,169,25,25,100,100,494,543,0,0,0,0,77,0,16804,16068,0,0,22984,3,"[[3, 2], [2, -4], [4, -4], [1, -29], [5, -21], [0, -26], [6, -29]]",1.2839578557759523,1.3259581755846739
midgame-wide,phase3a,4,combined,1.3365419581532478,1.3369999999994775,0.9136764590088085,771,715,175,168,20,20,96,96,489,538,168,7,0,1,73,0,17424,16000,688,7,23576,3,"[[3, 2], [2, -4], [4, -4], [1, -29], [5, -21], [0, -26], [6, -29]]",1.3254168443381786,1.3472498394548893
midgame-wide,phase3a,6,direct,5.581666016951203,5.581000000006497,1.0,3036,3036,830,830,242,242,582,582,1577,1577,0,0,0,11,438,12,93646,92972,0,0,110008,3,"[[3, 2], [2, -1000000], [4, 2], [1, -1000000], [5, -18], [0, -1000000], [6, -1000000]]",5.5387921165674925,5.606624996289611
midgame-wide,phase3a,6,hints,6.4778749365359545,6.478000000001316,0.8616507838812957,3448,2722,957,788,146,121,631,531,1447,1941,788,147,0,43,474,78,102356,90060,11560,169,121456,3,"[[3, 2], [2, -1000000], [4, 2], [1, -1000000], [5, -18], [0, -1000000], [6, -1000000]]",6.377874873578548,6.515834014862776
midgame-wide,phase3a,6,iterative,6.889957934617996,6.886999999998977,0.8101161240631973,3818,3036,1006,830,267,242,682,582,1577,2120,0,0,0,11,515,12,93708,92972,0,0,110672,3,"[[3, 2], [2, -1000000], [4, 2], [1, -1000000], [5, -18], [0, -1000000], [6, -1000000]]",6.8555420730262995,6.976499920710921
midgame-wide,phase3a,6,combined,6.546499906107783,6.536999999994464,0.8526183604988057,3493,2722,963,788,141,121,627,531,1447,1985,956,154,0,44,470,78,102316,90060,11520,168,121672,3,"[[3, 2], [2, -1000000], [4, 2], [1, -1000000], [5, -18], [0, -1000000], [6, -1000000]]",6.502792006358504,6.633291952311993
midgame-wide,phase3a,8,direct,15.647375024855137,15.634999999996069,1.0,8069,8069,2682,2682,796,796,1950,1950,3203,3203,0,0,0,24,1707,30,254562,253888,0,0,270032,3,"[[3, 1000001], [2, -1000002], [4, 16], [1, -1000002], [5, -15], [0, -1000002], [6, -1000002]]",15.59399999678135,15.742707997560501
midgame-wide,phase3a,8,hints,16.965166898444295,16.948999999996772,0.9223236717046386,8395,5359,2750,1920,653,411,1944,1362,2043,3620,1920,667,0,130,1723,446,273688,202688,70264,830,286972,3,"[[3, 1000001], [2, -1000002], [4, 16], [1, -1000002], [5, -15], [0, -1000002], [6, -1000002]]",16.768333036452532,17.20591587945819
midgame-wide,phase3a,8,iterative,22.44983403943479,22.4410000000006,0.6969929041510671,11887,8069,3688,2682,1063,796,2632,1950,3203,5323,0,0,0,35,2222,42,254624,253888,0,0,270980,3,"[[3, 1000001], [2, -1000002], [4, 16], [1, -1000002], [5, -15], [0, -1000002], [6, -1000002]]",22.34720904380083,22.65754109248519
midgame-wide,phase3a,8,combined,18.017916940152645,18.003000000000213,0.8684341856402505,8861,5368,2907,1944,548,407,2025,1398,2052,4037,2900,821,0,162,1790,521,273528,204208,68584,788,287436,3,"[[3, 1000001], [2, -1000002], [4, 16], [1, -1000002], [5, -15], [0, -1000002], [6, -1000002]]",17.8873750846833,18.160708947107196
midgame-wide,phase3a,10,direct,39.490583119913936,39.33800000000076,1.0,19097,19097,6730,6730,2759,2759,5110,5110,5850,5850,0,0,0,112,4454,130,748602,747928,0,0,836568,3,"[[3, 1000003], [2, -1000004], [4, 1000001], [1, -1000004], [5, -20], [0, -1000004], [6, -1000004]]",38.050082977861166,70.75654179789126
midgame-wide,phase3a,10,hints,36.650750087574124,36.61700000000678,1.0774836265439112,17513,9444,6275,3593,1938,1142,4543,2593,2761,5964,3593,1708,0,273,4172,1246,571424,389404,181284,2682,603172,3,"[[3, 1000003], [2, -1000004], [4, 1000001], [1, -1000004], [5, -20], [0, -1000004], [6, -1000004]]",36.43095795996487,53.2192918471992
midgame-wide,phase3a,10,iterative,60.76691695488989,60.72100000000091,0.6498697827508615,30984,19097,10418,6730,3822,2759,7742,5110,5850,11173,0,0,0,147,6676,172,748664,747928,0,0,837832,3,"[[3, 1000003], [2, -1000004], [4, 1000001], [1, -1000004], [5, -20], [0, -1000004], [6, -1000004]]",60.501832980662584,69.8944590985775
midgame-wide,phase3a,10,combined,38.748207967728376,38.72599999999693,1.0191589544683937,18312,9451,6562,3655,1521,973,4666,2641,2836,6873,6555,2569,0,405,4303,1741,545896,393396,151764,1944,574624,3,"[[3, 1000003], [2, -1000004], [4, 1000001], [1, -1000004], [5, -20], [0, -1000004], [6, -1000004]]",38.555042119696736,80.94816608354449
late,phase3a,4,direct,0.08945888839662075,0.09000000000014552,1.0,41,41,20,20,3,3,4,4,18,18,0,0,0,0,4,0,2610,1936,0,0,7344,4,"[[4, 0], [5, -9], [6, -3]]",0.0874579418450594,0.0904579646885395
late,phase3a,4,hints,0.11599995195865631,0.11599999999134525,0.7711976331550974,56,45,25,22,3,3,7,7,20,28,22,3,0,2,5,0,3744,2608,400,3,9192,4,"[[4, 0], [5, -9], [6, -3]]",0.11337501928210258,0.11775013990700245
late,phase3a,4,iterative,0.106374965980649,0.10699999999985721,0.8409768931244077,52,41,23,20,3,3,4,4,18,26,0,0,0,0,4,0,2672,1936,0,0,8168,4,"[[4, 0], [5, -9], [6, -3]]",0.10345899499952793,0.11208397336304188
late,phase3a,4,combined,0.11587492190301418,0.1160000000055561,0.7720297621559278,56,45,25,22,3,3,7,7,20,28,22,3,0,2,5,0,3744,2608,400,3,9192,4,"[[4, 0], [5, -9], [6, -3]]",0.11379108764231205,0.11758320033550262
late,phase3a,6,direct,0.24108309298753738,0.24100000000260025,1.0,119,119,63,63,6,6,18,18,47,47,0,0,0,0,12,0,6970,6296,0,0,12200,4,"[[4, 0], [5, -8], [6, -8]]",0.23679109290242195,0.24737510830163956
late,phase3a,6,hints,0.2878329250961542,0.28899999999509873,0.8375799707660287,132,91,69,49,10,7,25,21,32,50,49,19,0,13,22,8,7632,5428,1496,20,13440,4,"[[4, 0], [5, -8], [6, -8]]",0.28433301486074924,0.3346668090671301
late,phase3a,6,iterative,0.33412501215934753,0.33400000000938235,0.7215356055791551,171,119,86,63,9,6,22,18,47,73,0,0,0,0,16,0,7032,6296,0,0,12896,4,"[[4, 0], [5, -8], [6, -8]]",0.3305829595774412,0.33587496727705
late,phase3a,6,combined,0.3338330425322056,0.33499999999264674,0.7221666589947566,154,98,78,53,12,9,29,22,33,61,75,24,0,16,25,9,8436,5616,2112,22,14424,4,"[[4, 0], [5, -8], [6, -8]]",0.33162510953843594,0.3607498947530985
late,phase3a,8,direct,0.5929579492658377,0.5930000000091695,1.0,276,276,166,166,11,11,72,72,70,70,0,0,0,1,57,3,15222,14548,0,0,21112,4,"[[4, -1], [5, -1], [6, -1]]",0.5896249786019325,0.657249940559268
late,phase3a,8,hints,0.6226671393960714,0.6230000000044811,0.952287204108685,275,156,163,100,15,9,71,53,38,85,100,46,0,34,61,25,16040,10480,4824,63,23064,4,"[[4, -1], [5, -1], [6, -1]]",0.6159581243991852,0.6307919975370169
late,phase3a,8,iterative,0.9217499755322933,0.922000000002754,0.643295866564483,447,276,252,166,20,11,94,72,70,143,0,0,0,1,73,3,15284,14548,0,0,21936,4,"[[4, -1], [5, -1], [6, -1]]",0.9152081329375505,0.9709158912301064
late,phase3a,8,combined,0.7565419655293226,0.755999999995538,0.7837740353913722,330,176,182,104,27,15,81,52,45,106,179,70,0,43,70,31,15636,10472,4428,53,22824,4,"[[4, -1], [5, -1], [6, -1]]",0.738541828468442,0.8002088870853186
late,phase3a,10,direct,1.141624990850687,1.1410000000040554,1.0,506,506,328,328,22,22,166,166,78,78,0,0,0,0,134,2,28978,28332,0,0,35948,6,"[[4, 0], [5, 0], [6, 1000001]]",1.1228339280933142,1.199791906401515
late,phase3a,10,hints,1.2517909053713083,1.2509999999963384,0.911993357638316,527,251,338,172,30,19,173,101,26,96,172,87,0,37,151,49,31812,19740,11336,166,42376,6,"[[4, 0], [5, 0], [6, 1000001]]",1.2324589770287275,1.2575839646160603
late,phase3a,10,iterative,2.042874926701188,2.03900000001056,0.5588325432600861,953,506,580,328,42,22,260,166,78,221,0,0,0,1,207,5,29040,28332,0,0,36996,6,"[[4, 0], [5, 0], [6, 1000001]]",2.0197092089802027,2.1067080087959766
late,phase3a,10,combined,1.4849589206278324,1.485000000002401,0.7687923046167595,617,287,377,195,49,22,196,115,31,137,374,168,0,85,178,84,30360,20772,8880,104,40776,6,"[[4, 0], [5, 0], [6, 1000001]]",1.4585829339921474,1.5303750988095999
immediate-win,phase3a,4,direct,0.5566671025007963,0.5559999999888987,1.0,316,316,101,101,25,25,81,81,153,153,0,0,0,2,75,0,12146,11472,0,0,18360,0,"[[3, -4], [2, -6], [4, -2], [1, -2], [5, -5], [0, 1000003], [6, -8]]",0.5530831404030323,0.5639160517603159
immediate-win,phase3a,4,hints,0.5249588284641504,0.5250000000103228,1.0604014492515792,303,254,81,75,15,15,61,61,127,169,75,6,0,8,55,0,8692,7336,620,6,14608,0,"[[3, -4], [2, -6], [4, -2], [1, -2], [5, -5], [0, 1000003], [6, -8]]",0.5225830245763063,0.5697079468518496
immediate-win,phase3a,4,iterative,0.6279582157731056,0.6279999999918573,0.8864715653341045,365,316,107,101,25,25,81,81,153,195,0,0,0,2,75,0,12208,11472,0,0,18800,0,"[[3, -4], [2, -6], [4, -2], [1, -2], [5, -5], [0, 1000003], [6, -8]]",0.6179581396281719,0.6521251052618027
immediate-win,phase3a,4,combined,0.5251248367130756,0.5250000000103228,1.060066223462508,303,254,81,75,15,15,61,61,127,169,75,6,0,8,55,0,8692,7336,620,6,14608,0,"[[3, -4], [2, -6], [4, -2], [1, -2], [5, -5], [0, 1000003], [6, -8]]",0.5217501893639565,0.5494579672813416
immediate-win,phase3a,6,direct,3.416959196329117,3.416999999998893,1.0,2015,2015,569,569,212,212,412,412,1155,1155,0,0,0,18,330,7,57346,56672,0,0,64504,0,"[[3, -7], [2, -5], [4, -5], [1, -1], [5, -6], [0, 1000005], [6, -6]]",3.3852921333163977,3.4321669954806566
immediate-win,phase3a,6,hints,2.681584097445011,2.681999999992968,1.2742316004874747,1537,1221,488,387,138,113,362,281,682,835,387,75,0,34,315,57,54092,44632,8724,101,66944,0,"[[3, -7], [2, -5], [4, -5], [1, -1], [5, -6], [0, 1000005], [6, -6]]",2.6687090285122395,2.7042909059673548
immediate-win,phase3a,6,iterative,4.051957977935672,4.041999999998325,0.8432859410032519,2380,2015,676,569,237,212,493,412,1155,1350,0,0,0,20,405,7,57408,56672,0,0,65168,0,"[[3, -7], [2, -5], [4, -5], [1, -1], [5, -6], [0, 1000005], [6, -6]]",4.023874877020717,4.098166944459081
immediate-win,phase3a,6,combined,2.6328328531235456,2.632999999988783,1.297826100990535,1524,1221,468,387,128,113,342,281,682,851,462,81,0,40,295,57,50628,44632,5260,75,63704,0,"[[3, -7], [2, -5], [4, -5], [1, -1], [5, -6], [0, 1000005], [6, -6]]",2.6161670684814453,2.6454171165823936
immediate-win,phase3a,8,direct,21.473291097208858,21.46799999999871,1.0,12470,12470,3636,3636,1470,1470,2697,2697,6857,6857,0,0,0,90,2029,64,387822,387148,0,0,416368,0,"[[3, -7], [2, -4], [4, -4], [1, -1], [5, -7], [0, 1000007], [6, -8]]",21.37850015424192,21.780208917334676
immediate-win,phase3a,8,hints,15.52391704171896,15.520000000009304,1.3832392326950445,8959,6944,2726,2157,782,570,1933,1521,4062,5217,2157,347,0,180,1567,212,257448,215892,40820,569,271064,0,"[[3, -7], [2, -4], [4, -4], [1, -1], [5, -7], [0, 1000007], [6, -8]]",15.455665998160839,15.70708304643631
immediate-win,phase3a,8,iterative,25.465207872912288,25.4460000000023,0.843240361687772,14850,12470,4312,3636,1707,1470,3190,2697,6857,8207,0,0,0,110,2434,71,387884,387148,0,0,417316,0,"[[3, -7], [2, -4], [4, -4], [1, -1], [5, -7], [0, 1000007], [6, -8]]",25.428333086892962,25.521082803606987
immediate-win,phase3a,8,combined,12.851041974499822,12.843000000003713,1.6709377449562508,7396,5872,2248,1780,610,482,1566,1224,3472,4323,2242,403,0,151,1291,238,225556,191096,33724,387,246908,0,"[[3, -7], [2, -4], [4, -4], [1, -1], [5, -7], [0, 1000007], [6, -8]]",12.824165867641568,12.899583904072642
immediate-win,phase3a,10,direct,106.66991700418293,106.59799999999109,1.0,59934,59934,18565,18565,8028,8028,14178,14178,30391,30391,0,0,0,455,10852,397,1816354,1815680,0,0,1890656,0,"[[3, -6], [2, -5], [4, -5], [1, -1], [5, -10], [0, 1000009], [6, -11]]",106.10833298414946,126.4525419101119
immediate-win,phase3a,10,hints,86.32137486711144,86.24499999999102,1.2357300514316103,47652,35182,15447,11811,4937,3467,11378,8681,18535,25392,11811,1767,0,792,9411,1196,1659656,1369512,289408,3636,1945508,0,"[[3, -6], [2, -5], [4, -5], [1, -1], [5, -10], [0, 1000009], [6, -11]]",86.00162505172193,111.7207920178771
immediate-win,phase3a,10,iterative,131.65287510491908,131.574999999998,0.8102361374119152,74784,59934,22877,18565,9735,8028,17368,14178,30391,38598,0,0,0,565,13286,468,1816416,1815680,0,0,1891920,0,"[[3, -6], [2, -5], [4, -5], [1, -1], [5, -10], [0, 1000009], [6, -11]]",131.4865001477301,131.8260410334915
immediate-win,phase3a,10,combined,78.98749993182719,78.93899999999121,1.3504657964392845,43832,36436,14107,11859,4119,3509,10142,8576,19565,23888,14101,1853,0,690,8367,1160,1514352,1370284,143332,1780,1795584,0,"[[3, -6], [2, -5], [4, -5], [1, -1], [5, -10], [0, 1000009], [6, -11]]",78.7215419113636,84.42741702310741
forced-reply,phase3a,4,direct,0.5658750887960196,0.5660000000062837,1.0,345,345,92,92,0,0,52,52,211,211,0,0,0,0,48,0,11590,10916,0,0,18720,0,"[[3, -1000002], [2, -1000002], [4, -1000002], [1, -1000002], [5, -1000002], [0, 0], [6, -1000002]]",0.5605830810964108,0.5730001721531153
forced-reply,phase3a,4,hints,0.6186659447848797,0.6189999999861584,0.9146698530380295,378,322,92,85,0,0,47,47,195,238,85,7,0,1,45,0,9412,8016,688,7,15400,0,"[[3, -1000002], [2, -1000002], [4, -1000002], [1, -1000002], [5, -1000002], [0, 0], [6, -1000002]]",0.6112079136073589,0.6274168845266104
forced-reply,phase3a,4,iterative,0.639874953776598,0.6400000000041928,0.8843526152354851,401,345,99,92,0,0,52,52,211,254,0,0,0,0,48,0,11652,10916,0,0,19160,0,"[[3, -1000002], [2, -1000002], [4, -1000002], [1, -1000002], [5, -1000002], [0, 0], [6, -1000002]]",0.6347920279949903,0.6458749994635582
forced-reply,phase3a,4,combined,0.6172501016408205,0.6170000000054188,0.9167679151315941,378,322,92,85,0,0,47,47,195,238,85,7,0,1,45,0,9412,8016,688,7,15400,0,"[[3, -1000002], [2, -1000002], [4, -1000002], [1, -1000002], [5, -1000002], [0, 0], [6, -1000002]]",0.6116670556366444,0.6302909459918737
forced-reply,phase3a,6,direct,2.654832787811756,2.6540000000068176,1.0,1540,1540,479,479,85,85,315,315,815,815,0,0,0,0,279,0,51394,50720,0,0,58356,0,"[[3, -1000004], [2, -1000004], [4, -1000004], [1, -1000004], [5, -1000004], [0, -5], [6, -1000004]]",2.625625114887953,2.7078331913799047
forced-reply,phase3a,6,hints,2.598915947601199,2.5990000000035707,1.021515447724336,1478,1133,445,353,45,45,279,227,582,793,353,84,0,11,268,48,51332,42264,8332,92,66792,0,"[[3, -1000004], [2, -1000004], [4, -1000004], [1, -1000004], [5, -1000004], [0, -5], [6, -1000004]]",2.5766249746084213,2.648458117619157
forced-reply,phase3a,6,iterative,3.2911249436438084,3.2910000000043738,0.8066642358683673,1941,1540,578,479,85,85,367,315,815,1069,0,0,0,0,327,0,51456,50720,0,0,59020,0,"[[3, -1000004], [2, -1000004], [4, -1000004], [1, -1000004], [5, -1000004], [0, -5], [6, -1000004]]",3.2559579703956842,3.3637909218668938
forced-reply,phase3a,6,combined,2.5911249686032534,2.586000000007971,1.0245869342391636,1466,1088,436,344,48,48,271,224,540,778,429,91,0,11,262,48,48128,41764,5628,85,64536,0,"[[3, -1000004], [2, -1000004], [4, -1000004], [1, -1000004], [5, -1000004], [0, -5], [6, -1000004]]",2.563958056271076,2.69891694188118
forced-reply,phase3a,8,direct,14.427124988287687,14.42000000000121,1.0,8293,8293,2663,2663,632,632,1865,1865,4384,4384,0,0,0,16,1583,16,248622,247948,0,0,262804,0,"[[3, -1000006], [2, -1000006], [4, -1000006], [1, -1000006], [5, -1000006], [0, -2], [6, -1000006]]",14.380833134055138,14.468541834503412
forced-reply,phase3a,8,hints,10.597000131383538,10.590000000007649,1.3614348220645054,6050,4510,1798,1319,342,257,1126,811,2508,3323,1319,340,0,41,1028,212,162384,124600,37048,479,173536,0,"[[3, -1000006], [2, -1000006], [4, -1000006], [1, -1000006], [5, -1000006], [0, -2], [6, -1000006]]",10.564500000327826,10.662209009751678
forced-reply,phase3a,8,iterative,17.798040993511677,17.79200000000003,0.8106018518300488,10234,8293,3241,2663,717,632,2232,1865,4384,5453,0,0,0,16,1910,16,248684,247948,0,0,263760,0,"[[3, -1000006], [2, -1000006], [4, -1000006], [1, -1000006], [5, -1000006], [0, -2], [6, -1000006]]",17.723333090543747,17.829500138759613
forced-reply,phase3a,8,combined,10.55783312767744,10.553000000001589,1.3664854155031934,5997,4531,1776,1340,320,272,1114,843,2463,3241,1769,432,0,54,1024,259,158728,126224,31768,344,170224,0,"[[3, -1000006], [2, -1000006], [4, -1000006], [1, -1000006], [5, -1000006], [0, -2], [6, -1000006]]",10.522792115807533,10.645292000845075
forced-reply,phase3a,10,direct,54.16154093109071,54.12800000000573,1.0,30407,30407,10297,10297,3522,3522,7563,7563,13904,13904,0,0,0,83,6366,77,967722,967048,0,0,1009380,0,"[[3, -1000008], [2, -1000008], [4, -1000008], [1, -1000008], [5, -1000008], [0, -2], [6, -1000008]]",53.999583004042506,54.28479099646211
forced-reply,phase3a,10,hints,45.62908294610679,45.60200000000236,1.1869960436211646,25216,16923,8189,5526,2158,1526,5603,3738,8098,12482,5526,1313,0,229,4923,821,839388,661548,177104,2663,1012748,0,"[[3, -1000008], [2, -1000008], [4, -1000008], [1, -1000008], [5, -1000008], [0, -2], [6, -1000008]]",45.479458989575505,46.14595789462328
forced-reply,phase3a,10,iterative,71.81545882485807,71.76099999999508,0.7541766329611381,40641,30407,13538,10297,4239,3522,9795,7563,13904,19357,0,0,0,99,8276,93,967784,967048,0,0,1010684,0,"[[3, -1000008], [2, -1000008], [4, -1000008], [1, -1000008], [5, -1000008], [0, -2], [6, -1000008]]",71.76558300852776,72.33841600827873
forced-reply,phase3a,10,combined,50.08020903915167,50.03399999999658,1.0814959036762075,27823,21826,8917,7141,2278,1958,6052,4938,10707,13948,8910,1649,0,272,5292,1026,854828,765376,88716,1340,921056,0,"[[3, -1000008], [2, -1000008], [4, -1000008], [1, -1000008], [5, -1000008], [0, -2], [6, -1000008]]",49.92379108443856,50.24895793758333
double-threat-loss,phase3a,4,direct,0.19829091615974903,0.19800000001168883,1.0,81,81,38,38,0,0,32,32,0,0,0,0,0,0,32,0,4426,3752,0,0,9636,3,"[[3, 1000003], [2, -1000002], [4, -1000002], [1, -1000002], [5, -1000002], [0, -1000002], [6, -1000002]]",0.19179098308086395,0.20220805890858173
double-threat-loss,phase3a,4,hints,0.2712090499699116,0.27199999999538704,0.7311367971745331,130,81,44,38,0,0,32,32,0,32,38,6,0,0,32,0,5108,3752,648,6,10904,3,"[[3, 1000003], [2, -1000002], [4, -1000002], [1, -1000002], [5, -1000002], [0, -1000002], [6, -1000002]]",0.26920903474092484,0.27808290906250477
double-threat-loss,phase3a,4,iterative,0.2651249524205923,0.2649999999988495,0.7479149523624685,130,81,44,38,0,0,32,32,0,32,0,0,0,0,32,0,4488,3752,0,0,10312,3,"[[3, 1000003], [2, -1000002], [4, -1000002], [1, -1000002], [5, -1000002], [0, -1000002], [6, -1000002]]",0.25933305732905865,0.28129201382398605
double-threat-loss,phase3a,4,combined,0.2703338395804167,0.27000000000043656,0.7335038649527378,130,81,44,38,0,0,32,32,0,32,38,6,0,0,32,0,5108,3752,648,6,10904,3,"[[3, 1000003], [2, -1000002], [4, -1000002], [1, -1000002], [5, -1000002], [0, -1000002], [6, -1000002]]",0.2685829531401396,0.2766659017652273
double-threat-loss,phase3a,6,direct,0.19758404232561588,0.19700000000000273,1.0,81,81,38,38,0,0,32,32,0,0,0,0,0,0,32,0,4426,3752,0,0,9636,3,"[[3, 1000005], [2, -1000004], [4, -1000004], [1, -1000004], [5, -1000004], [0, -1000004], [6, -1000004]]",0.19216700457036495,0.21487497724592686
double-threat-loss,phase3a,6,hints,0.4077921621501446,0.40799999999308056,0.48452143190743235,162,81,76,38,0,0,64,32,0,0,38,38,0,0,64,32,7232,3752,2772,38,13000,3,"[[3, 1000005], [2, -1000004], [4, -1000004], [1, -1000004], [5, -1000004], [0, -1000004], [6, -1000004]]",0.39258296601474285,0.4306670743972063
double-threat-loss,phase3a,6,iterative,0.4455840680748224,0.4449999999991405,0.4434270802798039,211,81,82,38,0,0,64,32,0,32,0,0,0,0,64,0,4488,3752,0,0,10440,3,"[[3, 1000005], [2, -1000004], [4, -1000004], [1, -1000004], [5, -1000004], [0, -1000004], [6, -1000004]]",0.4388750530779362,0.46074995771050453
double-threat-loss,phase3a,6,combined,0.46983384527266026,0.4710000000045511,0.42054024909795773,211,81,82,38,0,0,64,32,0,32,76,44,0,0,64,32,7232,3752,2772,38,13256,3,"[[3, 1000005], [2, -1000004], [4, -1000004], [1, -1000004], [5, -1000004], [0, -1000004], [6, -1000004]]",0.4642498679459095,0.5600410513579845
double-threat-loss,phase3a,8,direct,0.19583292305469513,0.19700000000000273,1.0,81,81,38,38,0,0,32,32,0,0,0,0,0,0,32,0,4426,3752,0,0,9636,3,"[[3, 1000007], [2, -1000006], [4, -1000006], [1, -1000006], [5, -1000006], [0, -1000006], [6, -1000006]]",0.1918331254273653,0.1988750882446766
double-threat-loss,phase3a,8,hints,0.39108400233089924,0.39100000000757973,0.500743885936299,162,81,76,38,0,0,64,32,0,0,38,38,0,0,64,32,7232,3752,2772,38,13000,3,"[[3, 1000007], [2, -1000006], [4, -1000006], [1, -1000006], [5, -1000006], [0, -1000006], [6, -1000006]]",0.3873331006616354,0.4247089382261038
double-threat-loss,phase3a,8,iterative,0.6345408037304878,0.6339999999909196,0.3086214817130537,292,81,120,38,0,0,96,32,0,32,0,0,0,0,96,0,4488,3752,0,0,10728,3,"[[3, 1000007], [2, -1000006], [4, -1000006], [1, -1000006], [5, -1000006], [0, -1000006], [6, -1000006]]",0.6227500271052122,0.6433329544961452
double-threat-loss,phase3a,8,combined,0.6597498431801796,0.6599999999963302,0.29682905585960495,292,81,120,38,0,0,96,32,0,32,114,82,0,0,96,64,7232,3752,2772,38,15296,3,"[[3, 1000007], [2, -1000006], [4, -1000006], [1, -1000006], [5, -1000006], [0, -1000006], [6, -1000006]]",0.6586669478565454,0.6765830330550671
double-threat-loss,phase3a,10,direct,0.19645807333290577,0.19799999999747797,1.0,81,81,38,38,0,0,32,32,0,0,0,0,0,0,32,0,4426,3752,0,0,9636,3,"[[3, 1000009], [2, -1000008], [4, -1000008], [1, -1000008], [5, -1000008], [0, -1000008], [6, -1000008]]",0.1935411710292101,0.22466597147285938
double-threat-loss,phase3a,10,hints,0.3971247933804989,0.3969999999924312,0.49470110304765724,162,81,76,38,0,0,64,32,0,0,38,38,0,0,64,32,7232,3752,2772,38,13000,3,"[[3, 1000009], [2, -1000008], [4, -1000008], [1, -1000008], [5, -1000008], [0, -1000008], [6, -1000008]]",0.38691703230142593,0.40145893581211567
double-threat-loss,phase3a,10,iterative,0.8068750612437725,0.8069999999946731,0.2434801653555531,373,81,158,38,0,0,128,32,0,32,0,0,0,0,128,0,4488,3752,0,0,10952,3,"[[3, 1000009], [2, -1000008], [4, -1000008], [1, -1000008], [5, -1000008], [0, -1000008], [6, -1000008]]",0.8007909636944532,0.8543338626623154
double-threat-loss,phase3a,10,combined,0.8552090730518103,0.8550000000013824,0.22971935111942382,373,81,158,38,0,0,128,32,0,32,152,120,0,0,128,96,7232,3752,2772,38,15488,3,"[[3, 1000009], [2, -1000008], [4, -1000008], [1, -1000008], [5, -1000008], [0, -1000008], [6, -1000008]]",0.852957833558321,0.8696659933775663
dense-endgame,phase3a,4,direct,0.020666979253292084,0.021000000003823516,1.0,4,4,3,3,0,0,0,0,0,0,0,0,0,0,0,0,1018,372,0,0,5504,6,"[[6, 0]]",0.02033403143286705,0.02133287489414215
dense-endgame,phase3a,4,hints,0.02591707743704319,0.026000000005410584,0.7974270750047164,6,4,4,3,0,0,0,0,0,1,3,1,0,0,0,0,1372,372,292,1,6864,6,"[[6, 0]]",0.025166897103190422,0.027125002816319466
dense-endgame,phase3a,4,iterative,0.025833025574684143,0.02599999999119973,0.800021630975557,6,4,4,3,0,0,0,0,0,1,0,0,0,0,0,0,1080,372,0,0,6600,6,"[[6, 0]]",0.024750130251049995,0.026583904400467873
dense-endgame,phase3a,4,combined,0.026207882910966873,0.026000000005410584,0.788578738828379,6,4,4,3,0,0,0,0,0,1,3,1,0,0,0,0,1372,372,292,1,6864,6,"[[6, 0]]",0.025999965146183968,0.026583904400467873
dense-endgame,phase3a,6,direct,0.02150004729628563,0.02200000000129876,1.0,4,4,3,3,0,0,0,0,0,0,0,0,0,0,0,0,1018,372,0,0,5504,6,"[[6, 0]]",0.02079200930893421,0.023041153326630592
dense-endgame,phase3a,6,hints,0.032791867852211,0.03300000000194814,0.6556518034649247,8,4,6,3,0,0,0,0,0,0,3,3,0,0,0,0,1452,372,372,3,6944,6,"[[6, 0]]",0.032041920349001884,0.056499848142266273
dense-endgame,phase3a,6,iterative,0.03537489101290703,0.035999999994373866,0.6077770610923164,10,4,7,3,0,0,0,0,0,1,0,0,0,0,0,0,1080,372,0,0,6728,6,"[[6, 0]]",0.03483402542769909,0.046625034883618355
dense-endgame,phase3a,6,combined,0.03737513907253742,0.03700000000605996,0.5752499610652546,10,4,7,3,0,0,0,0,0,1,6,4,0,0,0,0,1452,372,372,3,7200,6,"[[6, 0]]",0.036499928683042526,0.04341593012213707
dense-endgame,phase3a,8,direct,0.0213750172406435,0.021999999987087904,1.0,4,4,3,3,0,0,0,0,0,0,0,0,0,0,0,0,1018,372,0,0,5504,6,"[[6, 0]]",0.02108304761350155,0.021750107407569885
dense-endgame,phase3a,8,hints,0.033250078558921814,0.03300000000194814,0.6428561425130245,8,4,6,3,0,0,0,0,0,0,3,3,0,0,0,0,1452,372,372,3,6944,6,"[[6, 0]]",0.033082906156778336,0.03420817665755749
dense-endgame,phase3a,8,iterative,0.045082997530698776,0.04500000000007276,0.4741259102411816,14,4,10,3,0,0,0,0,0,1,0,0,0,0,0,0,1080,372,0,0,6984,6,"[[6, 0]]",0.044042011722922325,0.04549999721348286
dense-endgame,phase3a,8,combined,0.047416891902685165,0.04799999999249849,0.4507890834454516,14,4,10,3,0,0,0,0,0,1,9,7,0,0,0,0,1452,372,372,3,7392,6,"[[6, 0]]",0.046791043132543564,0.048625050112605095
dense-endgame,phase3a,10,direct,0.02154102548956871,0.02200000000129876,1.0,4,4,3,3,0,0,0,0,0,0,0,0,0,0,0,0,1018,372,0,0,5504,6,"[[6, 0]]",0.020875129848718643,0.026208115741610527
dense-endgame,phase3a,10,hints,0.03374996595084667,0.03300000000194814,0.6382532510089338,8,4,6,3,0,0,0,0,0,0,3,3,0,0,0,0,1452,372,372,3,6944,6,"[[6, 0]]",0.033125048503279686,0.04083407111465931
dense-endgame,phase3a,10,iterative,0.05562487058341503,0.055000000003246896,0.3872552918081094,18,4,13,3,0,0,0,0,0,1,0,0,0,0,0,0,1080,372,0,0,7208,6,"[[6, 0]]",0.05437503568828106,0.05679205060005188
dense-endgame,phase3a,10,combined,0.05933409556746483,0.05900000000735872,0.36304632747078536,18,4,13,3,0,0,0,0,0,1,12,10,0,0,0,0,1452,372,372,3,7616,6,"[[6, 0]]",0.059125013649463654,0.06016693077981472
quiet-5,phase3a,4,direct,0.6473329849541187,0.6470000000007303,1.0,399,399,103,103,13,13,64,64,250,250,0,0,0,4,34,0,12366,11692,0,0,18624,4,"[[2, -28], [4, -21], [1, -22], [5, -31], [0, -1000000], [6, -32]]",0.645084073767066,0.6900830194354057
quiet-5,phase3a,4,hints,0.7370829116553068,0.7379999999983511,0.8782363214748368,441,400,113,107,9,9,65,65,250,285,107,6,0,6,35,0,13348,11964,648,6,19720,4,"[[2, -28], [4, -21], [1, -22], [5, -31], [0, -1000000], [6, -32]]",0.73208287358284,0.7712920196354389
quiet-5,phase3a,4,iterative,0.7102920208126307,0.70999999999799,0.9113617582434873,440,399,109,103,13,13,64,64,250,285,0,0,0,4,34,0,12428,11692,0,0,19064,4,"[[2, -28], [4, -21], [1, -22], [5, -31], [0, -1000000], [6, -32]]",0.7014579605311155,0.7159591186791658
quiet-5,phase3a,4,combined,0.7338339928537607,0.7339999999942393,0.8821245557687323,441,400,113,107,9,9,65,65,250,285,107,6,0,6,35,0,13348,11964,648,6,19720,4,"[[2, -28], [4, -21], [1, -22], [5, -31], [0, -1000000], [6, -32]]",0.7289170753210783,0.7825000211596489
quiet-5,phase3a,6,direct,3.919042181223631,3.913999999994644,1.0,2255,2255,678,678,201,201,490,490,1065,1065,0,0,0,20,286,18,65290,64616,0,0,73760,2,"[[2, -21], [4, -23], [1, -23], [5, -30], [0, -1000002], [6, -28]]",3.8927909918129444,3.980583045631647
quiet-5,phase3a,6,hints,4.045957932248712,4.0460000000024365,0.9686314704328767,2278,1879,694,591,135,122,467,403,920,1170,591,90,0,50,273,41,68412,58700,8976,103,76892,2,"[[2, -21], [4, -23], [1, -23], [5, -30], [0, -1000002], [6, -28]]",3.9786670822650194,4.104041960090399
quiet-5,phase3a,6,iterative,4.636541940271854,4.626999999999271,0.8452511012968095,2695,2255,787,678,214,201,554,490,1065,1350,0,0,0,24,320,18,65352,64616,0,0,74516,2,"[[2, -21], [4, -23], [1, -23], [5, -30], [0, -1000002], [6, -28]]",4.582416964694858,4.666582914069295
quiet-5,phase3a,6,combined,4.145708167925477,4.146000000005756,0.9453251465080161,2320,1879,704,591,131,122,468,403,920,1205,698,96,0,52,274,41,68572,58700,9136,107,77308,2,"[[2, -21], [4, -23], [1, -23], [5, -30], [0, -1000002], [6, -28]]",4.073916934430599,4.1745000053197145
quiet-5,phase3a,8,direct,12.139792088419199,12.135000000000673,1.0,6563,6563,2261,2261,824,824,1688,1688,2274,2274,0,0,0,66,1122,76,228230,227556,0,0,243144,2,"[[2, -17], [4, -20], [1, -22], [5, -22], [0, -1000004], [6, -25]]",12.128125177696347,12.190124951303005
quiet-5,phase3a,8,hints,11.970374966040254,11.962999999994395,1.0141530338740081,6495,4240,2169,1491,450,249,1489,999,1815,2880,1491,377,0,169,900,226,221704,175196,45772,678,261972,2,"[[2, -17], [4, -20], [1, -22], [5, -22], [0, -1000004], [6, -25]]",11.85970799997449,12.00995803810656
quiet-5,phase3a,8,iterative,16.73291577026248,16.724999999993884,0.7255036871693264,9258,6563,3048,2261,1038,824,2242,1688,2274,3624,0,0,0,90,1442,94,228292,227556,0,0,244092,2,"[[2, -17], [4, -20], [1, -22], [5, -22], [0, -1000004], [6, -25]]",16.638417029753327,16.773708164691925
quiet-5,phase3a,8,combined,12.270916951820254,12.261999999992668,0.9893141756304036,6624,4304,2215,1511,394,263,1491,1023,1822,3027,2209,472,0,203,908,243,219584,176556,42292,591,258812,2,"[[2, -17], [4, -20], [1, -22], [5, -22], [0, -1000004], [6, -25]]",12.195917079225183,12.589333113282919
quiet-5,phase3a,10,direct,20.886249840259552,20.842000000001804,1.0,10140,10140,4174,4174,1539,1539,3124,3124,2152,2152,0,0,0,112,2632,139,431462,430788,0,0,454272,2,"[[2, -18], [4, -1000000], [1, -1000000], [5, -1000000], [0, -1000006], [6, -1000000]]",20.728624891489744,20.939042093232274
quiet-5,phase3a,10,hints,24.591749999672174,24.591999999998393,0.8493193790819271,12327,5764,4739,2478,1269,445,3374,1686,1813,4087,2478,959,0,429,2547,701,406960,241948,164276,2261,423364,2,"[[2, -18], [4, -1000000], [1, -1000000], [5, -1000000], [0, -1000006], [6, -1000000]]",24.513750104233623,24.684750009328127
quiet-5,phase3a,10,iterative,37.63795900158584,37.61399999999071,0.5549251445695961,19398,10140,7222,4174,2577,1539,5366,3124,2152,5776,0,0,0,202,4074,233,431524,430788,0,0,455536,2,"[[2, -18], [4, -1000000], [1, -1000000], [5, -1000000], [0, -1000006], [6, -1000000]]",37.5411668792367,37.7934998832643
quiet-5,phase3a,10,combined,23.276958148926497,23.246999999997797,0.8972929240422594,11780,5156,4409,2194,786,392,2954,1463,1659,4686,4403,1320,0,523,2163,789,357648,222636,134276,1511,396904,2,"[[2, -18], [4, -1000000], [1, -1000000], [5, -1000000], [0, -1000006], [6, -1000000]]",23.131375201046467,23.43295910395682
supplement-main-003,phase3a,4,direct,1.1698331218212843,1.1689999999902057,1.0,746,746,158,158,46,46,89,89,540,540,0,0,0,9,47,0,15462,14788,0,0,20536,4,"[[3, 3], [2, -5], [4, 7], [1, -2], [5, 1], [0, -3], [6, -3]]",1.1444168630987406,1.2024170719087124
supplement-main-003,phase3a,4,hints,1.146000111475587,1.1449999999939564,1.020796691123363,713,659,151,144,30,30,77,77,483,530,144,7,0,15,40,1,15288,13864,688,7,20856,4,"[[3, 3], [2, -5], [4, 7], [1, -2], [5, 1], [0, -3], [6, -3]]",1.1252500116825104,1.1723327916115522
supplement-main-003,phase3a,4,iterative,1.2391251511871815,1.239999999995689,0.9440798782112446,800,746,165,158,46,46,89,89,540,587,0,0,0,9,47,0,15524,14788,0,0,21168,4,"[[3, 3], [2, -5], [4, 7], [1, -2], [5, 1], [0, -3], [6, -3]]",1.2212081346660852,1.2929998338222504
supplement-main-003,phase3a,4,combined,1.1456659995019436,1.1459999999914317,1.0210943873082092,713,659,151,144,30,30,77,77,483,530,144,7,0,15,40,1,15288,13864,688,7,20856,4,"[[3, 3], [2, -5], [4, 7], [1, -2], [5, 1], [0, -3], [6, -3]]",1.1262500192970037,1.1734161525964737
supplement-main-003,phase3a,6,direct,9.620666969567537,9.612999999987437,1.0,5647,5647,1422,1422,711,711,1027,1027,3399,3399,0,0,0,94,596,48,165634,164960,0,0,207600,4,"[[3, 6], [2, -6], [4, 13], [1, 0], [5, 5], [0, -1], [6, -1]]",9.558249963447452,9.744375012814999
supplement-main-003,phase3a,6,hints,7.378207985311747,7.367999999999597,1.3039300313463638,4240,3494,1128,970,336,290,722,633,2181,2721,970,120,0,135,480,78,110408,98768,10904,158,118896,4,"[[3, 6], [2, -6], [4, 13], [1, 0], [5, 5], [0, -1], [6, -1]]",7.34941684640944,7.43245892226696
supplement-main-003,phase3a,6,iterative,10.88925008662045,10.873000000003685,0.8835013332450127,6447,5647,1587,1422,757,711,1116,1027,3399,3986,0,0,0,103,643,48,165696,164960,0,0,208264,4,"[[3, 6], [2, -6], [4, 13], [1, 0], [5, 5], [0, -1], [6, -1]]",10.755083058029413,10.931500000879169
supplement-main-003,phase3a,6,combined,7.300249999389052,7.2959999999966385,1.317854452980744,4168,3455,1109,958,323,293,704,627,2149,2679,1102,126,0,140,465,77,109032,97952,10344,144,118120,4,"[[3, 6], [2, -6], [4, 13], [1, 0], [5, 5], [0, -1], [6, -1]]",7.218207931146026,7.4211659375578165
supplement-main-003,phase3a,8,direct,44.085250003263354,44.06999999999073,1.0,24897,24897,7303,7303,4032,4032,5624,5624,12416,12416,0,0,0,503,3627,283,769198,768524,0,0,822216,4,"[[3, 3], [2, -2], [4, 10], [1, 3], [5, 7], [0, 2], [6, 1]]",44.044166104868054,44.6516249794513
supplement-main-003,phase3a,8,hints,32.841167179867625,32.82700000001171,1.3423776859638716,18079,12432,5535,4113,1975,1264,3799,2772,6561,9960,4113,788,0,691,2683,500,542268,412220,129312,1422,562108,4,"[[3, 3], [2, -2], [4, 10], [1, 3], [5, 7], [0, 2], [6, 1]]",32.79195795767009,32.89716597646475
supplement-main-003,phase3a,8,iterative,54.98937494121492,54.95100000000264,0.8017048757217488,31344,24897,8890,7303,4789,4032,6740,5624,12416,16402,0,0,0,606,4270,331,769260,768524,0,0,823196,4,"[[3, 3], [2, -2], [4, 10], [1, 3], [5, 7], [0, 2], [6, 1]]",54.837208008393645,55.244541028514504
supplement-main-003,phase3a,8,combined,30.48691595904529,30.46799999999905,1.446038361587162,16636,12468,5290,4181,1550,1227,3608,2904,6558,9237,5283,823,0,632,2613,498,491144,416116,74292,958,511444,4,"[[3, 3], [2, -2], [4, 10], [1, 3], [5, 7], [0, 2], [6, 1]]",30.325250001624227,30.61404195614159
supplement-main-003,phase3a,10,direct,163.3785420563072,163.22900000000118,1.0,87810,87810,28395,28395,16340,16340,22427,22427,36833,36833,0,0,0,1901,15929,1248,3170822,3170148,0,0,3421960,4,"[[3, 10], [2, -2], [4, 14], [1, 6], [5, 9], [0, -1], [6, 4]]",162.85491711460054,209.55116697587073
supplement-main-003,phase3a,10,hints,116.23279191553593,116.1340000000024,1.405614881685292,61039,36142,20629,13326,8542,4510,15338,9714,16029,28445,13326,3266,0,2621,11494,2385,2034612,1454220,579656,7303,2227348,4,"[[3, 10], [2, -2], [4, 14], [1, 6], [5, 9], [0, -1], [6, 4]]",115.78587512485683,118.43479191884398
supplement-main-003,phase3a,10,iterative,218.2284581940621,218.12500000000057,0.7486582795311737,119154,87810,37285,28395,21129,16340,29167,22427,36833,53235,0,0,0,2507,20199,1579,3170884,3170148,0,0,3423256,4,"[[3, 10], [2, -2], [4, 14], [1, 6], [5, 9], [0, -1], [6, 4]]",217.3968330025673,218.9227498602122
supplement-main-003,phase3a,10,combined,111.46779195405543,111.40100000000075,1.4657017887610821,58042,41406,20259,14969,6886,5336,14549,10941,18591,27828,20252,3748,0,2452,11144,2416,1872088,1561016,310336,4181,1960776,4,"[[3, 10], [2, -2], [4, 14], [1, 6], [5, 9], [0, -1], [6, 4]]",111.21337488293648,112.72308300249279
seeded-00,seeded,4,direct,1.4383329544216394,1.4400000000023283,1.0,883,883,173,173,36,36,102,102,648,648,0,0,0,5,70,0,21742,21068,0,0,31944,3,"[[3, -15], [2, -18], [4, -16], [1, -18], [5, -29], [0, -23], [6, -23]]",1.415708102285862,1.4573750086128712
seeded-00,seeded,4,hints,1.4951250050216913,1.4950000000055752,0.9620151824032748,917,861,175,168,30,30,95,95,637,686,168,7,0,8,63,0,17592,16112,744,7,24024,3,"[[3, -15], [2, -18], [4, -16], [1, -18], [5, -29], [0, -23], [6, -23]]",1.4764589723199606,1.5165829099714756
seeded-00,seeded,4,iterative,1.502790953963995,1.502999999999588,0.9571078070623654,939,883,180,173,36,36,102,102,648,697,0,0,0,5,70,0,21804,21068,0,0,32384,3,"[[3, -15], [2, -18], [4, -16], [1, -18], [5, -29], [0, -23], [6, -23]]",1.4890828169882298,1.5145419165492058
seeded-00,seeded,4,combined,1.4807500410825014,1.4809999999982892,0.9713543234955084,917,861,175,168,30,30,95,95,637,686,168,7,0,8,63,0,17592,16112,744,7,24024,3,"[[3, -15], [2, -18], [4, -16], [1, -18], [5, -29], [0, -23], [6, -23]]",1.4679168816655874,1.5511249657720327
seeded-00,seeded,6,direct,11.83783309534192,11.8360000000024,1.0,7103,7103,1548,1548,620,620,1073,1073,4524,4524,0,0,0,52,662,19,178822,178148,0,0,214168,3,"[[3, -14], [2, -19], [4, -19], [1, -19], [5, -27], [0, -22], [6, -21]]",11.807624949142337,12.161249993368983
seeded-00,seeded,6,hints,10.97150007262826,10.954999999995607,1.0789621307003399,6477,5594,1479,1306,371,335,981,879,3663,4311,1306,142,0,91,654,75,141964,124864,16364,173,152884,3,"[[3, -14], [2, -19], [4, -19], [1, -19], [5, -27], [0, -22], [6, -21]]",10.88691595941782,11.192208155989647
seeded-00,seeded,6,iterative,13.28387507237494,13.284999999996217,0.8911430611057011,8042,7103,1728,1548,656,620,1175,1073,4524,5221,0,0,0,57,732,19,178884,178148,0,0,214832,3,"[[3, -14], [2, -19], [4, -19], [1, -19], [5, -27], [0, -22], [6, -21]]",13.21045821532607,13.454166008159518
seeded-00,seeded,6,combined,11.05837500654161,11.051000000009026,1.0704857710413347,6511,5594,1481,1306,365,335,974,879,3663,4349,1474,146,0,94,647,75,137148,124864,11548,168,148324,3,"[[3, -14], [2, -19], [4, -19], [1, -19], [5, -27], [0, -22], [6, -21]]",10.951082920655608,11.102624936029315
seeded-00,seeded,8,direct,62.00495781376958,61.993000000001075,1.0,35049,35049,8279,8279,3622,3622,6073,6073,20457,20457,0,0,0,304,3810,151,852366,851692,0,0,889664,3,"[[3, -13], [2, -18], [4, -18], [1, -22], [5, -27], [0, -24], [6, -23]]",59.91337518207729,62.275500036776066
seeded-00,seeded,8,hints,56.95991707034409,56.92900000001089,1.0885717712193117,31723,24620,7524,5976,2342,1722,5085,4012,15344,19868,5976,972,0,410,3281,591,832868,696208,135924,1548,972524,3,"[[3, -13], [2, -18], [4, -18], [1, -22], [5, -27], [0, -24], [6, -23]]",54.595167050138116,57.33991716988385
seeded-00,seeded,8,iterative,75.90575003996491,75.8909999999986,0.8168677311155417,43091,35049,10007,8279,4278,3622,7248,6073,20457,25678,0,0,0,361,4542,170,852428,851692,0,0,890644,3,"[[3, -13], [2, -18], [4, -18], [1, -22], [5, -27], [0, -24], [6, -23]]",72.67008302733302,76.69504219666123
seeded-00,seeded,8,combined,55.76441599987447,55.72700000000452,1.111909031987516,31438,24927,7438,5957,2002,1637,4942,3968,15777,20126,7431,1105,0,446,3159,595,785124,695028,89360,1306,926508,3,"[[3, -13], [2, -18], [4, -18], [1, -22], [5, -27], [0, -24], [6, -23]]",54.088500095531344,56.51095905341208
seeded-00,seeded,10,direct,240.10549997910857,239.95300000001407,1.0,134238,134238,34557,34557,17305,17305,26855,26855,70300,70300,0,0,0,1531,17337,882,3635898,3635224,0,0,3775344,3,"[[3, -10], [2, -17], [4, -20], [1, -23], [5, -30], [0, -25], [6, -25]]",235.27599987573922,245.38762494921684
seeded-00,seeded,10,hints,191.67245784774423,191.5599999999813,1.252686497972689,108144,73095,28064,19785,9655,6033,19970,13897,41520,61977,19785,4084,0,1803,13607,2670,2540928,1913956,626236,8279,2622580,3,"[[3, -10], [2, -17], [4, -20], [1, -23], [5, -30], [0, -25], [6, -25]]",189.94337506592274,198.95904115401208
seeded-00,seeded,10,iterative,309.15554193779826,308.85800000001495,0.7766495094156116,177329,134238,44564,34557,21583,17305,34103,26855,70300,95978,0,0,0,1892,21879,1052,3635960,3635224,0,0,3776640,3,"[[3, -10], [2, -17], [4, -20], [1, -23], [5, -30], [0, -25], [6, -25]]",306.5739590674639,321.5972911566496
seeded-00,seeded,10,combined,216.46129107102752,216.31599999999196,1.10923065639631,117499,86061,30670,23232,9445,7443,21593,16651,49001,69127,30663,5226,0,2116,14493,3125,3402520,2868428,533356,5957,3991896,3,"[[3, -10], [2, -17], [4, -20], [1, -23], [5, -30], [0, -25], [6, -25]]",209.07320780679584,218.16950011998415
seeded-01,seeded,4,direct,0.27791690081357956,0.2779999999802385,1.0,126,126,53,53,0,0,42,42,31,31,0,0,0,0,42,0,6542,5868,0,0,11980,3,"[[3, 1000003], [2, -1000002], [4, 10], [1, -1000002], [5, -1000002], [0, -1000002], [6, -1000002]]",0.27145794592797756,0.2912499476224184
seeded-01,seeded,4,hints,0.3529160749167204,0.3530000000182554,0.7874872259053691,175,126,59,53,0,0,42,42,31,68,53,6,0,0,42,0,7252,5868,648,6,13248,3,"[[3, 1000003], [2, -1000002], [4, 10], [1, -1000002], [5, -1000002], [0, -1000002], [6, -1000002]]",0.34962501376867294,0.36287494003772736
seeded-01,seeded,4,iterative,0.34491694532334805,0.3450000000100317,0.8057502090917621,175,126,59,53,0,0,42,42,31,68,0,0,0,0,42,0,6604,5868,0,0,12656,3,"[[3, 1000003], [2, -1000002], [4, 10], [1, -1000002], [5, -1000002], [0, -1000002], [6, -1000002]]",0.3417080733925104,0.352540984749794
seeded-01,seeded,4,combined,0.35224994644522667,0.35299999998983367,0.7889764175075451,175,126,59,53,0,0,42,42,31,68,53,6,0,0,42,0,7252,5868,648,6,13248,3,"[[3, 1000003], [2, -1000002], [4, 10], [1, -1000002], [5, -1000002], [0, -1000002], [6, -1000002]]",0.3491251263767481,0.35733310505747795
seeded-01,seeded,6,direct,0.8447498548775911,0.84500000002663,1.0,443,443,158,158,15,15,113,113,187,187,0,0,0,0,109,0,16050,15376,0,0,22096,3,"[[3, 1000005], [2, -1000004], [4, 9], [1, -1000004], [5, -1000004], [0, -1000004], [6, -1000004]]",0.81633310765028,0.8628750219941139
seeded-01,seeded,6,hints,1.1518748942762613,1.151999999990494,0.7333694475634517,569,443,211,158,15,15,155,113,187,218,158,53,0,0,151,40,20608,15376,4496,53,27152,3,"[[3, 1000005], [2, -1000004], [4, 9], [1, -1000004], [5, -1000004], [0, -1000004], [6, -1000004]]",1.1340000201016665,1.1599580757319927
seeded-01,seeded,6,iterative,1.1665001511573792,1.165999999983569,0.7241746638776227,618,443,217,158,15,15,155,113,187,255,0,0,0,0,151,0,16112,15376,0,0,22960,3,"[[3, 1000005], [2, -1000004], [4, 9], [1, -1000004], [5, -1000004], [0, -1000004], [6, -1000004]]",1.1443749535828829,1.185291912406683
seeded-01,seeded,6,combined,1.2230828870087862,1.2219999999842912,0.6906726141378207,618,443,217,158,15,15,155,113,187,255,211,59,0,0,151,40,20608,15376,4496,53,27408,3,"[[3, 1000005], [2, -1000004], [4, 9], [1, -1000004], [5, -1000004], [0, -1000004], [6, -1000004]]",1.2062080204486847,1.2561671901494265
seeded-01,seeded,8,direct,3.2185001764446497,3.219000000001415,1.0,1835,1835,568,568,123,123,384,384,910,910,0,0,0,0,336,0,56998,56324,0,0,64736,3,"[[3, 1000007], [2, -1000006], [4, 6], [1, -1000006], [5, -1000006], [0, -1000006], [6, -1000006]]",3.1814579851925373,3.2364169601351023
seeded-01,seeded,8,hints,4.105750005692244,4.100999999991473,0.7839006690574185,2215,1772,712,554,111,96,477,364,899,1086,554,151,0,10,429,106,67284,55400,11148,158,75244,3,"[[3, 1000007], [2, -1000006], [4, 6], [1, -1000006], [5, -1000006], [0, -1000006], [6, -1000006]]",4.078290890902281,4.13566711358726
seeded-01,seeded,8,iterative,4.383375169709325,4.384000000015931,0.7342515873807987,2453,1835,785,568,138,123,539,384,910,1165,0,0,0,0,487,0,57060,56324,0,0,65596,3,"[[3, 1000007], [2, -1000006], [4, 6], [1, -1000006], [5, -1000006], [0, -1000006], [6, -1000006]]",4.355499986559153,4.389542154967785
seeded-01,seeded,8,combined,4.474167013540864,4.473000000018601,0.7193518182723185,2390,1772,771,554,111,96,519,364,899,1154,765,210,0,10,471,146,67284,55400,11148,158,75692,3,"[[3, 1000007], [2, -1000006], [4, 6], [1, -1000006], [5, -1000006], [0, -1000006], [6, -1000006]]",4.437749972566962,4.5221669133752584
seeded-01,seeded,10,direct,9.818333201110363,9.810000000015862,1.0,5221,5221,1796,1796,691,691,1291,1291,2033,2033,0,0,0,5,1113,17,193614,192940,0,0,211688,3,"[[3, 1000009], [2, -1000008], [4, 4], [1, -1000008], [5, -1000008], [0, -1000008], [6, -1000008]]",9.769416181370616,9.855207987129688
seeded-01,seeded,10,hints,12.442750157788396,12.43099999999231,0.789080635438516,6512,4677,2231,1663,606,483,1543,1159,1911,2821,1663,517,0,57,1374,325,225920,183840,41344,568,253852,3,"[[3, 1000009], [2, -1000008], [4, 4], [1, -1000008], [5, -1000008], [0, -1000008], [6, -1000008]]",12.380207888782024,12.520499993115664
seeded-01,seeded,10,iterative,14.159708051010966,14.148000000005823,0.6933994094891921,7674,5221,2581,1796,829,691,1830,1291,2033,3198,0,0,0,5,1600,17,193676,192940,0,0,212828,3,"[[3, 1000009], [2, -1000008], [4, 4], [1, -1000008], [5, -1000008], [0, -1000008], [6, -1000008]]",14.138958882540464,14.25837492570281
seeded-01,seeded,10,combined,13.731792103499174,13.723999999996295,0.7150074168839498,7067,4677,2434,1663,594,483,1678,1159,1911,3065,2428,727,0,67,1509,471,225360,183840,40784,554,253964,3,"[[3, 1000009], [2, -1000008], [4, 4], [1, -1000008], [5, -1000008], [0, -1000008], [6, -1000008]]",13.647832907736301,13.744208961725235
seeded-02,seeded,4,direct,0.4596670623868704,0.46000000000390173,1.0,232,232,93,93,20,20,71,71,42,42,0,0,0,0,71,0,11686,11012,0,0,18528,6,"[[3, -1000002], [2, -1000000], [4, -1000000], [1, -1000000], [5, -1000000], [0, -1000000], [6, 1000003]]",0.4479580093175173,0.4846658557653427
seeded-02,seeded,4,hints,0.5156251136213541,0.5160000000046239,0.8914753184896729,264,215,94,88,13,13,68,68,49,90,88,6,0,5,68,0,12084,10672,676,6,19976,6,"[[3, -1000002], [2, -1000000], [4, -1000000], [1, -1000000], [5, -1000000], [0, -1000000], [6, 1000003]]",0.5104588344693184,0.6448749918490648
seeded-02,seeded,4,iterative,0.532875070348382,0.5330000000185464,0.8626169396259242,281,232,99,93,20,20,71,71,42,83,0,0,0,0,71,0,11748,11012,0,0,18968,6,"[[3, -1000002], [2, -1000000], [4, -1000000], [1, -1000000], [5, -1000000], [0, -1000000], [6, 1000003]]",0.5195841658860445,0.5512498319149017
seeded-02,seeded,4,combined,0.5198328290134668,0.5199999999945248,0.8842593940425456,264,215,94,88,13,13,68,68,49,90,88,6,0,5,68,0,12084,10672,676,6,19976,6,"[[3, -1000002], [2, -1000000], [4, -1000000], [1, -1000000], [5, -1000000], [0, -1000000], [6, 1000003]]",0.5089580081403255,0.5602501332759857
seeded-02,seeded,6,direct,1.0455839801579714,1.0460000000023228,1.0,527,527,167,167,20,20,108,108,251,251,0,0,0,0,108,0,16718,16044,0,0,22912,6,"[[3, -1000004], [2, -1000002], [4, -1000002], [1, -1000002], [5, -1000002], [0, -1000002], [6, 1000005]]",1.0258748661726713,1.0836669243872166
seeded-02,seeded,6,hints,1.4388752169907093,1.439000000004853,0.7266675857721182,709,477,240,147,30,10,164,93,251,293,147,73,0,5,164,56,23744,14684,8324,93,30480,6,"[[3, -1000004], [2, -1000002], [4, -1000002], [1, -1000002], [5, -1000002], [0, -1000002], [6, 1000005]]",1.4153749216347933,1.4635829720646143
seeded-02,seeded,6,iterative,1.5776250511407852,1.5779999999949723,0.6627582259814565,808,527,266,167,40,20,179,108,251,334,0,0,0,0,179,0,16780,16044,0,0,23688,6,"[[3, -1000004], [2, -1000002], [4, -1000002], [1, -1000002], [5, -1000002], [0, -1000002], [6, 1000005]]",1.571208005771041,1.6234160866588354
seeded-02,seeded,6,combined,1.5079998411238194,1.508000000001175,0.6933581500769669,741,477,241,147,23,10,161,93,251,341,235,79,0,10,161,56,23544,14684,8124,88,30536,6,"[[3, -1000004], [2, -1000002], [4, -1000002], [1, -1000002], [5, -1000002], [0, -1000002], [6, 1000005]]",1.482709078118205,1.5717078931629658
seeded-02,seeded,8,direct,2.602292224764824,2.6029999999934716,1.0,1328,1328,421,421,110,110,269,269,573,573,0,0,0,0,269,0,47730,47056,0,0,58216,6,"[[3, -1000006], [2, -1000004], [4, -1000004], [1, -1000004], [5, -1000004], [0, -1000004], [6, 1000007]]",2.5787909980863333,2.644958905875683
seeded-02,seeded,8,hints,3.6668749526143074,3.663999999986345,0.7096757479852193,1805,1278,568,401,120,100,362,254,573,824,401,147,0,16,362,93,57800,45696,11368,167,70184,6,"[[3, -1000006], [2, -1000004], [4, -1000004], [1, -1000004], [5, -1000004], [0, -1000004], [6, 1000007]]",3.6302090156823397,3.7222919054329395
seeded-02,seeded,8,iterative,4.138167016208172,4.137999999983322,0.6288514249357969,2136,1328,687,421,150,110,448,269,573,907,0,0,0,0,448,0,47792,47056,0,0,59072,6,"[[3, -1000006], [2, -1000004], [4, -1000004], [1, -1000004], [5, -1000004], [0, -1000004], [6, 1000007]]",4.114208044484258,4.173875087872148
seeded-02,seeded,8,combined,4.148749867454171,4.148999999983971,0.6272473173615762,2019,1278,642,401,123,100,415,254,573,914,636,226,0,26,415,149,56972,45696,10540,147,69832,6,"[[3, -1000006], [2, -1000004], [4, -1000004], [1, -1000004], [5, -1000004], [0, -1000004], [6, 1000007]]",4.095291951671243,4.159542033448815
seeded-02,seeded,10,direct,4.865166964009404,4.864999999995234,1.0,2290,2290,835,835,367,367,585,585,516,516,0,0,0,0,585,0,94406,93732,0,0,111728,6,"[[3, -1000008], [2, -1000006], [4, -1000006], [1, -1000006], [5, -1000006], [0, -1000006], [6, 1000009]]",4.823833936825395,4.962165839970112
seeded-02,seeded,10,hints,7.692832965403795,7.685000000009268,0.632428519621969,3568,2240,1236,815,467,357,839,570,516,1089,815,401,0,32,839,254,128488,92372,35380,421,148076,6,"[[3, -1000008], [2, -1000006], [4, -1000006], [1, -1000006], [5, -1000006], [0, -1000006], [6, 1000009]]",7.653708104044199,7.7403339091688395
seeded-02,seeded,10,iterative,9.040165925398469,9.034999999983029,0.5381723083578203,4426,2290,1522,835,517,367,1033,585,516,1423,0,0,0,0,1033,0,94468,93732,0,0,112868,6,"[[3, -1000008], [2, -1000006], [4, -1000006], [1, -1000006], [5, -1000006], [0, -1000006], [6, 1000009]]",8.93166707828641,9.326041908934712
seeded-02,seeded,10,combined,9.11629106849432,9.107000000000198,0.5336783267949071,4259,2240,1457,815,480,357,985,570,516,1430,1451,627,0,60,985,403,127688,92372,34580,401,147916,6,"[[3, -1000008], [2, -1000006], [4, -1000006], [1, -1000006], [5, -1000006], [0, -1000006], [6, 1000009]]",8.904207963496447,9.249249938875437
seeded-03,seeded,4,direct,0.30579185113310814,0.3059999999948104,1.0,148,148,60,60,0,0,46,46,47,47,0,0,0,0,46,0,7018,6344,0,0,12388,5,"[[3, -1000002], [2, 6], [4, -1000002], [1, -1000002], [5, 1000003], [0, -1000002], [6, -1000002]]",0.3013329114764929,0.3422081936150789
seeded-03,seeded,4,hints,0.36700000055134296,0.3670000000113305,0.8332203015632643,184,136,60,54,0,0,41,41,41,77,54,6,0,1,41,0,7320,5936,648,6,13288,5,"[[3, -1000002], [2, 6], [4, -1000002], [1, -1000002], [5, 1000003], [0, -1000002], [6, -1000002]]",0.36462489515542984,0.38533308543264866
seeded-03,seeded,4,iterative,0.37841685116291046,0.3790000000094551,0.8080820137723284,196,148,66,60,0,0,46,46,47,83,0,0,0,0,46,0,7080,6344,0,0,13056,5,"[[3, -1000002], [2, 6], [4, -1000002], [1, -1000002], [5, 1000003], [0, -1000002], [6, -1000002]]",0.3707499708980322,0.39224978536367416
seeded-03,seeded,4,combined,0.37191715091466904,0.37100000000123146,0.8222042204320597,184,136,60,54,0,0,41,41,41,77,54,6,0,1,41,0,7320,5936,648,6,13288,5,"[[3, -1000002], [2, 6], [4, -1000002], [1, -1000002], [5, 1000003], [0, -1000002], [6, -1000002]]",0.3665830008685589,0.382124911993742
seeded-03,seeded,6,direct,0.9390839841216803,0.9349999999983538,1.0,478,478,185,185,30,30,133,133,188,188,0,0,0,0,132,0,22082,21408,0,0,31568,5,"[[3, -1000004], [2, 9], [4, -1000004], [1, -1000004], [5, 1000005], [0, -1000004], [6, -1000004]]",0.905750086531043,0.9458339773118496
seeded-03,seeded,6,hints,1.121334033086896,1.1220000000093933,0.8374703312415271,557,409,215,155,20,20,152,106,173,220,155,54,0,2,151,41,20376,14864,4776,60,26768,5,"[[3, -1000004], [2, 9], [4, -1000004], [1, -1000004], [5, 1000005], [0, -1000004], [6, -1000004]]",1.101332949474454,1.1567501351237297
seeded-03,seeded,6,iterative,1.2778749223798513,1.2779999999850133,0.7348794218238327,674,478,251,185,30,30,179,133,188,271,0,0,0,0,178,0,22144,21408,0,0,32200,5,"[[3, -1000004], [2, 9], [4, -1000004], [1, -1000004], [5, 1000005], [0, -1000004], [6, -1000004]]",1.2633749283850193,1.338958041742444
seeded-03,seeded,6,combined,1.186333131045103,1.1859999999899173,0.7915853983563553,593,409,215,155,20,20,147,106,173,250,209,60,0,3,146,41,20136,14864,4536,54,26784,5,"[[3, -1000004], [2, 9], [4, -1000004], [1, -1000004], [5, 1000005], [0, -1000004], [6, -1000004]]",1.1591669172048569,1.228625187650323
seeded-03,seeded,8,direct,3.418833948671818,3.4190000000080545,1.0,1801,1801,618,618,250,250,440,440,743,743,0,0,0,19,402,13,60594,59920,0,0,68808,5,"[[3, -1000006], [2, 1000001], [4, -1000006], [1, -1000006], [5, 1000007], [0, -1000006], [6, -1000006]]",3.370082937180996,3.5754169803112745
seeded-03,seeded,8,hints,3.910208120942116,3.910000000018954,0.8743355450471758,1967,1489,710,525,219,189,502,369,627,815,525,155,0,23,477,112,71316,53708,16872,185,79560,5,"[[3, -1000006], [2, 1000001], [4, -1000006], [1, -1000006], [5, 1000007], [0, -1000006], [6, -1000006]]",3.8667500484734774,3.9912909269332886
seeded-03,seeded,8,iterative,4.66487486846745,4.664999999988595,0.7328886722732192,2475,1801,869,618,280,250,619,440,743,1014,0,0,0,19,580,13,60656,59920,0,0,69664,5,"[[3, -1000006], [2, 1000001], [4, -1000006], [1, -1000006], [5, 1000007], [0, -1000006], [6, -1000006]]",4.620499908924103,4.719875054433942
seeded-03,seeded,8,combined,4.190708044916391,4.190999999991618,0.8158129633533149,2082,1489,740,525,209,189,516,369,627,877,734,215,0,26,491,153,65500,53708,11056,155,74192,5,"[[3, -1000006], [2, 1000001], [4, -1000006], [1, -1000006], [5, 1000007], [0, -1000006], [6, -1000006]]",4.116165917366743,4.222000017762184
seeded-03,seeded,10,direct,11.408000020310283,11.397999999985586,1.0,5772,5772,2112,2112,1192,1192,1641,1641,1876,1876,0,0,0,92,1459,83,215466,214792,0,0,229448,5,"[[3, -1000008], [2, 1000003], [4, -1000008], [1, -1000008], [5, 1000009], [0, -1000008], [6, -1000008]]",11.318917153403163,11.467541800811887
seeded-03,seeded,10,hints,9.29116690531373,9.289999999992915,1.2278328585170406,4538,2737,1729,1111,645,395,1201,761,914,1657,1111,460,0,123,1163,329,155292,111156,43400,618,166300,5,"[[3, -1000008], [2, 1000003], [4, -1000008], [1, -1000008], [5, 1000009], [0, -1000008], [6, -1000008]]",9.19554103165865,9.327834006398916
seeded-03,seeded,10,iterative,16.072875121608377,16.06599999999503,0.7097672279537197,8247,5772,2981,2112,1472,1192,2260,1641,1876,2890,0,0,0,111,2039,96,215528,214792,0,0,230588,5,"[[3, -1000008], [2, 1000003], [4, -1000008], [1, -1000008], [5, 1000009], [0, -1000008], [6, -1000008]]",15.968041960150003,16.13229187205434
seeded-03,seeded,10,combined,10.099833831191063,10.081000000013773,1.129523535830782,4829,2747,1856,1116,600,391,1280,764,922,1799,1850,675,0,129,1255,469,151884,111468,39680,525,163516,5,"[[3, -1000008], [2, 1000003], [4, -1000008], [1, -1000008], [5, 1000009], [0, -1000008], [6, -1000008]]",10.036000050604343,10.141249978914857
seeded-04,seeded,4,direct,1.5419579576700926,1.5420000000005984,1.0,992,992,215,215,32,32,116,116,739,739,0,0,0,2,72,0,24178,23504,0,0,30504,5,"[[3, -6], [2, -5], [4, -4], [1, -1], [5, 0], [0, -4], [6, -6]]",1.510542118921876,1.5523338224738836
seeded-04,seeded,4,hints,1.3332499656826258,1.3329999999882602,1.1565407818185152,835,779,171,164,10,10,80,80,599,648,164,7,0,6,51,0,17012,15616,688,7,22648,5,"[[3, -6], [2, -5], [4, -4], [1, -1], [5, 0], [0, -4], [6, -6]]",1.3145830016583204,1.365375006571412
seeded-04,seeded,4,iterative,1.620749942958355,1.6200000000026193,0.9513854770561069,1048,992,222,215,32,32,116,116,739,788,0,0,0,2,72,0,24240,23504,0,0,30944,5,"[[3, -6], [2, -5], [4, -4], [1, -1], [5, 0], [0, -4], [6, -6]]",1.5960419550538063,1.6438330058008432
seeded-04,seeded,4,combined,1.3319998979568481,1.331999999990785,1.1576261830314691,835,779,171,164,10,10,80,80,599,648,164,7,0,6,51,0,17012,15616,688,7,22648,5,"[[3, -6], [2, -5], [4, -4], [1, -1], [5, 0], [0, -4], [6, -6]]",1.3202500995248556,1.3740828726440668
seeded-04,seeded,6,direct,13.87412496842444,13.870999999994638,1.0,8304,8304,2241,2241,620,620,1577,1577,5261,5261,0,0,0,42,1035,29,220094,219420,0,0,231792,1,"[[3, -6], [2, -6], [4, -5], [1, -2], [5, -3], [0, -5], [6, -6]]",13.80787487141788,13.990249950438738
seeded-04,seeded,6,hints,9.700875030830503,9.699000000011893,1.4301931448792884,5796,4804,1469,1254,177,145,901,785,3303,4042,1254,135,0,87,640,74,137140,118416,18016,215,146180,1,"[[3, -6], [2, -6], [4, -5], [1, -2], [5, -3], [0, -5], [6, -6]]",9.673541877418756,9.79729206301272
seeded-04,seeded,6,iterative,15.515124890953302,15.51200000000108,0.8942322453694387,9352,8304,2463,2241,652,620,1693,1577,5261,6049,0,0,0,44,1107,29,220156,219420,0,0,232580,1,"[[3, -6], [2, -6], [4, -5], [1, -2], [5, -3], [0, -5], [6, -6]]",15.472082886844873,15.58950007893145
seeded-04,seeded,6,combined,9.978125104680657,9.968000000014854,1.390454100632212,5865,5030,1492,1321,168,158,920,840,3445,4093,1485,143,0,91,656,76,134788,122692,11360,164,144252,1,"[[3, -6], [2, -6], [4, -5], [1, -2], [5, -3], [0, -5], [6, -6]]",9.862957987934351,10.011000093072653
seeded-04,seeded,8,direct,89.10379093140364,89.06500000000506,1.0,50920,50920,15094,15094,5178,5178,11381,11381,28589,28589,0,0,0,363,8092,259,1574950,1574276,0,0,1638440,2,"[[3, -10], [2, -3], [4, -6], [1, -4], [5, -3], [0, -5], [6, -7]]",88.9964159578085,89.26012506708503
seeded-04,seeded,8,hints,59.9265000782907,59.888999999998305,1.4868846139019365,33918,25614,9759,7518,2067,1447,6802,5225,15719,20980,7518,1036,0,583,4958,681,951836,787596,163504,2241,989724,2,"[[3, -10], [2, -3], [4, -6], [1, -4], [5, -3], [0, -5], [6, -7]]",59.73691702820361,60.00612489879131
seeded-04,seeded,8,iterative,104.5107920654118,104.45699999999647,0.8525798070273437,60272,50920,17557,15094,5830,5178,13074,11381,28589,34638,0,0,0,407,9199,288,1575012,1574276,0,0,1639420,2,"[[3, -10], [2, -3], [4, -6], [1, -4], [5, -3], [0, -5], [6, -7]]",104.40733307041228,105.13954097405076
seeded-04,seeded,8,combined,62.18891590833664,62.15699999998492,1.4327921564469492,34990,29125,10181,8689,2034,1866,7032,6112,17451,21544,10174,1110,0,556,5241,657,954056,863472,89848,1321,990468,2,"[[3, -10], [2, -3], [4, -6], [1, -4], [5, -3], [0, -5], [6, -7]]",62.04124982468784,62.62120814062655
seeded-04,seeded,10,direct,454.22304095700383,453.90199999999936,1.0,253274,253274,78484,78484,29767,29767,61262,61262,130691,130691,0,0,0,2239,43920,1430,7774706,7774032,0,0,8066208,5,"[[3, -13], [2, -6], [4, -9], [1, -5], [5, -3], [0, -7], [6, -5]]",454.0617500897497,457.47895794920623
seeded-04,seeded,10,hints,349.9198341742158,349.7299999999939,1.2980774354472808,190378,139458,59814,44720,16313,11135,44195,32814,76488,105077,44720,6105,0,3014,33223,4233,6756432,5561996,1193700,15094,8165524,5,"[[3, -13], [2, -6], [4, -9], [1, -5], [5, -3], [0, -7], [6, -5]]",348.0794171337038,353.02599985152483
seeded-04,seeded,10,iterative,558.804958825931,558.4209999999814,0.8128471907467367,313546,253274,96041,78484,35597,29767,74336,61262,130691,165329,0,0,0,2646,53119,1718,7774768,7774032,0,0,8067504,5,"[[3, -13], [2, -6], [4, -9], [1, -5], [5, -3], [0, -7], [6, -5]]",557.6705420389771,561.5327910054475
seeded-04,seeded,10,combined,315.43516693636775,315.2690000000007,1.4399885889978574,171547,136557,53774,43593,12694,10660,38914,31882,74989,96533,53767,6691,0,2795,29574,4221,4822120,4178804,642580,8689,4987792,5,"[[3, -13], [2, -6], [4, -9], [1, -5], [5, -3], [0, -7], [6, -5]]",314.82529221102595,317.46149994432926
seeded-05,seeded,4,direct,0.7807500660419464,0.7820000000151595,1.0,473,473,114,114,0,0,56,56,311,311,0,0,0,0,52,0,13086,12412,0,0,18744,4,"[[3, -1000002], [2, -1000002], [4, -1], [1, -1000002], [5, -1000002], [0, -1000002], [6, -1000002]]",0.7747921627014875,0.7927911356091499
seeded-05,seeded,4,hints,0.8993749506771564,0.9009999999989304,0.8681029702396146,529,473,121,114,0,0,56,56,311,354,114,7,0,0,52,0,13836,12412,688,7,19944,4,"[[3, -1000002], [2, -1000002], [4, -1], [1, -1000002], [5, -1000002], [0, -1000002], [6, -1000002]]",0.8927078451961279,0.9216659236699343
seeded-05,seeded,4,iterative,0.8658748120069504,0.8660000000020318,0.9016893149164378,529,473,121,114,0,0,56,56,311,354,0,0,0,0,52,0,13148,12412,0,0,19312,4,"[[3, -1000002], [2, -1000002], [4, -1], [1, -1000002], [5, -1000002], [0, -1000002], [6, -1000002]]",0.8564998861402273,0.9017919655889273
seeded-05,seeded,4,combined,0.8983749430626631,0.8980000000065047,0.8690692812293718,529,473,121,114,0,0,56,56,311,354,114,7,0,0,52,0,13836,12412,688,7,19944,4,"[[3, -1000002], [2, -1000002], [4, -1], [1, -1000002], [5, -1000002], [0, -1000002], [6, -1000002]]",0.8905830327421427,0.9313330519944429
seeded-05,seeded,6,direct,4.529333906248212,4.528999999990901,1.0,2701,2701,696,696,108,108,397,397,1618,1618,0,0,0,0,330,0,84114,83440,0,0,109600,4,"[[3, -1000004], [2, -1000004], [4, -3], [1, -1000004], [5, -1000004], [0, -1000004], [6, -1000004]]",4.500332986935973,4.556791856884956
seeded-05,seeded,6,hints,5.086416844278574,5.085999999977275,0.890476350034702,2849,2376,772,658,97,97,436,380,1345,1656,658,105,0,9,389,47,72480,62500,9244,114,80944,4,"[[3, -1000004], [2, -1000004], [4, -3], [1, -1000004], [5, -1000004], [0, -1000004], [6, -1000004]]",5.051709013059735,5.133500089868903
seeded-05,seeded,6,iterative,5.375874927267432,5.377000000009957,0.8425296286702267,3230,2701,817,696,108,108,453,397,1618,1972,0,0,0,0,382,0,84176,83440,0,0,110264,4,"[[3, -1000004], [2, -1000004], [4, -3], [1, -1000004], [5, -1000004], [0, -1000004], [6, -1000004]]",5.350500112399459,5.393750034272671
seeded-05,seeded,6,combined,5.204792134463787,5.199000000004617,0.8702237840118541,2905,2376,779,658,97,97,436,380,1345,1699,772,112,0,9,389,47,72480,62500,9244,114,81200,4,"[[3, -1000004], [2, -1000004], [4, -3], [1, -1000004], [5, -1000004], [0, -1000004], [6, -1000004]]",5.175084108486772,5.230166018009186
seeded-05,seeded,8,direct,15.244959155097604,15.234000000020842,1.0,8475,8475,2700,2700,770,770,1758,1758,3909,3909,0,0,0,6,1565,7,255310,254636,0,0,270976,4,"[[3, -1000006], [2, -1000006], [4, -3], [1, -1000006], [5, -1000006], [0, -1000006], [6, -1000006]]",15.098459087312222,15.75424987822771
seeded-05,seeded,8,hints,20.286875078454614,20.267999999987296,0.7514690703295303,11057,8356,3352,2656,741,633,2093,1696,4070,5688,2656,536,0,69,1817,282,316004,251168,64100,696,332620,4,"[[3, -1000006], [2, -1000006], [4, -3], [1, -1000006], [5, -1000006], [0, -1000006], [6, -1000006]]",20.210665883496404,35.67337500862777
seeded-05,seeded,8,iterative,20.614915993064642,20.610000000004902,0.7395110977035453,11705,8475,3517,2700,878,770,2211,1758,3909,5881,0,0,0,6,1947,7,255372,254636,0,0,271924,4,"[[3, -1000006], [2, -1000006], [4, -3], [1, -1000006], [5, -1000006], [0, -1000006], [6, -1000006]]",20.51599998958409,20.72666701860726
seeded-05,seeded,8,combined,20.658332854509354,20.651999999984127,0.7379568943178246,11068,8163,3369,2590,730,633,2085,1649,3954,5653,3362,649,0,77,1843,318,291876,246904,44236,658,308676,4,"[[3, -1000006], [2, -1000006], [4, -3], [1, -1000006], [5, -1000006], [0, -1000006], [6, -1000006]]",20.52204101346433,20.80820919945836
seeded-05,seeded,10,direct,53.629959002137184,53.599000000019714,1.0,28891,28891,9961,9961,3328,3328,6967,6967,12072,12072,0,0,0,52,5967,54,959014,958340,0,0,1001736,4,"[[3, -1000008], [2, -1000008], [4, -4], [1, -1000008], [5, -1000008], [0, -1000008], [6, -1000008]]",53.2403748948127,54.09862496890128
seeded-05,seeded,10,hints,53.56208304874599,53.50599999999872,1.0012672388661477,27650,19175,9371,6671,2883,2113,6238,4480,7773,11682,6671,1764,0,226,5621,1049,919824,740696,178392,2700,1015348,4,"[[3, -1000008], [2, -1000008], [4, -4], [1, -1000008], [5, -1000008], [0, -1000008], [6, -1000008]]",53.28120803460479,54.020665818825364
seeded-05,seeded,10,iterative,74.41399991512299,74.35399999999959,0.7206971680504718,40596,28891,13478,9961,4206,3328,9178,6967,12072,17953,0,0,0,58,7914,61,959076,958340,0,0,1003000,4,"[[3, -1000008], [2, -1000008], [4, -4], [1, -1000008], [5, -1000008], [0, -1000008], [6, -1000008]]",74.12812509573996,74.86224989406765
seeded-05,seeded,10,combined,64.59804205223918,64.49999999998113,0.8302102865403828,33318,22250,10807,7438,2920,2190,6998,4913,9747,15400,10800,2530,0,344,6112,1417,965380,790304,174340,2590,1008144,4,"[[3, -1000008], [2, -1000008], [4, -4], [1, -1000008], [5, -1000008], [0, -1000008], [6, -1000008]]",63.6617501731962,65.00325002707541
seeded-06,seeded,4,direct,0.5115419626235962,0.5110000000172477,1.0,307,307,76,76,0,0,37,37,153,153,0,0,0,0,37,0,8106,7432,0,0,13808,3,"[[3, -1000002], [2, -1000002], [4, -1000002], [1, -1000002], [5, -1000002], [0, -1000002], [6, -1000002]]",0.5017498042434454,0.5475000943988562
seeded-06,seeded,4,hints,0.6163751240819693,0.6160000000079435,0.8299198696337529,363,307,83,76,0,0,37,37,153,190,76,7,0,0,37,0,8856,7432,688,7,14976,3,"[[3, -1000002], [2, -1000002], [4, -1000002], [1, -1000002], [5, -1000002], [0, -1000002], [6, -1000002]]",0.6062921602278948,0.6725001148879528
seeded-06,seeded,4,iterative,0.5917500238865614,0.5929999999807478,0.8644561757071579,363,307,83,76,0,0,37,37,153,190,0,0,0,0,37,0,8168,7432,0,0,14344,3,"[[3, -1000002], [2, -1000002], [4, -1000002], [1, -1000002], [5, -1000002], [0, -1000002], [6, -1000002]]",0.5822079256176949,0.621875049546361
seeded-06,seeded,4,combined,0.6101250182837248,0.6109999999921456,0.8384215485255109,363,307,83,76,0,0,37,37,153,190,76,7,0,0,37,0,8856,7432,688,7,14976,3,"[[3, -1000002], [2, -1000002], [4, -1000002], [1, -1000002], [5, -1000002], [0, -1000002], [6, -1000002]]",0.6055841222405434,0.6520419847220182
seeded-06,seeded,6,direct,1.7282499466091394,1.727999999985741,1.0,1005,1005,283,283,54,54,145,145,427,427,0,0,0,0,145,0,29222,28548,0,0,36320,3,"[[3, -1000004], [2, -1000004], [4, -1000004], [1, -1000004], [5, -1000004], [0, -1000004], [6, -1000004]]",1.7006250564008951,1.753749791532755
seeded-06,seeded,6,hints,2.34112492762506,2.3410000000012587,0.738213465764235,1312,1005,359,283,54,54,182,145,427,580,283,76,0,0,182,37,34672,28548,5388,76,42096,3,"[[3, -1000004], [2, -1000004], [4, -1000004], [1, -1000004], [5, -1000004], [0, -1000004], [6, -1000004]]",2.298833103850484,2.389125060290098
seeded-06,seeded,6,iterative,2.3360000923275948,2.3339999999905103,0.7398329958485181,1368,1005,366,283,54,54,182,145,427,617,0,0,0,0,182,0,29284,28548,0,0,36984,3,"[[3, -1000004], [2, -1000004], [4, -1000004], [1, -1000004], [5, -1000004], [0, -1000004], [6, -1000004]]",2.284875139594078,2.3670420050621033
seeded-06,seeded,6,combined,2.4484589230269194,2.4489999999843803,0.7058521302340584,1368,1005,366,283,54,54,182,145,427,617,359,83,0,0,182,37,34672,28548,5388,76,42352,3,"[[3, -1000004], [2, -1000004], [4, -1000004], [1, -1000004], [5, -1000004], [0, -1000004], [6, -1000004]]",2.4180831387639046,2.4943749886006117
seeded-06,seeded,8,direct,4.640042083337903,4.637000000002445,1.0,2666,2666,785,785,228,228,398,398,1077,1077,0,0,0,0,398,0,91006,90332,0,0,111456,3,"[[3, -1000006], [2, -1000006], [4, -1000006], [1, -1000006], [5, -1000006], [0, -1000006], [6, -1000006]]",4.60658292286098,4.676624899730086
seeded-06,seeded,8,hints,6.66150008328259,6.6549999999949705,0.6965461270476225,3671,2666,1068,785,282,228,543,398,1077,1504,785,283,0,1,543,145,111804,90332,20736,283,132580,3,"[[3, -1000006], [2, -1000006], [4, -1000006], [1, -1000006], [5, -1000006], [0, -1000006], [6, -1000006]]",6.5784158650785685,6.702333921566606
seeded-06,seeded,8,iterative,6.964541040360928,6.957999999997355,0.6662380272365284,4034,2666,1151,785,282,228,580,398,1077,1694,0,0,0,0,580,0,91068,90332,0,0,112372,3,"[[3, -1000006], [2, -1000006], [4, -1000006], [1, -1000006], [5, -1000006], [0, -1000006], [6, -1000006]]",6.859000073745847,7.015249924734235
seeded-06,seeded,8,combined,7.293874863535166,7.293000000004213,0.6361559760964951,4034,2666,1151,785,282,228,580,398,1077,1694,1144,366,0,1,580,182,111804,90332,20736,283,133060,3,"[[3, -1000006], [2, -1000006], [4, -1000006], [1, -1000006], [5, -1000006], [0, -1000006], [6, -1000006]]",7.231957977637649,7.370749954134226
seeded-06,seeded,10,direct,11.23674982227385,11.207999999982121,1.0,6129,6129,1960,1960,685,685,1018,1018,2110,2110,0,0,0,0,1018,0,207762,207088,0,0,222752,3,"[[3, -1000008], [2, -1000008], [4, -1000008], [1, -1000008], [5, -1000008], [0, -1000008], [6, -1000008]]",10.96708420664072,14.464582782238722
seeded-06,seeded,10,hints,16.498625045642257,16.482999999993808,0.6810718948511281,8795,6129,2745,1960,913,685,1416,1018,2110,3187,1960,785,0,6,1416,398,276316,207088,68492,785,291612,3,"[[3, -1000008], [2, -1000008], [4, -1000008], [1, -1000008], [5, -1000008], [0, -1000008], [6, -1000008]]",16.283957986161113,17.89479097351432
seeded-06,seeded,10,iterative,18.1896248832345,18.1829999999934,0.6177559952119099,10163,6129,3111,1960,967,685,1598,1018,2110,3804,0,0,0,0,1598,0,207824,207088,0,0,223952,3,"[[3, -1000008], [2, -1000008], [4, -1000008], [1, -1000008], [5, -1000008], [0, -1000008], [6, -1000008]]",17.957666888833046,19.12629185244441
seeded-06,seeded,10,combined,19.23833298496902,19.23200000001657,0.584081262708841,10163,6129,3111,1960,967,685,1598,1018,2110,3804,3104,1151,0,7,1598,580,276316,207088,68492,785,292344,3,"[[3, -1000008], [2, -1000008], [4, -1000008], [1, -1000008], [5, -1000008], [0, -1000008], [6, -1000008]]",19.10241600126028,20.950790960341692
seeded-07,seeded,4,direct,0.28350017964839935,0.28399999999351166,1.0,125,125,58,58,6,6,48,48,18,18,0,0,0,0,48,0,6882,6208,0,0,12276,4,"[[3, 1000001], [2, 1000001], [4, 1000003], [1, 1000001], [5, 1000003], [0, 1000001], [6, 1000001]]",0.27541699819266796,0.31066685914993286
seeded-07,seeded,4,hints,0.37462497130036354,0.37599999998860767,0.756757294273096,174,132,70,65,4,4,55,55,25,60,65,5,0,5,55,0,7816,6628,480,5,13776,4,"[[3, 1000001], [2, 1000001], [4, 1000003], [1, 1000001], [5, 1000003], [0, 1000001], [6, 1000001]]",0.3728338051587343,0.3902500029653311
seeded-07,seeded,4,iterative,0.346458051353693,0.3470000000049822,0.8182814009970256,167,125,63,58,6,6,48,48,18,53,0,0,0,0,48,0,6944,6208,0,0,12944,4,"[[3, 1000001], [2, 1000001], [4, 1000003], [1, 1000001], [5, 1000003], [0, 1000001], [6, 1000001]]",0.3372500650584698,0.350042013451457
seeded-07,seeded,4,combined,0.37512509152293205,0.3749999999911324,0.7557483784874158,174,132,70,65,4,4,55,55,25,60,65,5,0,5,55,0,7816,6628,480,5,13776,4,"[[3, 1000001], [2, 1000001], [4, 1000003], [1, 1000001], [5, 1000003], [0, 1000001], [6, 1000001]]",0.37116603925824165,0.3835831303149462
seeded-07,seeded,6,direct,0.5928329192101955,0.5929999999807478,1.0,284,284,120,120,34,34,92,92,28,28,0,0,0,0,92,0,13522,12848,0,0,19380,4,"[[3, 1000003], [2, 1000003], [4, 1000005], [1, 1000003], [5, 1000005], [0, 1000003], [6, 1000003]]",0.5862910766154528,0.6134170107543468
seeded-07,seeded,6,hints,0.9042089805006981,0.9039999999913562,0.6556370617795891,409,284,178,120,40,34,140,92,28,46,120,58,0,0,140,48,18280,12848,4696,58,24664,4,"[[3, 1000003], [2, 1000003], [4, 1000005], [1, 1000003], [5, 1000005], [0, 1000003], [6, 1000003]]",0.8957500103861094,0.9548328816890717
seeded-07,seeded,6,iterative,0.9280422236770391,0.9279999999876054,0.6387995115796614,451,284,183,120,40,34,140,92,28,81,0,0,0,0,140,0,13584,12848,0,0,20272,4,"[[3, 1000003], [2, 1000003], [4, 1000005], [1, 1000003], [5, 1000005], [0, 1000003], [6, 1000003]]",0.9118749294430017,0.9613749571144581
seeded-07,seeded,6,combined,1.2380420230329037,1.2370000000032633,0.4788471701129322,568,394,250,180,55,51,200,145,90,150,245,70,0,10,200,55,27172,21460,4976,65,37800,4,"[[3, 1000003], [2, 1000003], [4, 1000005], [1, 1000003], [5, 1000005], [0, 1000003], [6, 1000003]]",1.218667021021247,1.2665840331465006
seeded-07,seeded,8,direct,1.0196249932050705,1.0200000000111231,1.0,499,499,201,201,64,64,145,145,32,32,0,0,0,0,145,0,23590,22916,0,0,32728,4,"[[3, 1000005], [2, 1000005], [4, 1000007], [1, 1000005], [5, 1000007], [0, 1000005], [6, 1000005]]",1.0067501571029425,1.0669589973986149
seeded-07,seeded,8,hints,1.6944578383117914,1.6950000000122145,0.6017411411197667,783,499,321,201,98,64,237,145,32,60,201,120,0,0,237,92,33252,22916,9600,120,42688,4,"[[3, 1000005], [2, 1000005], [4, 1000007], [1, 1000005], [5, 1000007], [0, 1000005], [6, 1000005]]",1.639542169868946,1.719040796160698
seeded-07,seeded,8,iterative,1.9642498809844255,1.9639999999867541,0.5190912841975399,950,499,384,201,104,64,285,145,32,113,0,0,0,0,285,0,23652,22916,0,0,33584,4,"[[3, 1000005], [2, 1000005], [4, 1000007], [1, 1000005], [5, 1000007], [0, 1000005], [6, 1000005]]",1.896916190162301,1.9870409741997719
seeded-07,seeded,8,combined,3.7044999189674854,3.705999999993992,0.2752395776780741,1730,1162,736,486,298,243,562,362,142,292,731,250,0,15,562,199,68212,50860,16616,180,76652,4,"[[3, 1000005], [2, 1000005], [4, 1000007], [1, 1000005], [5, 1000007], [0, 1000005], [6, 1000005]]",3.6570830270648003,3.7631660234183073
seeded-07,seeded,10,direct,1.5091251116245985,1.509000000027072,1.0,730,730,289,289,94,94,201,201,47,47,0,0,0,0,201,0,29630,28956,0,0,36784,4,"[[3, 1000007], [2, 1000007], [4, 1000009], [1, 1000007], [5, 1000009], [0, 1000007], [6, 1000007]]",1.4702079351991415,1.5445000026375055
seeded-07,seeded,10,hints,2.6197500992566347,2.6199999999789725,0.5760568964394044,1229,730,490,289,158,94,346,201,47,79,289,201,0,0,346,145,47148,28956,17456,201,54668,4,"[[3, 1000007], [2, 1000007], [4, 1000009], [1, 1000007], [5, 1000009], [0, 1000007], [6, 1000007]]",2.5735001545399427,2.6608328334987164
seeded-07,seeded,10,iterative,3.4232090692967176,3.4229999999979555,0.44085099129941285,1680,730,673,289,198,94,486,201,47,160,0,0,0,0,486,0,29692,28956,0,0,37964,4,"[[3, 1000007], [2, 1000007], [4, 1000009], [1, 1000007], [5, 1000009], [0, 1000007], [6, 1000007]]",3.3486250322312117,3.478667000308633
seeded-07,seeded,10,combined,8.485582889989018,8.485000000007403,0.1778457804478004,3939,2209,1625,889,782,484,1188,626,151,443,1620,736,0,20,1188,558,136120,97320,38064,486,149572,4,"[[3, 1000007], [2, 1000007], [4, 1000009], [1, 1000007], [5, 1000009], [0, 1000007], [6, 1000007]]",8.468833053484559,8.77541583031416
post-hoc-tail,post-hoc-diagnostic,4,direct,1.8340419046580791,1.8340000000023338,1.0,1227,1227,235,235,41,41,132,132,925,925,0,0,0,5,47,0,25930,25256,0,0,31944,6,"[[3, -13], [2, -9], [4, -12], [1, -7], [5, -14], [0, -9], [6, -6]]",1.8138331361114979,1.8692079465836287
post-hoc-tail,post-hoc-diagnostic,4,hints,1.831208122894168,1.8309999999814863,1.0015474930066566,1204,1148,222,215,26,26,113,113,881,930,215,7,0,11,42,0,25296,23868,692,7,32664,6,"[[3, -13], [2, -9], [4, -12], [1, -7], [5, -14], [0, -9], [6, -6]]",1.8181251361966133,1.8600830808281898
post-hoc-tail,post-hoc-diagnostic,4,iterative,1.912917010486126,1.91300000000183,0.9587671052138313,1283,1227,242,235,41,41,132,132,925,974,0,0,0,5,47,0,25992,25256,0,0,32672,6,"[[3, -13], [2, -9], [4, -12], [1, -7], [5, -14], [0, -9], [6, -6]]",1.8942919559776783,1.922291936352849
post-hoc-tail,post-hoc-diagnostic,4,combined,1.8385420553386211,1.8379999999922347,0.9975523264928997,1204,1148,222,215,26,26,113,113,881,930,215,7,0,11,42,0,25296,23868,692,7,32664,6,"[[3, -13], [2, -9], [4, -12], [1, -7], [5, -14], [0, -9], [6, -6]]",1.8242080695927143,1.8675001338124275
post-hoc-tail,post-hoc-diagnostic,6,direct,17.290875082835555,17.28400000001784,1.0,10799,10799,2604,2604,715,715,1805,1805,7169,7169,0,0,0,65,1000,37,247354,246680,0,0,261832,1,"[[3, -15], [2, -11], [4, -9], [1, -6], [5, -13], [0, -9], [6, -6]]",17.267457908019423,17.4210409168154
post-hoc-tail,post-hoc-diagnostic,6,hints,13.883540872484446,13.876999999979489,1.2454225648662904,8587,7360,1936,1701,292,251,1206,1074,5176,6101,1701,150,0,124,657,73,205592,186564,18292,235,231512,1,"[[3, -15], [2, -11], [4, -9], [1, -6], [5, -13], [0, -9], [6, -6]]",13.785457937046885,13.963541947305202
post-hoc-tail,post-hoc-diagnostic,6,iterative,19.279124913737178,19.27899999998317,0.8968703278910283,12082,10799,2846,2604,756,715,1937,1805,7169,8143,0,0,0,70,1047,37,247416,246680,0,0,262496,1,"[[3, -15], [2, -11], [4, -9], [1, -6], [5, -13], [0, -9], [6, -6]]",19.192541018128395,19.350166898220778
post-hoc-tail,post-hoc-diagnostic,6,combined,13.981750002130866,13.973999999990383,1.2366745994028192,8650,7446,1940,1718,285,259,1200,1087,5232,6162,1933,157,0,130,657,72,205976,187692,17548,215,230968,1,"[[3, -15], [2, -11], [4, -9], [1, -6], [5, -13], [0, -9], [6, -6]]",13.940375065430999,14.014125103130937
post-hoc-tail,post-hoc-diagnostic,8,direct,131.10295799560845,131.04699999999525,1.0,78662,78662,20755,20755,7119,7119,15463,15463,47972,47972,0,0,0,535,9533,356,1964406,1963732,0,0,2046280,1,"[[3, -13], [2, -13], [4, -7], [1, -6], [5, -13], [0, -8], [6, -6]]",131.0036659706384,132.4442089535296
post-hoc-tail,post-hoc-diagnostic,8,hints,84.09820892848074,84.05899999999633,1.5589268744962421,50033,39234,13126,10522,2422,1707,9032,7227,25728,32897,10522,1175,0,706,5874,714,1164400,990888,172776,2604,1214172,1,"[[3, -13], [2, -13], [4, -7], [1, -6], [5, -13], [0, -8], [6, -6]]",84.0091248974204,84.66579206287861
post-hoc-tail,post-hoc-diagnostic,8,iterative,150.40312497876585,150.32899999999927,0.8716770879203326,90744,78662,23601,20755,7875,7119,17400,15463,47972,56115,0,0,0,605,10580,393,1964468,1963732,0,0,2047260,1,"[[3, -13], [2, -13], [4, -7], [1, -6], [5, -13], [0, -8], [6, -6]]",150.2219580579549,150.74949990957975
post-hoc-tail,post-hoc-diagnostic,8,combined,80.9247090946883,80.88399999999751,1.6200609117075433,48394,39744,12259,10319,1972,1687,8124,6924,26430,32592,12252,1196,0,701,5203,653,1115940,976076,139128,1718,1163572,1,"[[3, -13], [2, -13], [4, -7], [1, -6], [5, -13], [0, -8], [6, -6]]",80.68283391185105,81.24525006860495
post-hoc-tail,post-hoc-diagnostic,10,direct,734.886750113219,734.5540000000028,1.0,423857,423857,119958,119958,47944,47944,93664,93664,236149,236149,0,0,0,3881,61470,2447,13184786,13184112,0,0,13980912,4,"[[3, -15], [2, -10], [4, -4], [1, -7], [5, -11], [0, -8], [6, -7]]",733.5732919164002,735.4609579779208
post-hoc-tail,post-hoc-diagnostic,10,hints,470.5744159873575,470.3800000000058,1.561680204333426,269620,190958,76198,55443,18503,11384,55218,39755,116082,164054,55443,6895,0,3847,37632,4524,7667852,6285784,1381332,20755,8417084,4,"[[3, -15], [2, -10], [4, -4], [1, -7], [5, -11], [0, -8], [6, -7]]",470.0620421208441,471.0288748610765
post-hoc-tail,post-hoc-diagnostic,10,iterative,885.2637091185898,884.7989999999868,0.8301331485110882,514601,423857,143559,119958,55819,47944,111064,93664,236149,292264,0,0,0,4486,72050,2840,13184848,13184112,0,0,13982208,4,"[[3, -15], [2, -10], [4, -4], [1, -7], [5, -11], [0, -8], [6, -7]]",884.33074997738,887.8344581462443
post-hoc-tail,post-hoc-diagnostic,10,combined,452.0683749578893,451.84699999998656,1.6256097325579888,259977,211583,71631,59372,14336,12364,50066,41942,130957,163549,71624,7088,0,3362,33518,4100,7225012,6534196,690080,10319,7695600,4,"[[3, -15], [2, -10], [4, -4], [1, -7], [5, -11], [0, -8], [6, -7]]",451.7997088842094,455.4447499103844
additional-00,additional,4,direct,1.3254580553621054,1.3250000000084583,1.0,776,776,179,179,25,25,95,95,572,572,0,0,0,3,70,0,21926,21252,0,0,30984,2,"[[3, -2], [2, 2], [4, 1], [1, -3], [5, -12], [0, -12], [6, -12]]",1.2965418864041567,1.3607910368591547
additional-00,additional,4,hints,1.3478340115398169,1.3479999999503889,0.9833985817347431,773,717,172,165,10,10,84,84,542,591,165,7,0,8,58,0,17136,15712,716,7,22880,2,"[[3, -2], [2, 2], [4, 1], [1, -3], [5, -12], [0, -12], [6, -12]]",1.2978329323232174,1.3781250454485416
additional-00,additional,4,iterative,1.405209070071578,1.4059999999744832,0.9432461571676233,832,776,186,179,25,25,95,95,572,621,0,0,0,3,70,0,21988,21252,0,0,31424,2,"[[3, -2], [2, 2], [4, 1], [1, -3], [5, -12], [0, -12], [6, -12]]",1.356916967779398,1.4345420058816671
additional-00,additional,4,combined,1.3372499961405993,1.3369999999781612,0.9911819474200588,773,717,172,165,10,10,84,84,542,591,165,7,0,8,58,0,17136,15712,716,7,22880,2,"[[3, -2], [2, 2], [4, 1], [1, -3], [5, -12], [0, -12], [6, -12]]",1.314207911491394,1.3765839394181967
additional-00,additional,6,direct,11.134916916489601,11.130000000036944,1.0,6248,6248,1627,1627,547,547,1054,1054,3948,3948,0,0,0,10,813,17,180722,180048,0,0,209232,4,"[[3, 2], [2, 3], [4, 4], [1, -1], [5, -9], [0, -7], [6, -6]]",11.047875043004751,11.267249938100576
additional-00,additional,6,hints,9.85191692598164,9.846999999979289,1.1302284621507934,5420,4644,1416,1237,274,249,870,775,3068,3640,1237,140,0,70,686,75,135132,117876,16520,179,144412,4,"[[3, 2], [2, 3], [4, 4], [1, -1], [5, -9], [0, -7], [6, -6]]",9.771374985575676,9.972291998565197
additional-00,additional,6,iterative,12.503708945587277,12.504000000035376,0.8905291193953502,7080,6248,1813,1627,572,547,1149,1054,3948,4569,0,0,0,13,883,17,180784,180048,0,0,209896,4,"[[3, 2], [2, 3], [4, 4], [1, -1], [5, -9], [0, -7], [6, -6]]",12.380125001072884,12.542958837002516
additional-00,additional,6,combined,10.081792017444968,10.082000000011249,1.1044581059817902,5533,4760,1430,1258,267,257,870,786,3149,3740,1423,147,0,76,677,74,131272,119192,11344,165,140908,4,"[[3, 2], [2, 3], [4, 4], [1, -1], [5, -9], [0, -7], [6, -6]]",9.93854203261435,10.234624845907092
additional-00,additional,8,direct,65.42062503285706,65.4040000000009,1.0,35432,35432,9994,9994,4315,4315,7308,7308,19510,19510,0,0,0,293,5603,240,941350,940676,0,0,980116,2,"[[3, 1], [2, 3], [4, 3], [1, 1], [5, -5], [0, -2], [6, -4]]",65.06529217585921,65.59183285571635
additional-00,additional,8,hints,53.51437511853874,53.502999999977874,1.222486946506336,28709,22461,8044,6417,2104,1557,5283,4229,13585,17533,6417,994,0,385,4166,554,847900,708248,138916,1627,957036,2,"[[3, 1], [2, 3], [4, 3], [1, 1], [5, -5], [0, -2], [6, -4]]",52.740124985575676,53.73416608199477
additional-00,additional,8,iterative,77.89337495341897,77.88099999999076,0.8398740595330381,42512,35432,11807,9994,4887,4315,8457,7308,19510,24079,0,0,0,306,6486,257,941412,940676,0,0,981096,2,"[[3, 1], [2, 3], [4, 3], [1, 1], [5, -5], [0, -2], [6, -4]]",77.67824991606176,78.03320814855397
additional-00,additional,8,combined,53.11525007709861,53.104000000018914,1.231673105895139,28441,22908,7943,6513,1755,1488,5136,4266,13976,17716,7936,1127,0,427,4020,585,801832,713796,87300,1258,905980,2,"[[3, 1], [2, 3], [4, 3], [1, 1], [5, -5], [0, -2], [6, -4]]",52.86512500606477,55.73387513868511
additional-00,additional,10,direct,278.14433304592967,278.02299999996194,1.0,153647,153647,45821,45821,23650,23650,35571,35571,73882,73882,0,0,0,1734,27154,1509,5595510,5594836,0,0,6927064,2,"[[3, -1], [2, 3], [4, 3], [1, 2], [5, -4], [0, -2], [6, 0]]",277.22808392718434,293.8568328972906
additional-00,additional,10,hints,221.20100003667176,220.9500000000162,1.257428008914144,116705,81273,35090,25096,11191,6876,24585,17277,43986,63496,25096,4523,0,1824,19455,2944,3630216,2934700,694780,9994,4090812,2,"[[3, -1], [2, 3], [4, 3], [1, 2], [5, -4], [0, -2], [6, 0]]",212.50466699711978,223.7693329807371
additional-00,additional,10,iterative,362.2788330540061,362.14599999999564,0.7677631362041673,196159,153647,57628,45821,28537,23650,44028,35571,73882,97961,0,0,0,2040,33640,1766,5595572,5594836,0,0,6928360,2,"[[3, -1], [2, 3], [4, 3], [1, 2], [5, -4], [0, -2], [6, 0]]",352.13591693900526,372.1762499772012
additional-00,additional,10,combined,219.02779210358858,218.9690000000155,1.2699042910243195,114765,86324,34300,26357,9117,7362,23233,18097,46969,64685,34293,5737,0,1985,18378,3306,3573196,3016920,555540,6513,3954568,2,"[[3, -1], [2, 3], [4, 3], [1, 2], [5, -4], [0, -2], [6, 0]]",208.48691696301103,220.72387486696243
additional-01,additional,4,direct,1.4161670114845037,1.4159999999492356,1.0,880,880,196,196,27,27,105,105,639,639,0,0,0,2,65,0,23250,22576,0,0,31688,1,"[[3, -11], [2, -10], [4, -13], [1, -7], [5, -9], [0, -16], [6, -9]]",1.4011249877512455,1.4543330762535334
additional-01,additional,4,hints,1.3229588512331247,1.3220000000160326,1.0704543154645363,809,753,164,157,6,6,78,78,572,621,157,7,0,8,46,0,16760,15336,716,7,23040,1,"[[3, -11], [2, -10], [4, -13], [1, -7], [5, -9], [0, -16], [6, -9]]",1.3154579792171717,1.345624914392829
additional-01,additional,4,iterative,1.4988328330218792,1.4990000000238979,0.9448465367744124,936,880,203,196,27,27,105,105,639,688,0,0,0,2,65,0,23312,22576,0,0,32128,1,"[[3, -11], [2, -10], [4, -13], [1, -7], [5, -9], [0, -16], [6, -9]]",1.485500019043684,1.5292910393327475
additional-01,additional,4,combined,1.3317500706762075,1.331999999990785,1.063387975467073,809,753,164,157,6,6,78,78,572,621,157,7,0,8,46,0,16760,15336,716,7,23040,1,"[[3, -11], [2, -10], [4, -13], [1, -7], [5, -9], [0, -16], [6, -9]]",1.3237500097602606,1.369791803881526
additional-01,additional,6,direct,13.06200004182756,13.05200000001605,1.0,7529,7529,2055,2055,584,584,1465,1465,4442,4442,0,0,0,41,1023,22,211506,210832,0,0,223968,1,"[[3, -10], [2, -12], [4, -14], [1, -8], [5, -10], [0, -18], [6, -11]]",13.000375125557184,13.238958083093166
additional-01,additional,6,hints,10.355083039030433,10.348000000021784,1.261409492574246,5837,4957,1555,1359,237,210,1037,932,3125,3764,1359,140,0,98,723,64,145508,127516,17256,196,155796,1,"[[3, -10], [2, -12], [4, -14], [1, -8], [5, -10], [0, -18], [6, -11]]",10.283416137099266,10.423584142699838
additional-01,additional,6,iterative,14.493167167529464,14.492000000018379,0.9012522860490911,8465,7529,2258,2055,611,584,1570,1465,4442,5130,0,0,0,43,1088,22,211568,210832,0,0,224632,1,"[[3, -10], [2, -12], [4, -14], [1, -8], [5, -10], [0, -18], [6, -11]]",14.433749951422215,14.632540987804532
additional-01,additional,6,combined,10.343790985643864,10.335999999995238,1.2627865412164936,5862,5053,1541,1377,220,214,1024,946,3195,3816,1534,144,0,97,708,63,177440,165624,11080,157,223880,1,"[[3, -10], [2, -12], [4, -14], [1, -8], [5, -10], [0, -18], [6, -11]]",10.272542014718056,10.468584019690752
additional-01,additional,8,direct,66.70970795676112,66.68600000000424,1.0,36500,36500,11342,11342,4027,4027,8954,8954,17473,17473,0,0,0,347,6658,209,1345994,1345320,0,0,1658448,2,"[[3, -11], [2, -10], [4, -13], [1, -10], [5, -10], [0, -17], [6, -13]]",66.41520792618394,66.74987496808171
additional-01,additional,8,hints,43.42849995009601,43.396999999970376,1.5360813298506213,23474,15945,7062,5007,1578,994,5200,3735,8429,12871,5007,860,0,458,3875,544,640004,483120,156148,2055,664736,2,"[[3, -11], [2, -10], [4, -13], [1, -10], [5, -10], [0, -17], [6, -13]]",43.31400012597442,44.11804210394621
additional-01,additional,8,iterative,81.25483291223645,81.21799999997847,0.8209937251217345,44965,36500,13600,11342,4638,4027,10524,8954,17473,22603,0,0,0,390,7746,231,1346056,1345320,0,0,1659428,2,"[[3, -11], [2, -10], [4, -13], [1, -10], [5, -10], [0, -17], [6, -13]]",80.88941685855389,83.74379202723503
additional-01,additional,8,combined,43.263791827484965,43.24300000001813,1.5419292932706201,23359,17497,6910,5369,1297,1077,4963,3939,9489,13305,6903,974,0,500,3646,547,636716,506952,129028,1377,663232,2,"[[3, -11], [2, -10], [4, -13], [1, -10], [5, -10], [0, -17], [6, -13]]",43.0971251334995,43.39787480421364
additional-01,additional,10,direct,221.02895891293883,220.92499999996562,1.0,117199,117199,39129,39129,15273,15273,31798,31798,47055,47055,0,0,0,1261,24175,842,3918430,3917756,0,0,4071528,4,"[[3, -10], [2, -7], [4, -5], [1, -7], [5, -10], [0, -14], [6, -10]]",220.8175421692431,221.33699990808964
additional-01,additional,10,hints,184.81645779684186,184.72200000002204,1.1959376429338522,94609,58109,33166,21824,9293,5266,26402,17448,23205,40678,21824,4544,0,2159,20991,3244,3095816,2051376,1043704,11342,3184456,4,"[[3, -10], [2, -7], [4, -5], [1, -7], [5, -10], [0, -14], [6, -10]]",184.31879207491875,185.28854195028543
additional-01,additional,10,iterative,302.26054205559194,302.1470000000477,0.7312531017438825,162164,117199,52729,39129,19911,15273,42322,31798,47055,69658,0,0,0,1651,31921,1073,3918492,3917756,0,0,4072824,4,"[[3, -10], [2, -7], [4, -5], [1, -7], [5, -10], [0, -14], [6, -10]]",301.7784170806408,302.85062501206994
additional-01,additional,10,combined,189.1899169422686,189.10999999997102,1.1682914316220452,96420,73061,33444,26534,8428,7131,26128,21165,29958,43263,33437,4588,0,2147,20539,2993,3444692,3081596,362360,5369,3811560,4,"[[3, -10], [2, -7], [4, -5], [1, -7], [5, -10], [0, -14], [6, -10]]",188.72441607527435,189.97633294202387
additional-02,additional,4,direct,0.702250050380826,0.7019999999897664,1.0,414,414,109,109,15,15,75,75,233,233,0,0,0,2,42,0,12774,12100,0,0,18536,5,"[[3, -1000000], [2, -11], [1, -1000000], [5, -8], [0, -1000000], [6, -22]]",0.6965838838368654,0.7097499910742044
additional-02,additional,4,hints,0.7052500732243061,0.7059999999796673,0.9957461573456285,410,368,102,96,6,6,60,60,209,245,96,6,0,7,29,0,12656,11216,704,6,19816,5,"[[3, -1000000], [2, -11], [1, -1000000], [5, -8], [0, -1000000], [6, -22]]",0.7027077954262495,0.7160839159041643
additional-02,additional,4,iterative,0.7607501465827227,0.7610000000113359,0.9231020901347464,456,414,115,109,15,15,75,75,233,269,0,0,0,2,42,0,12836,12100,0,0,19176,5,"[[3, -1000000], [2, -11], [1, -1000000], [5, -8], [0, -1000000], [6, -22]]",0.7575829513370991,0.763332936912775
additional-02,additional,4,combined,0.7121248636394739,0.7120000000213622,0.9861333120596569,410,368,102,96,6,6,60,60,209,245,96,6,0,7,29,0,12656,11216,704,6,19816,5,"[[3, -1000000], [2, -11], [1, -1000000], [5, -8], [0, -1000000], [6, -22]]",0.7034579757601023,0.7577501237392426
additional-02,additional,6,direct,2.5296250823885202,2.529000000038195,1.0,1336,1336,441,441,133,133,330,330,527,527,0,0,0,10,253,11,49174,48500,0,0,58736,2,"[[3, -1000002], [2, -14], [1, -1000002], [5, -14], [0, -1000002], [6, -1000000]]",2.5037911254912615,2.630791859701276
additional-02,additional,6,hints,2.2984170354902744,2.2969999999986612,1.1005944714680236,1202,788,378,269,50,35,274,199,329,562,269,89,0,34,195,59,37548,27596,9216,109,44612,2,"[[3, -1000002], [2, -14], [1, -1000002], [5, -14], [0, -1000002], [6, -1000000]]",2.273125108331442,2.3309169337153435
additional-02,additional,6,iterative,3.2872501760721207,3.287000000000262,0.7695261835565939,1792,1336,556,441,148,133,405,330,527,796,0,0,0,12,295,11,49236,48500,0,0,59400,2,"[[3, -1000002], [2, -14], [1, -1000002], [5, -14], [0, -1000002], [6, -1000000]]",3.2573339994996786,3.3710000570863485
additional-02,additional,6,combined,2.334750024601817,2.3339999999620886,1.0834672045115143,1213,803,375,273,43,37,262,202,338,583,369,95,0,38,183,58,37300,27868,8696,96,44636,2,"[[3, -1000002], [2, -14], [1, -1000002], [5, -14], [0, -1000002], [6, -1000000]]",2.2906670346856117,2.4012080393731594
additional-02,additional,8,direct,7.02529214322567,7.024999999998727,1.0,3584,3584,1308,1308,403,403,993,993,1224,1224,0,0,0,18,795,24,126514,125840,0,0,137476,2,"[[3, -1000004], [2, -17], [1, -1000004], [5, -19], [0, -1000004], [6, -1000002]]",6.985832937061787,7.07070785574615
additional-02,additional,8,hints,6.15145917981863,6.1440000000061445,1.1420529565202777,3036,1700,1111,670,209,76,814,484,627,1154,670,244,0,79,666,176,101128,64072,36320,441,110016,2,"[[3, -1000004], [2, -17], [1, -1000004], [5, -19], [0, -1000004], [6, -1000002]]",6.062082946300507,6.157415919005871
additional-02,additional,8,iterative,10.29462506994605,10.28800000000274,0.6824233126988942,5376,3584,1864,1308,551,403,1398,993,1224,2020,0,0,0,30,1090,35,126576,125840,0,0,138584,2,"[[3, -1000004], [2, -17], [1, -1000004], [5, -19], [0, -1000004], [6, -1000002]]",10.222958168014884,10.325499810278416
additional-02,additional,8,combined,6.021042121574283,6.021999999973104,1.16679006746241,2990,1777,1073,698,138,95,768,506,645,1228,1067,337,0,106,612,215,105544,84416,20392,273,132732,2,"[[3, -1000004], [2, -17], [1, -1000004], [5, -19], [0, -1000004], [6, -1000002]]",5.9399171732366085,6.071374984458089
additional-02,additional,10,direct,16.142207896336913,16.13699999995788,1.0,8271,8271,2979,2979,1106,1106,2317,2317,2755,2755,0,0,0,104,1828,84,349922,349248,0,0,423176,5,"[[3, -1000006], [2, -13], [1, -1000006], [5, -12], [0, -1000006], [6, -1000004]]",16.061750007793307,16.175208846107125
additional-02,additional,10,hints,15.203708782792091,15.199000000052365,1.0617283010976266,7557,3973,2791,1483,654,251,2098,1105,1616,2840,1483,543,0,196,1668,384,264660,174484,89440,1308,305988,5,"[[3, -1000006], [2, -13], [1, -1000006], [5, -12], [0, -1000006], [6, -1000004]]",15.162583906203508,15.26500005275011
additional-02,additional,10,iterative,26.43950004130602,26.43399999999474,0.6105337798036344,13647,8271,4843,2979,1657,1106,3715,2317,2755,4775,0,0,0,134,2918,119,349984,349248,0,0,424440,5,"[[3, -1000006], [2, -13], [1, -1000006], [5, -12], [0, -1000006], [6, -1000004]]",26.272833114489913,26.919167023152113
additional-02,additional,10,combined,13.861834071576595,13.856000000032509,1.1645073669894936,6816,3826,2507,1434,372,234,1838,1070,1512,2740,2501,812,0,235,1456,537,236900,171152,65012,698,282568,5,"[[3, -1000006], [2, -13], [1, -1000006], [5, -12], [0, -1000006], [6, -1000004]]",13.669125037267804,13.920750003308058
additional-03,additional,4,direct,0.4257920663803816,0.4250000000070031,1.0,211,211,87,87,13,13,69,69,56,56,0,0,0,0,69,0,11278,10604,0,0,18624,4,"[[3, 1000001], [2, 14], [4, 1000003], [1, -15], [5, -12], [0, 1000001], [6, 1000001]]",0.42291590943932533,0.43700006790459156
additional-03,additional,4,hints,0.5211250390857458,0.5209999999920001,0.8170631507696982,259,211,90,84,16,16,69,69,56,97,84,6,0,1,69,0,9360,7976,648,6,15408,4,"[[3, 1000001], [2, 14], [4, 1000003], [1, -15], [5, -12], [0, 1000001], [6, 1000001]]",0.5151249933987856,0.530916964635253
additional-03,additional,4,iterative,0.4986249841749668,0.4979999999932261,0.8539324740915344,259,211,93,87,13,13,69,69,56,97,0,0,0,0,69,0,11340,10604,0,0,19064,4,"[[3, 1000001], [2, 14], [4, 1000003], [1, -15], [5, -12], [0, 1000001], [6, 1000001]]",0.49641705118119717,0.5126248579472303
additional-03,additional,4,combined,0.5240410100668669,0.523000000043794,0.8125166889630473,259,211,90,84,16,16,69,69,56,97,84,6,0,1,69,0,9360,7976,648,6,15408,4,"[[3, 1000001], [2, 14], [4, 1000003], [1, -15], [5, -12], [0, 1000001], [6, 1000001]]",0.5153331439942122,0.5562501028180122
additional-03,additional,6,direct,1.0975829791277647,1.098000000013144,1.0,533,533,211,211,64,64,161,161,140,140,0,0,0,0,160,0,24242,23596,0,0,32232,4,"[[3, 1000003], [2, 1000001], [4, 1000005], [1, -11], [5, -8], [0, 1000003], [6, 1000003]]",1.08766695484519,1.1128748301416636
additional-03,additional,6,hints,1.4559999108314514,1.4559999999619322,0.7538345098530864,675,464,269,182,61,48,211,142,135,191,182,79,0,6,210,58,30640,21652,8280,87,40640,4,"[[3, 1000003], [2, 1000001], [4, 1000005], [1, -11], [5, -8], [0, 1000003], [6, 1000003]]",1.4267920050770044,1.4762917999178171
additional-03,additional,6,iterative,1.6042499337345362,1.603999999986172,0.6841720582607097,792,533,304,211,77,64,230,161,140,237,0,0,0,0,229,0,24304,23596,0,0,32864,4,"[[3, 1000003], [2, 1000001], [4, 1000005], [1, -11], [5, -8], [0, 1000003], [6, 1000003]]",1.5912919770926237,1.6216668300330639
additional-03,additional,6,combined,1.4351659920066595,1.435000000014952,0.7647777227448904,670,411,246,156,58,42,193,124,118,215,240,82,0,9,192,54,21740,15268,5736,84,28432,4,"[[3, 1000003], [2, 1000001], [4, 1000005], [1, -11], [5, -8], [0, 1000003], [6, 1000003]]",1.4145418535917997,1.4502909034490585
additional-03,additional,8,direct,2.247458091005683,2.2470000000112123,1.0,1072,1072,449,449,154,154,343,343,235,235,0,0,0,1,334,0,49466,48792,0,0,58576,4,"[[3, 1000005], [2, 1000003], [4, 1000007], [1, 5], [5, 2], [0, 1000005], [6, 1000005]]",2.2311671636998653,2.2613750770688057
additional-03,additional,8,hints,3.79341677762568,3.79299999997329,0.5924627381472117,1757,1224,701,490,239,175,559,398,302,442,490,183,0,33,543,144,70060,51440,17884,211,77740,4,"[[3, 1000005], [2, 1000003], [4, 1000007], [1, 5], [5, 2], [0, 1000005], [6, 1000005]]",3.7645839620381594,3.8475829642266035
additional-03,additional,8,iterative,3.8679169956594706,3.8670000000138316,0.5810512721777,1864,1072,753,449,231,154,573,343,235,472,0,0,0,1,563,0,49528,48792,0,0,59432,4,"[[3, 1000005], [2, 1000003], [4, 1000007], [1, 5], [5, 2], [0, 1000005], [6, 1000005]]",3.85112501680851,3.9160409942269325
additional-03,additional,8,combined,3.7962079513818026,3.796000000022559,0.5920271280680549,1737,1067,666,420,205,147,543,350,274,489,660,237,0,45,527,183,58568,46764,11068,156,70048,4,"[[3, 1000005], [2, 1000003], [4, 1000007], [1, 5], [5, 2], [0, 1000005], [6, 1000005]]",3.776458092033863,3.826666856184602
additional-03,additional,10,direct,5.51074999384582,5.507000000022799,1.0,2762,2762,1056,1056,341,341,783,783,855,855,0,0,0,7,686,5,108454,107780,0,0,117184,4,"[[3, 1000007], [2, 1000005], [4, 1000009], [1, 1], [5, 6], [0, 1000007], [6, 1000007]]",5.455749807879329,5.547832930460572
additional-03,additional,10,hints,5.8396668173372746,5.839999999977863,0.9436754126939333,2681,1609,1097,648,400,246,845,502,378,613,648,362,0,35,813,258,99420,62072,36612,449,107536,4,"[[3, 1000007], [2, 1000005], [4, 1000009], [1, 1], [5, 6], [0, 1000007], [6, 1000007]]",5.793957971036434,5.9958340134471655
additional-03,additional,10,iterative,9.319459088146687,9.31300000002011,0.5913165068619572,4626,2762,1809,1056,572,341,1356,783,855,1327,0,0,0,8,1249,5,108516,107780,0,0,118680,4,"[[3, 1000007], [2, 1000005], [4, 1000009], [1, 1], [5, 6], [0, 1000007], [6, 1000007]]",9.258124977350235,9.38445795327425
additional-03,additional,10,combined,7.780707906931639,7.77400000004036,0.7082581764747178,3517,1780,1410,744,460,255,1147,604,441,930,1404,582,0,104,1104,450,123004,86816,35452,420,146628,4,"[[3, 1000007], [2, 1000005], [4, 1000009], [1, 1], [5, 6], [0, 1000007], [6, 1000007]]",7.7233328483998775,7.787125185132027
generalization-00,generalization,4,direct,1.3237081002444029,1.324000000010983,1.0,814,814,199,199,29,29,130,130,529,529,0,0,0,5,84,0,23342,22668,0,0,31368,5,"[[3, -1000000], [2, -5], [4, -1000000], [1, -5], [5, -2], [0, -1000000], [6, -6]]",1.3188750017434359,1.3397911097854376
generalization-00,generalization,4,hints,1.1495831422507763,1.1499999999955435,1.1514679117968851,692,636,166,159,11,11,99,99,418,467,159,7,0,8,70,0,16728,15276,716,7,22832,5,"[[3, -1000000], [2, -5], [4, -1000000], [1, -5], [5, -2], [0, -1000000], [6, -6]]",1.1391250882297754,1.161874970421195
generalization-00,generalization,4,iterative,1.4035420026630163,1.4039999999795327,0.9431196912759716,870,814,206,199,29,29,130,130,529,578,0,0,0,5,84,0,23404,22668,0,0,31808,5,"[[3, -1000000], [2, -5], [4, -1000000], [1, -5], [5, -2], [0, -1000000], [6, -6]]",1.3977091293781996,1.467167166993022
generalization-00,generalization,4,combined,1.150374999269843,1.1499999999955435,1.1506753024749117,692,636,166,159,11,11,99,99,418,467,159,7,0,8,70,0,16728,15276,716,7,22832,5,"[[3, -1000000], [2, -5], [4, -1000000], [1, -5], [5, -2], [0, -1000000], [6, -6]]",1.13783311098814,1.1568749323487282
generalization-00,generalization,6,direct,10.893583064898849,10.893000000010034,1.0,6480,6480,1622,1622,514,514,1150,1150,3844,3844,0,0,0,34,778,29,182622,181948,0,0,212400,5,"[[3, -1000002], [2, -5], [4, -1000002], [1, -6], [5, -4], [0, -1000002], [6, -6]]",10.884457966312766,10.921834036707878
generalization-00,generalization,6,hints,7.65395793132484,7.647000000019943,1.4232614240425092,4442,3628,1159,960,207,178,740,610,2243,2772,960,140,0,28,560,76,118944,100944,17264,199,127892,5,"[[3, -1000002], [2, -5], [4, -1000002], [1, -6], [5, -4], [0, -1000002], [6, -6]]",7.6169169042259455,7.667875150218606
generalization-00,generalization,6,iterative,12.318125227466226,12.311000000011063,0.8843539795007914,7350,6480,1828,1622,543,514,1280,1150,3844,4422,0,0,0,39,862,29,182684,181948,0,0,213064,5,"[[3, -1000002], [2, -5], [4, -1000002], [1, -6], [5, -4], [0, -1000002], [6, -6]]",12.221666984260082,12.370292097330093
generalization-00,generalization,6,combined,7.463749963790178,7.4609999999779575,1.4595321544462565,4321,3629,1121,955,198,187,703,604,2232,2699,1114,147,0,26,540,75,112556,100800,11020,159,121860,5,"[[3, -1000002], [2, -5], [4, -1000002], [1, -6], [5, -4], [0, -1000002], [6, -6]]",7.435666862875223,7.486999966204166
generalization-00,generalization,8,direct,57.29324999265373,57.26500000002943,1.0,33758,33758,8689,8689,3284,3284,6407,6407,18980,18980,0,0,0,253,4338,169,865490,864816,0,0,901488,5,"[[3, -1000004], [2, -7], [4, -1000004], [1, -3], [5, 0], [0, -1000004], [6, -7]]",57.06095811910927,58.17337497137487
generalization-00,generalization,8,hints,38.43508311547339,38.411999999993895,1.4906498268918358,21952,15472,5743,4121,1777,1263,3950,2800,8924,12768,4121,740,0,288,2988,513,557220,419260,137224,1622,579212,5,"[[3, -1000004], [2, -7], [4, -1000004], [1, -3], [5, 0], [0, -1000004], [6, -7]]",38.228541146963835,39.187374990433455
generalization-00,generalization,8,iterative,69.4462910760194,69.41199999999981,0.8250008618881842,41108,33758,10517,8689,3827,3284,7687,6407,18980,23402,0,0,0,292,5200,198,865552,864816,0,0,902468,5,"[[3, -1000004], [2, -7], [4, -1000004], [1, -3], [5, 0], [0, -1000004], [6, -7]]",69.32000000961125,69.86458296887577
generalization-00,generalization,8,combined,36.69945802539587,36.68899999996711,1.5611470325530976,20852,16531,5655,4534,1400,1202,3710,3007,9435,12134,5648,910,0,220,2854,503,521984,447036,74212,955,545444,5,"[[3, -1000004], [2, -7], [4, -1000004], [1, -3], [5, 0], [0, -1000004], [6, -7]]",36.551208002492785,37.24629199132323
generalization-00,generalization,10,direct,243.9412500243634,243.8439999999673,1.0,139988,139988,37895,37895,16916,16916,29063,29063,72682,72682,0,0,0,1381,19339,871,3810018,3809344,0,0,3954744,5,"[[3, -1000006], [2, -18], [4, -1000006], [1, -6], [5, 2], [0, -1000006], [6, -18]]",243.0753749795258,244.12658298388124
generalization-00,generalization,10,hints,140.51899989135563,140.4619999999568,1.736001894498041,78515,44757,21506,12817,7566,4282,15322,8915,23939,42919,12817,2765,0,1301,11508,1972,2071760,1437360,633664,8689,2297860,5,"[[3, -1000006], [2, -18], [4, -1000006], [1, -6], [5, 2], [0, -1000006], [6, -18]]",140.3860419522971,140.66962501965463
generalization-00,generalization,10,iterative,313.45824990421534,313.3359999999925,0.7782256491858341,181096,139988,48412,37895,20743,16916,36750,29063,72682,96084,0,0,0,1673,24539,1069,3810080,3809344,0,0,3956040,5,"[[3, -1000006], [2, -18], [4, -1000006], [1, -6], [5, 2], [0, -1000006], [6, -18]]",312.8527910448611,314.95416699908674
generalization-00,generalization,10,combined,118.42354200780392,118.37399999996023,2.0599050314530203,65630,44778,18692,13037,5371,3971,12675,8965,23702,35836,18685,3715,0,1029,9717,2183,1777988,1453328,323924,4534,1986080,5,"[[3, -1000006], [2, -18], [4, -1000006], [1, -6], [5, 2], [0, -1000006], [6, -18]]",118.07412491180003,118.91512502916157
generalization-01,generalization,4,direct,0.5095000378787518,0.509999999962929,1.0,263,263,101,101,25,25,82,82,85,85,0,0,0,2,79,0,12230,11556,0,0,18528,2,"[[3, -10], [2, 1000003], [4, -18], [1, -12], [5, -16], [0, -15], [6, -15]]",0.499167013913393,0.5484169814735651
generalization-01,generalization,4,hints,0.5751249846071005,0.57499999996935,0.8858944603612018,300,251,101,95,25,25,77,77,79,121,95,6,0,3,74,0,12532,11148,648,6,19792,2,"[[3, -10], [2, 1000003], [4, -18], [1, -12], [5, -16], [0, -15], [6, -15]]",0.5673749838024378,0.5847499705851078
generalization-01,generalization,4,iterative,0.5787911359220743,0.5790000000160944,0.8802830697589474,312,263,107,101,25,25,82,82,85,127,0,0,0,2,79,0,12292,11556,0,0,18968,2,"[[3, -10], [2, 1000003], [4, -18], [1, -12], [5, -16], [0, -15], [6, -15]]",0.5683340132236481,0.5887090228497982
generalization-01,generalization,4,combined,0.5762090440839529,0.5760000000236687,0.8842277696087641,300,251,101,95,25,25,77,77,79,121,95,6,0,3,74,0,12532,11148,648,6,19792,2,"[[3, -10], [2, 1000003], [4, -18], [1, -12], [5, -16], [0, -15], [6, -15]]",0.5702499765902758,0.5773750599473715
generalization-01,generalization,6,direct,2.6362088974565268,2.636999999992895,1.0,1474,1474,430,430,206,206,331,331,712,712,0,0,0,9,264,5,48426,47752,0,0,58456,2,"[[3, -12], [2, 1000005], [4, -15], [1, -13], [5, -19], [0, -19], [6, -18]]",2.6099588721990585,2.7090420480817556
generalization-01,generalization,6,hints,2.840417204424739,2.83999999999196,0.9281062279688699,1528,1265,467,366,177,152,361,279,647,732,366,75,0,27,296,64,52976,43400,8840,101,67600,2,"[[3, -12], [2, 1000005], [4, -15], [1, -13], [5, -19], [0, -19], [6, -18]]",2.810790902003646,2.908041002228856
generalization-01,generalization,6,iterative,3.26308305375278,3.2570000000191612,0.807888997622876,1786,1474,537,430,231,206,413,331,712,839,0,0,0,11,343,5,48488,47752,0,0,59120,2,"[[3, -12], [2, 1000005], [4, -15], [1, -13], [5, -19], [0, -19], [6, -18]]",3.1997920013964176,3.3968749921768904
generalization-01,generalization,6,combined,2.915416145697236,2.9149999999731335,0.9042307395282894,1565,1265,467,366,177,152,356,279,647,768,461,81,0,28,291,64,52736,43400,8600,95,67584,2,"[[3, -12], [2, 1000005], [4, -15], [1, -13], [5, -19], [0, -19], [6, -18]]",2.8770421631634235,2.9449579305946827
generalization-01,generalization,8,direct,14.807333005592227,14.800000000036562,1.0,8366,8366,2249,2249,1290,1290,1755,1755,4366,4366,0,0,0,126,1175,71,226462,225788,0,0,240896,2,"[[3, -14], [2, 1000007], [4, -16], [1, -15], [5, -30], [0, -24], [6, -20]]",14.689415926113725,15.181916998699307
generalization-01,generalization,8,hints,14.751417096704245,14.745000000004893,1.003790544903003,8092,6618,2299,1869,891,685,1734,1403,3684,4396,1869,306,0,218,1214,242,237012,200424,35852,430,251412,2,"[[3, -14], [2, 1000007], [4, -16], [1, -15], [5, -30], [0, -24], [6, -20]]",14.584165997803211,14.88774991594255
generalization-01,generalization,8,iterative,17.959458054974675,17.952999999977237,0.8244866276179572,10152,8366,2786,2249,1521,1290,2168,1755,4366,5205,0,0,0,137,1518,76,226524,225788,0,0,241844,2,"[[3, -14], [2, 1000007], [4, -16], [1, -15], [5, -30], [0, -24], [6, -20]]",17.87854195572436,18.08824995532632
generalization-01,generalization,8,combined,14.980459120124578,14.97999999998001,0.9884432036999603,8204,6639,2342,1875,860,683,1759,1403,3702,4470,2336,391,0,236,1237,300,234860,200832,33292,366,249300,2,"[[3, -14], [2, 1000007], [4, -16], [1, -15], [5, -30], [0, -24], [6, -20]]",14.965708134695888,15.185290947556496
generalization-01,generalization,10,direct,74.23016708344221,74.20300000001134,1.0,41370,41370,11607,11607,6493,6493,9332,9332,20195,20195,0,0,0,676,6085,473,1374430,1373756,0,0,1672320,2,"[[3, -10], [2, 1000009], [4, -19], [1, -6], [5, -39], [0, -20], [6, -18]]",74.07875009812415,74.66650009155273
generalization-01,generalization,10,hints,71.49683311581612,71.46499999998923,1.0382301403923504,39109,30743,11410,9161,4730,3440,8682,6927,15951,20317,9161,1537,0,1093,5949,1178,1077992,913376,163880,2249,1119756,2,"[[3, -10], [2, 1000009], [4, -19], [1, -6], [5, -39], [0, -20], [6, -18]]",71.38495799154043,71.60279201343656
generalization-01,generalization,10,iterative,92.1042908448726,92.06299999999601,0.8059360362316342,51522,41370,14393,11607,8014,6493,11500,9332,20195,25400,0,0,0,813,7603,549,1374492,1373756,0,0,1673584,2,"[[3, -10], [2, 1000009], [4, -19], [1, -6], [5, -39], [0, -20], [6, -18]]",91.85537486337125,92.53487479873002
generalization-01,generalization,10,combined,77.71816686727107,77.6960000000031,0.9551198912117196,42164,33960,12422,10080,4843,3983,9509,7750,17448,21918,12416,1858,0,1246,6591,1374,1124880,975224,148920,1875,1170864,2,"[[3, -10], [2, 1000009], [4, -19], [1, -6], [5, -39], [0, -20], [6, -18]]",77.5034159887582,77.95641594566405
generalization-02,generalization,4,direct,0.794166000559926,0.7940000000417058,1.0,459,459,138,138,16,16,87,87,262,262,0,0,0,0,68,0,14690,14016,0,0,19928,3,"[[3, 16], [4, 13], [1, 16], [5, 12], [0, 0], [6, 3]]",0.7897920440882444,0.8081658743321896
generalization-02,generalization,4,hints,0.8827499113976955,0.8829999999875326,0.8996500484519893,495,453,143,137,12,12,87,87,261,297,137,6,0,1,68,0,15276,13948,620,6,21272,3,"[[3, 16], [4, 13], [1, 16], [5, 12], [0, 0], [6, 3]]",0.873250188305974,0.9024590253829956
generalization-02,generalization,4,iterative,0.8559999987483025,0.8559999999988577,0.9277640207023434,501,459,144,138,16,16,87,87,262,298,0,0,0,0,68,0,14752,14016,0,0,20752,3,"[[3, 16], [4, 13], [1, 16], [5, 12], [0, 0], [6, 3]]",0.8550421334803104,0.8726250380277634
generalization-02,generalization,4,combined,0.891166040673852,0.8909999999673346,0.8911537966139512,495,453,143,137,12,12,87,87,261,297,137,6,0,1,68,0,15276,13948,620,6,21272,3,"[[3, 16], [4, 13], [1, 16], [5, 12], [0, 0], [6, 3]]",0.8774588350206614,0.9092909749597311
generalization-02,generalization,6,direct,2.5621249806135893,2.5620000000117216,1.0,1259,1259,523,523,107,107,400,400,362,362,0,0,0,2,353,1,54302,53628,0,0,61500,3,"[[3, 1000001], [4, 18], [1, 25], [5, 19], [0, 3], [6, 11]]",2.5513749569654465,2.620417159050703
generalization-02,generalization,6,hints,2.9490829911082983,2.9490000000009786,0.8687870054313779,1429,970,571,433,88,72,425,338,264,526,433,97,0,27,382,49,58816,47704,10376,138,68648,3,"[[3, 1000001], [4, 18], [1, 25], [5, 19], [0, 3], [6, 11]]",2.9030409641563892,3.010333050042391
generalization-02,generalization,6,iterative,3.417917061597109,3.417000000013104,0.7496159018605241,1760,1259,667,523,123,107,487,400,362,660,0,0,0,2,421,1,54364,53628,0,0,62324,3,"[[3, 1000001], [4, 18], [1, 25], [5, 19], [0, 3], [6, 11]]",3.386958036571741,3.448332892730832
generalization-02,generalization,6,combined,3.0185829382389784,3.018999999994776,0.8487840264903624,1465,970,576,433,84,72,425,338,264,561,570,103,0,28,382,49,58776,47704,10336,137,68864,3,"[[3, 1000001], [4, 18], [1, 25], [5, 19], [0, 3], [6, 11]]",2.990500070154667,3.043707925826311
generalization-02,generalization,8,direct,7.280041929334402,7.27399999999534,1.0,3626,3626,1443,1443,338,338,1111,1111,1113,1113,0,0,0,26,941,11,170814,170140,0,0,212840,3,"[[3, 1000003], [4, 16], [1, 1000001], [5, 1000001], [0, 3], [6, 1000001]]",7.242209045216441,7.331457920372486
generalization-02,generalization,8,hints,7.246540859341621,7.2460000000091895,1.0046230429998326,3293,2034,1500,977,232,125,1186,786,461,823,977,351,0,72,1084,244,142940,102604,39600,523,152368,3,"[[3, 1000003], [4, 16], [1, 1000001], [5, 1000001], [0, 3], [6, 1000001]]",7.198957959190011,7.27291707880795
generalization-02,generalization,8,iterative,10.682333027943969,10.674999999991996,0.6815029928659314,5386,3626,2110,1443,461,338,1598,1111,1113,1773,0,0,0,28,1362,12,170876,170140,0,0,213788,3,"[[3, 1000003], [4, 16], [1, 1000001], [5, 1000001], [0, 3], [6, 1000001]]",10.659582912921906,10.74050017632544
generalization-02,generalization,8,combined,7.743082940578461,7.74300000000494,0.940199399283528,3560,2095,1566,990,222,138,1223,798,501,1062,1560,453,0,99,1120,296,140196,103460,36000,433,150112,3,"[[3, 1000003], [4, 16], [1, 1000001], [5, 1000001], [0, 3], [6, 1000001]]",7.694917032495141,7.827458903193474
generalization-02,generalization,10,direct,16.86204201541841,16.85799999995652,1.0,8193,8193,3442,3442,958,958,2661,2661,1996,1996,0,0,0,44,2278,17,377626,376952,0,0,420088,3,"[[3, 1000005], [4, 1000001], [1, 1000003], [5, 1000003], [0, 9], [6, 1000003]]",16.787208151072264,17.226167023181915
generalization-02,generalization,10,hints,15.24779200553894,15.238000000010743,1.1058677878930323,6957,3331,3060,1617,646,308,2391,1280,628,1741,1617,719,0,151,2174,527,313788,181356,131696,1443,346020,3,"[[3, 1000005], [4, 1000001], [1, 1000003], [5, 1000003], [0, 9], [6, 1000003]]",15.218208078294992,15.26795793324709
generalization-02,generalization,10,iterative,27.57054101675749,27.557999999999083,0.6115963413692024,13579,8193,5552,3442,1419,958,4259,2661,1996,3769,0,0,0,72,3640,29,377688,376952,0,0,421352,3,"[[3, 1000005], [4, 1000001], [1, 1000003], [5, 1000003], [0, 9], [6, 1000003]]",27.547999983653426,27.69870893098414
generalization-02,generalization,10,combined,15.671459026634693,15.671999999995023,1.0759714195570587,6930,3370,3197,1631,534,312,2515,1292,594,1656,3191,1199,0,218,2364,820,260100,182644,76720,990,291480,3,"[[3, 1000005], [4, 1000001], [1, 1000003], [5, 1000003], [0, 9], [6, 1000003]]",15.565457986667752,15.770999947562814
generalization-03,generalization,4,direct,0.2312918659299612,0.23200000003953392,1.0,109,109,40,40,3,3,32,32,30,30,0,0,0,3,27,0,4562,3888,0,0,9912,4,"[[3, -1000000], [2, -1000002], [4, 1000003], [1, -1000002], [0, -1000002], [6, -1000002]]",0.2255840227007866,0.24437508545815945
generalization-03,generalization,4,hints,0.2759159542620182,0.2770000000396067,0.8382692713387621,133,99,40,35,3,3,28,28,25,49,35,5,0,4,23,0,4736,3548,480,5,10720,4,"[[3, -1000000], [2, -1000002], [4, 1000003], [1, -1000002], [0, -1000002], [6, -1000002]]",0.2707920502871275,0.281832879409194
generalization-03,generalization,4,iterative,0.28645782731473446,0.28600000001688386,0.807420303707876,143,109,45,40,3,3,32,32,30,54,0,0,0,3,27,0,4624,3888,0,0,10584,4,"[[3, -1000000], [2, -1000002], [4, 1000003], [1, -1000002], [0, -1000002], [6, -1000002]]",0.27466705068945885,0.32575009390711784
generalization-03,generalization,4,combined,0.27687521651387215,0.2770000000396067,0.8353650024807219,133,99,40,35,3,3,28,28,25,49,35,5,0,4,23,0,4736,3548,480,5,10720,4,"[[3, -1000000], [2, -1000002], [4, 1000003], [1, -1000002], [0, -1000002], [6, -1000002]]",0.2745420206338167,0.287666916847229
generalization-03,generalization,6,direct,0.47020893543958664,0.47000000000707587,1.0,229,229,88,88,9,9,59,59,65,65,0,0,0,0,59,0,11346,10672,0,0,18776,4,"[[3, -1000002], [2, -1000004], [4, 1000005], [1, -1000004], [0, -1000004], [6, -1000004]]",0.4611250478774309,0.4798751324415207
generalization-03,generalization,6,hints,0.6202920340001583,0.6199999999694228,0.7580444527189698,294,185,107,67,6,3,76,44,54,84,67,35,0,4,71,28,10436,6820,2908,40,16744,4,"[[3, -1000002], [2, -1000004], [4, 1000005], [1, -1000004], [0, -1000004], [6, -1000004]]",0.6102500483393669,0.6740838289260864
generalization-03,generalization,6,iterative,0.7332081440836191,0.7330000000251857,0.6413034814653688,372,229,133,88,12,9,91,59,65,119,0,0,0,3,86,0,11408,10672,0,0,19408,4,"[[3, -1000002], [2, -1000004], [4, 1000005], [1, -1000004], [0, -1000004], [6, -1000004]]",0.711292028427124,0.7697499822825193
generalization-03,generalization,6,combined,0.6532908882945776,0.6529999999997926,0.719754314447997,318,185,107,67,6,3,72,44,54,103,102,40,0,5,67,28,10236,6820,2708,35,16800,4,"[[3, -1000002], [2, -1000004], [4, 1000005], [1, -1000004], [0, -1000004], [6, -1000004]]",0.6465830374509096,0.6682500243186951
generalization-03,generalization,8,direct,0.9031249210238457,0.9029999999938809,1.0,441,441,178,178,36,36,110,110,108,108,0,0,0,0,110,0,22082,21408,0,0,33392,4,"[[3, -1000004], [2, -1000006], [4, 1000007], [1, -1000006], [0, -1000006], [6, -1000006]]",0.8930838666856289,0.950666842982173
generalization-03,generalization,8,hints,1.2169589754194021,1.216999999996915,0.7421161594314225,583,354,224,136,34,25,140,81,94,159,136,67,0,1,140,44,23020,13936,8348,88,30112,4,"[[3, -1000004], [2, -1000006], [4, 1000007], [1, -1000006], [0, -1000006], [6, -1000006]]",1.2044159229844809,1.2624168302863836
generalization-03,generalization,8,iterative,1.636291854083538,1.6279999999824213,0.5519338856146002,813,441,311,178,48,36,201,110,108,227,0,0,0,3,196,0,22144,21408,0,0,34216,4,"[[3, -1000004], [2, -1000006], [4, 1000007], [1, -1000006], [0, -1000006], [6, -1000006]]",1.5894579701125622,1.6795000992715359
generalization-03,generalization,8,combined,1.4294588472694159,1.4300000000275759,0.6317949780429252,672,354,243,136,31,25,153,81,94,197,238,107,0,6,148,72,19756,13936,5084,67,27296,4,"[[3, -1000004], [2, -1000006], [4, 1000007], [1, -1000006], [0, -1000006], [6, -1000006]]",1.3931670691817999,1.4492911286652088
generalization-03,generalization,10,direct,1.5234998427331448,1.5240000000176224,1.0,754,754,314,314,73,73,185,185,163,163,0,0,0,0,185,0,31274,30600,0,0,39192,4,"[[3, -1000006], [2, -1000008], [4, 1000009], [1, -1000008], [0, -1000008], [6, -1000008]]",1.505000051110983,1.573667163029313
generalization-03,generalization,10,hints,2.2434161510318518,2.2440000000187865,0.6790981878384071,1066,625,429,251,94,58,252,142,149,257,251,136,0,1,252,81,43616,26316,16564,178,51600,4,"[[3, -1000006], [2, -1000008], [4, 1000009], [1, -1000008], [0, -1000008], [6, -1000008]]",2.2330840583890676,2.28200014680624
generalization-03,generalization,10,iterative,3.1303339637815952,3.129999999998745,0.4866892351935137,1567,754,625,314,121,73,386,185,163,390,0,0,0,3,381,0,31336,30600,0,0,40240,4,"[[3, -1000006], [2, -1000008], [4, 1000009], [1, -1000008], [0, -1000008], [6, -1000008]]",3.0998331494629383,3.162875073030591
generalization-03,generalization,10,combined,2.7462500147521496,2.746999999999389,0.5547564258713864,1297,625,494,251,89,58,295,142,149,346,489,243,0,7,290,153,37320,26316,10268,136,45944,4,"[[3, -1000006], [2, -1000008], [4, 1000009], [1, -1000008], [0, -1000008], [6, -1000008]]",2.6927499566227198,2.7733747847378254
empty,phase3a,12,direct,669.1038329154253,668.5960000000009,1.0,380468,380468,118065,118065,56562,56562,87487,87487,182826,182826,0,0,0,2465,66968,2112,12954058,12953384,0,0,13895944,3,"[[3, -2], [2, -4], [4, -4], [1, -6], [5, -6], [0, -5], [6, -5]]",667.209125123918,738.232292002067
empty,phase3a,12,hints,858.9050841983408,858.3590000000002,0.7790195275650668,484234,355926,147375,108980,55182,39354,101565,74088,189950,258461,108980,22199,0,7024,81049,14629,15137836,12332384,2804716,38395,16737756,3,"[[3, -2], [2, -4], [4, -4], [1, -6], [5, -6], [0, -5], [6, -5]]",856.5431670285761,868.1230000220239
empty,phase3a,12,iterative,943.3740410022438,942.7160000000008,0.7092667423883819,543903,380468,166457,118065,75526,56562,121588,87487,182826,272565,0,0,0,3095,93453,2784,12954120,12953384,0,0,13897452,3,"[[3, -2], [2, -4], [4, -4], [1, -6], [5, -6], [0, -5], [6, -5]]",940.6305418815464,950.9752078447491
empty,phase3a,12,combined,948.9592909812927,948.3490000000004,0.7050922408099545,537051,377792,161314,113571,54400,40544,108041,76113,204402,296892,161307,31013,0,7978,87640,18854,15394352,12620772,2772844,37567,16696524,3,"[[3, -2], [2, -4], [4, -4], [1, -6], [5, -6], [0, -5], [6, -5]]",944.3655828945339,1019.1015829332173
near-opening,phase3a,12,direct,620.650582946837,620.1329999999956,1.0,340974,340974,103764,103764,53844,53844,81821,81821,153874,153874,0,0,0,4314,57688,3454,12174202,12173528,0,0,14044136,3,"[[3, -9], [2, -11], [4, -15], [1, -18], [5, -13], [0, -18], [6, -12]]",617.1487921383232,669.384874869138
near-opening,phase3a,12,hints,560.0765829440206,559.5479999999924,1.1081530666474422,302664,203223,94674,65675,38128,23788,70051,47956,98499,147538,65675,14866,0,7366,52172,10294,9438620,6996988,2440896,28999,9723836,3,"[[3, -9], [2, -11], [4, -15], [1, -18], [5, -13], [0, -18], [6, -12]]",556.2946661375463,605.103415902704
near-opening,phase3a,12,iterative,849.3748749606311,848.8590000000045,0.7307145540131551,469352,340974,140810,103764,71500,53844,109752,81821,153874,219085,0,0,0,5620,77161,4457,12174264,12173528,0,0,14045740,3,"[[3, -9], [2, -11], [4, -15], [1, -18], [5, -13], [0, -18], [6, -12]]",844.7067919187248,860.9273750334978
near-opening,phase3a,12,combined,596.1158750578761,595.706000000007,1.041157615348826,320858,220866,101652,70718,36412,26117,73820,51554,107656,160153,101645,20412,0,8678,56542,12931,9569736,7329636,2239364,23787,9867676,3,"[[3, -9], [2, -11], [4, -15], [1, -18], [5, -13], [0, -18], [6, -12]]",593.8346250914037,632.4852919206023
seeded-04,seeded,12,direct,1996.677416143939,1995.2360000000056,1.0,1089090,1089090,350545,350545,140539,140539,279168,279168,513050,513050,0,0,0,10554,201171,6794,44104294,44103620,0,0,55825696,5,"[[3, -15], [2, -6], [4, -9], [1, -4], [5, -3], [0, -6], [6, -5]]",1991.8012919370085,2054.2377498932183
seeded-04,seeded,12,hints,1378.171707969159,1376.9010000000037,1.4487871174530171,738761,485487,243008,164524,74885,45118,185071,123809,238897,369588,164524,26264,0,12275,140571,18604,21913588,16151936,5760916,78484,22536620,5,"[[3, -15], [2, -6], [4, -9], [1, -4], [5, -3], [0, -6], [6, -5]]",1376.3230829499662,1387.865582946688
seeded-04,seeded,12,iterative,2555.757457856089,2553.9119999999966,0.781246831543578,1402636,1089090,446586,350545,176136,140539,353504,279168,513050,678379,0,0,0,13200,254290,8512,44104356,44103620,0,0,55827340,5,"[[3, -15], [2, -6], [4, -9], [1, -4], [5, -3], [0, -6], [6, -5]]",2548.1527079828084,2564.78299992159
seeded-04,seeded,12,combined,1275.7900420110673,1275.0150000000247,1.5650517329611027,685776,514229,222943,169169,61130,48436,164522,125608,256982,353515,222936,30543,0,11721,126078,19609,19477608,16422324,3054548,43593,20113836,5,"[[3, -15], [2, -6], [4, -9], [1, -4], [5, -3], [0, -6], [6, -5]]",1269.3626661784947,1312.98749987036
post-hoc-tail,post-hoc-diagnostic,12,direct,3279.19983305037,3276.6640000000393,1.0,1820265,1820265,545595,545595,237803,237803,438047,438047,922517,922517,0,0,0,18858,296914,12114,57171610,57170936,0,0,59230176,4,"[[3, -12], [2, -9], [4, -4], [1, -7], [5, -11], [0, -9], [6, -8]]",3272.47037505731,3375.6312909536064
post-hoc-tail,post-hoc-diagnostic,12,hints,1969.8967079166323,1968.2300000000055,1.6646557252834135,1087595,663738,321557,201599,97564,49620,239984,146320,373219,609368,201599,31368,0,17346,169435,21770,33667492,23826016,9840740,119958,38016508,4,"[[3, -12], [2, -9], [4, -4], [1, -7], [5, -11], [0, -9], [6, -8]]",1958.0178330652416,2018.6764169484377
post-hoc-tail,post-hoc-diagnostic,12,iterative,4162.32041711919,4158.676000000014,0.7878297450535915,2334866,1820265,689154,545595,293622,237803,549111,438047,922517,1214781,0,0,0,23344,368964,14954,57171672,57170936,0,0,59231820,4,"[[3, -12], [2, -9], [4, -4], [1, -7], [5, -11], [0, -9], [6, -8]]",4159.152249805629,4263.792000012472
post-hoc-tail,post-hoc-diagnostic,12,combined,1707.6023330446333,1706.5550000000371,1.9203533337903085,955504,695527,275263,203632,63029,48693,194582,144516,402995,566544,275256,35409,0,15045,137032,20932,28832964,23927552,4904676,59372,32942220,4,"[[3, -12], [2, -9], [4, -4], [1, -7], [5, -11], [0, -9], [6, -8]]",1699.1769999731332,1745.8826249931008
